{"reward": 9.554243266582489, "episode": 87, "_timestamp": 1721261186.5270379, "epsilon": 0.05001684360945066, "_runtime": 495.7970037460327, "_step": 87, "mean_reward": 8.965819358825684, "_wandb": {"runtime": 496}}