{"reward": 9.552403330802917, "episode": 249, "_timestamp": 1721258220.749838, "epsilon": 0.07383438277155228, "_runtime": 1286.1036150455475, "_step": 249, "mean_reward": 9.304642677307129, "_wandb": {"runtime": 1285}, "sum_of_rewards": 8.911956016421318}