{"reward": 9.554243266582489, "episode": 399, "_timestamp": 1721269306.764063, "epsilon": 0.05, "_runtime": 2556.771513938904, "_step": 399, "mean_reward": 9.325980186462402, "_wandb": {"runtime": 2555}, "sum_of_rewards": 9.197899905443192}