{"reward": 9.382442951202393, "episode": 399, "_timestamp": 1721255608.550851, "epsilon": 0.0500157083879445, "_runtime": 2215.5747430324554, "_step": 399, "mean_reward": 9.321243286132812, "_wandb": {"runtime": 2214}, "sum_of_rewards": 9.171157040297985}