{"reward": 9.554243266582489, "episode": 249, "_timestamp": 1721238652.670913, "epsilon": 0.05, "mean_reward": 9.227153778076172, "_runtime": 774.0540959835052, "_step": 249, "_wandb": {"runtime": 773}, "sum_of_rewards": 9.074293616520507}