{"reward": 8.610863149166107, "episode": 399, "_timestamp": 1721239593.230672, "epsilon": 0.05, "mean_reward": 8.565901756286621, "_runtime": 1244.5657269954681, "_step": 399, "_wandb": {"runtime": 1244}, "sum_of_rewards": 8.765735897071222}