{"reward": 8.763835072517395, "episode": 399, "_timestamp": 1721249464.9670908, "epsilon": 0.05692668377425421, "_runtime": 1983.177741765976, "_step": 399, "mean_reward": 9.164166450500488, "_wandb": {"runtime": 1982}, "sum_of_rewards": 8.610697444453836}