{"reward": 9.554243266582489, "episode": 94, "_timestamp": 1721261183.7426329, "epsilon": 0.05145228840517805, "_runtime": 542.0647847652435, "_step": 94, "mean_reward": 8.951600074768066, "_wandb": {"runtime": 545}}