{"reward": 9.434666931629181, "episode": 249, "_timestamp": 1721246234.6105442, "epsilon": 0.05000020487584025, "_runtime": 1176.6947782039642, "_step": 249, "mean_reward": 8.853033065795898, "_wandb": {"runtime": 1176}, "sum_of_rewards": 8.762225302100182}