{"reward": 9.461388528347015, "episode": 649, "_timestamp": 1721300373.6210508, "epsilon": 0.05, "_runtime": 3518.078724861145, "_step": 649, "mean_reward": 9.378510475158691, "_wandb": {"runtime": 3517}, "sum_of_rewards": 9.31958926145847}