{"reward": 8.718221008777618, "episode": 39, "_timestamp": 1721230790.5588539, "epsilon": 0.0564343495244324, "mean_reward": 8.089877128601074, "_runtime": 73.46357083320618, "_step": 39, "_wandb": {"runtime": 73}}