{"reward": 9.215058982372284, "episode": 399, "_timestamp": 1721248892.636966, "epsilon": 0.0530658532970897, "_runtime": 1936.0150039196014, "_step": 399, "mean_reward": 9.063976287841797, "_wandb": {"runtime": 1935}, "sum_of_rewards": 8.767948299199343}