{"reward": 5.1348810493946075, "_timestamp": 1721224703.069941, "_runtime": 67.07889604568481, "_step": 14, "epsilon": 0.8370131006477964, "mean_reward": 5.887251377105713, "_wandb": {"runtime": 71}}