{"reward": 8.906689196825027, "episode": 399, "_timestamp": 1721260895.39301, "epsilon": 0.05, "_runtime": 2142.8143129348755, "_step": 399, "mean_reward": 9.261585235595703, "_wandb": {"runtime": 2142}, "sum_of_rewards": 9.14370996683836}