{"reward": 8.376113712787628, "episode": 29, "_timestamp": 1721230434.220202, "epsilon": 0.6307741878477927, "mean_reward": 6.905701160430908, "_runtime": 56.706788063049316, "_step": 29, "_wandb": {"runtime": 56}}