{"reward": 34.8447402715683, "_timestamp": 1721176370.945896, "_runtime": 500.38775300979614, "_step": 55, "epsilon": 0.5538820324260482, "gradients/fc2.weight": {"_type": "histogram", "values": [2.0, 0.0, 0.0, 0.0, 0.0, 0.0, 0.0, 0.0, 1.0, 0.0, 0.0, 0.0, 0.0, 0.0, 0.0, 0.0, 0.0, 0.0, 0.0, 0.0, 0.0, 0.0, 0.0, 0.0, 0.0, 0.0, 3.0, 4.0, 5.0, 7.0, 9.0, 10.0, 609.0, 3.0, 3.0, 4.0, 1.0, 2.0, 1.0, 1.0, 1.0, 0.0, 0.0, 0.0, 0.0, 1.0, 0.0, 0.0, 1.0, 0.0, 1.0, 0.0, 0.0, 1.0, 0.0, 0.0, 0.0, 0.0, 0.0, 1.0, 0.0, 0.0, 0.0, 1.0], "bins": [-0.004996730946004391, -0.0048414189368486404, -0.00468610692769289, -0.00453079491853714, -0.00437548290938139, -0.004220170900225639, -0.004064858891069889, -0.003909546881914139, -0.003754234639927745, -0.0035989226307719946, -0.0034436106216162443, -0.003288298612460494, -0.0031329863704741, -0.00297767436131835, -0.0028223623521625996, -0.0026670503430068493, -0.002511738333851099, -0.0023564263246953487, -0.0022011143155395985, -0.002045802306383848, -0.001890490180812776, -0.0017351781716570258, -0.0015798660460859537, -0.0014245540369302034, -0.0012692420277744532, -0.0011139300186187029, -0.0009586179512552917, -0.0008033058838918805, -0.0006479938747361302, -0.00049268186558038, -0.0003373697982169688, -0.00018205775995738804, -2.674618735909462e-05, 0.0001285658509004861, 0.00028387788916006684, 0.0004391899274196476, 0.0005945019656792283, 0.0007498139748349786, 0.0009051260421983898, 0.001060438109561801, 0.0012157501187175512, 0.0013710621278733015, 0.0015263741370290518, 0.0016816862626001239, 0.0018369982717558742, 0.0019923103973269463, 0.0021476224064826965, 0.002302934415638447, 0.002458246424794197, 0.0026135584339499474, 0.0027688704431056976, 0.002924182452261448, 0.003079494461417198, 0.003234806703403592, 0.0033901187125593424, 0.0035454307217150927, 0.003700742730870843, 0.003856054740026593, 0.004011366982012987, 0.004166678991168737, 0.004321991000324488, 0.004477303009480238, 0.004632615018635988, 0.0047879270277917385, 0.004943239036947489]}, "gradients/fc2.bias": {"_type": "histogram", "values": [1.0, 0.0, 0.0, 0.0, 0.0, 0.0, 0.0, 0.0, 0.0, 0.0, 0.0, 0.0, 0.0, 0.0, 0.0, 0.0, 0.0, 0.0, 0.0, 0.0, 0.0, 0.0, 0.0, 0.0, 0.0, 0.0, 0.0, 1.0, 2.0, 1.0, 3.0, 2.0, 1.0, 3.0, 0.0, 1.0, 2.0, 1.0, 0.0, 0.0, 0.0, 1.0, 0.0, 0.0, 0.0, 0.0, 0.0, 0.0, 0.0, 0.0, 1.0, 0.0, 0.0, 0.0, 0.0, 0.0, 0.0, 0.0, 0.0, 0.0, 0.0, 0.0, 0.0, 1.0], "bins": [-0.0045482441782951355, -0.0044116307981312275, -0.004275017883628607, -0.004138404503464699, -0.004001791588962078, -0.00386517820879817, -0.003728564828634262, -0.0035919516813009977, -0.0034553385339677334, -0.003318725386634469, -0.0031821122393012047, -0.0030454988591372967, -0.0029088857118040323, -0.002772272564470768, -0.00263565918430686, -0.0024990460369735956, -0.0023624328896403313, -0.002225819742307067, -0.0020892065949738026, -0.0019525932148098946, -0.0018159800674766302, -0.0016793669201433659, -0.0015427536563947797, -0.0014061403926461935, -0.0012695272453129292, -0.0011329140979796648, -0.0009963008342310786, -0.0008596876286901534, -0.0007230744231492281, -0.0005864612176083028, -0.00044984801206737757, -0.0003132348065264523, -0.00017662160098552704, -4.0008395444601774e-05, 9.660481009632349e-05, 0.00023321801563724875, 0.000369831221178174, 0.0005064444267190993, 0.0006430576322600245, 0.0007796708378009498, 0.0009162840433418751, 0.0010528971906751394, 0.0011895104544237256, 0.0013261237181723118, 0.0014627368655055761, 0.0015993500128388405, 0.0017359632765874267, 0.0018725765403360128, 0.002009189687669277, 0.0021458028350025415, 0.002282415982335806, 0.002419029362499714, 0.0025556425098329782, 0.0026922556571662426, 0.0028288690373301506, 0.002965482184663415, 0.0031020953319966793, 0.0032387084793299437, 0.003375321626663208, 0.003511935006827116, 0.0036485481541603804, 0.0037851613014936447, 0.003921774681657553, 0.004058387596160173, 0.004195000976324081]}, "gradients/fc1.weight": {"_type": "histogram", "values": [2.0, 0.0, 1017.0, 1.0, 0.0, 0.0, 0.0, 0.0, 0.0, 0.0, 0.0, 0.0, 0.0, 0.0, 0.0, 0.0, 0.0, 0.0, 0.0, 0.0, 0.0, 0.0, 0.0, 0.0, 0.0, 0.0, 0.0, 0.0, 0.0, 0.0, 1.0, 0.0, 0.0, 0.0, 0.0, 0.0, 0.0, 0.0, 0.0, 0.0, 0.0, 0.0, 0.0, 0.0, 0.0, 0.0, 0.0, 1.0, 0.0, 0.0, 0.0, 0.0, 0.0, 0.0, 0.0, 0.0, 0.0, 0.0, 0.0, 0.0, 1.0, 0.0, 0.0, 1.0], "bins": [-0.00032121819094754755, -0.00018276290211360902, -4.430761327967048e-05, 9.414767555426806e-05, 0.0002326029643882066, 0.0003710582386702299, 0.0005095135420560837, 0.0006479688454419374, 0.0007864241488277912, 0.0009248793940059841, 0.0010633347555994987, 0.0012017899425700307, 0.0013402452459558845, 0.0014787005493417382, 0.001617155852727592, 0.0017556111561134458, 0.0018940664594992995, 0.0020325216464698315, 0.0021709769498556852, 0.002309432253241539, 0.0024478875566273928, 0.0025863428600132465, 0.0027247981633991003, 0.002863253466784954, 0.003001708770170808, 0.0031401640735566616, 0.0032786193769425154, 0.003417074680328369, 0.003555529983714223, 0.0036939852871000767, 0.003832440357655287, 0.003970895893871784, 0.004109351430088282, 0.004247806500643492, 0.004386262036859989, 0.004524717107415199, 0.004663172643631697, 0.004801627714186907, 0.004940083250403404, 0.005078538320958614, 0.005216993857175112, 0.005355448927730322, 0.005493904463946819, 0.005632359534502029, 0.005770815070718527, 0.005909270141273737, 0.006047725677490234, 0.0061861807480454445, 0.006324635818600655, 0.006463091354817152, 0.006601546425372362, 0.0067400019615888596, 0.00687845703214407, 0.007016912568360567, 0.007155367638915777, 0.007293823175132275, 0.007432278245687485, 0.007570733781903982, 0.007709188852459192, 0.00784764438867569, 0.0079860994592309, 0.00812455452978611, 0.008263010531663895, 0.008401465602219105, 0.008539920672774315]}, "gradients/fc1.bias": {"_type": "histogram", "values": [1.0, 0.0, 0.0, 0.0, 0.0, 0.0, 0.0, 0.0, 0.0, 0.0, 0.0, 0.0, 28.0, 0.0, 0.0, 0.0, 0.0, 0.0, 0.0, 0.0, 0.0, 0.0, 0.0, 0.0, 0.0, 0.0, 0.0, 0.0, 1.0, 0.0, 0.0, 0.0, 0.0, 0.0, 0.0, 0.0, 0.0, 0.0, 0.0, 0.0, 0.0, 0.0, 0.0, 0.0, 0.0, 0.0, 0.0, 0.0, 0.0, 0.0, 0.0, 0.0, 0.0, 0.0, 1.0, 0.0, 0.0, 0.0, 0.0, 0.0, 0.0, 0.0, 0.0, 1.0], "bins": [-0.00021655583987012506, -0.00019899966719094664, -0.00018144349451176822, -0.0001638873218325898, -0.0001463311491534114, -0.00012877497647423297, -0.00011121880379505455, -9.366263111587614e-05, -7.610645843669772e-05, -5.8550285757519305e-05, -4.099411307834089e-05, -2.343794039916247e-05, -5.8817677199840546e-06, 1.1674404959194362e-05, 2.923057763837278e-05, 4.6786750317551196e-05, 6.434292299672961e-05, 8.189909567590803e-05, 9.945526835508645e-05, 0.00011701144103426486, 0.00013456761371344328, 0.0001521237863926217, 0.0001696799590718001, 0.00018723613175097853, 0.00020479230443015695, 0.00022234847710933536, 0.00023990464978851378, 0.00025746080791577697, 0.0002750169951468706, 0.00029257318237796426, 0.00031012934050522745, 0.00032768549863249063, 0.00034524162765592337, 0.000362797814887017, 0.0003803539730142802, 0.0003979101311415434, 0.00041546631837263703, 0.0004330225056037307, 0.00045057866373099387, 0.00046813482185825706, 0.0004856910090893507, 0.0005032471963204443, 0.000520803383551538, 0.0005383595125749707, 0.0005559156998060644, 0.000573471887037158, 0.0005910280160605907, 0.0006085842032916844, 0.000626140390522778, 0.0006436965777538717, 0.0006612527649849653, 0.0006788088940083981, 0.0006963650812394917, 0.0007139212684705853, 0.0007314773974940181, 0.0007490335847251117, 0.0007665897719562054, 0.000784145959187299, 0.0008017021464183927, 0.0008192582754418254, 0.000836814462672919, 0.0008543706499040127, 0.0008719267789274454, 0.0008894829661585391, 0.0009070391533896327]}, "gradients/fc_vehicle_count.weight": {"_type": "histogram",