{"reward": 8.716783046722412, "episode": 59, "_timestamp": 1721233245.569194, "epsilon": 0.050000000000959645, "mean_reward": 8.698517799377441, "_runtime": 124.35081100463867, "_step": 59, "_wandb": {"runtime": 123}, "sum_of_rewards": 8.391817956838919}