{"reward": 9.554243266582489, "episode": 378, "_timestamp": 1721579446.503318, "epsilon": 0.05, "_runtime": 797.7704911231995, "_step": 378, "mean_reward": 9.412981986999512, "_wandb": {"runtime": 797}}