{"reward": 9.500746846199036, "episode": 649, "_timestamp": 1721301113.895939, "epsilon": 0.05, "_runtime": 3535.672446012497, "_step": 649, "mean_reward": 9.343976974487305, "_wandb": {"runtime": 3534}, "sum_of_rewards": 9.198233206914022}