{"reward": 9.45171594619751, "episode": 249, "_timestamp": 1721255648.9055161, "epsilon": 0.05000000000001271, "_runtime": 1414.40762925148, "_step": 249, "mean_reward": 9.353918075561523, "_wandb": {"runtime": 1413}, "sum_of_rewards": 9.19869289791584}