{"reward": 8.678512394428253, "episode": 49, "_timestamp": 1721232321.232675, "epsilon": 0.06815894746671292, "_runtime": 119.16519808769226, "_step": 49, "mean_reward": 6.8441057205200195, "_wandb": {"runtime": 118}, "sum_of_rewards": 6.844105660915375}