{"reward": 8.816882759332657, "episode": 249, "_timestamp": 1721241803.2810292, "epsilon": 0.05853844810933638, "_runtime": 1224.284883260727, "_step": 249, "mean_reward": 9.300603866577148, "_wandb": {"runtime": 1261}, "sum_of_rewards": 9.087941256880761}