{"reward": 9.407369315624237, "_timestamp": 1721229858.722162, "_runtime": 5071.493006944656, "_step": 1073, "epsilon": 0.05009256011763599, "mean_reward": 9.186802864074707, "gradients/fc2.weight": {"_type": "histogram", "values": [1.0, 0.0, 0.0, 0.0, 0.0, 0.0, 0.0, 0.0, 0.0, 0.0, 0.0, 0.0, 0.0, 0.0, 0.0, 2.0, 2.0, 5.0, 2.0, 1323.0, 0.0, 2.0, 1.0, 2.0, 1.0, 0.0, 1.0, 0.0, 0.0, 0.0, 0.0, 0.0, 0.0, 0.0, 0.0, 0.0, 0.0, 0.0, 0.0, 0.0, 1.0, 0.0, 0.0, 0.0, 0.0, 0.0, 0.0, 0.0, 0.0, 0.0, 0.0, 0.0, 0.0, 0.0, 0.0, 0.0, 0.0, 0.0, 0.0, 0.0, 0.0, 0.0, 0.0, 1.0], "bins": [-0.0046056839637458324, -0.00437427731230855, -0.004142870660871267, -0.003911464009433985, -0.003680057357996702, -0.0034486507065594196, -0.003217244055122137, -0.0029858374036848545, -0.002754430752247572, -0.0025230241008102894, -0.002291617449373007, -0.0020602107979357243, -0.0018288041464984417, -0.0015973974950611591, -0.0013659908436238766, -0.001134584192186594, -0.0009031775407493114, -0.0006717708893120289, -0.0004403642378747463, -0.00020895758643746376, 2.2449064999818802e-05, 0.00025385571643710136, 0.0004852623678743839, 0.0007166690193116665, 0.000948075670748949, 0.0011794823221862316, 0.0014108889736235142, 0.0016422956250607967, 0.0018737022764980793, 0.002105108927935362, 0.0023365155793726444, 0.002567922230809927, 0.002799329347908497, 0.0030307359993457794, 0.003262142650783062, 0.0034935493022203445, 0.003724955953657627, 0.00395636260509491, 0.004187769256532192, 0.004419175907969475, 0.004650582559406757, 0.00488198921084404, 0.0051133958622813225, 0.005344802513718605, 0.005576209165155888, 0.00580761581659317, 0.006039022468030453, 0.006270429119467735, 0.006501835770905018, 0.0067332424223423, 0.006964649073779583, 0.0071960557252168655, 0.007427462376654148, 0.007658869028091431, 0.007890275679528713, 0.008121682330965996, 0.008353088982403278, 0.008584495633840561, 0.008815902285277843, 0.009047308936715126, 0.009278715588152409, 0.009510122239589691, 0.009741528891026974, 0.009972935542464256, 0.010204342193901539]}, "gradients/fc2.bias": {"_type": "histogram", "values": [1.0, 0.0, 0.0, 0.0, 0.0, 0.0, 0.0, 0.0, 1.0, 0.0, 0.0, 0.0, 3.0, 1.0, 3.0, 8.0, 0.0, 0.0, 0.0, 1.0, 0.0, 0.0, 0.0, 0.0, 1.0, 0.0, 0.0, 0.0, 0.0, 0.0, 0.0, 0.0, 0.0, 0.0, 0.0, 0.0, 0.0, 0.0, 0.0, 0.0, 0.0, 0.0, 0.0, 0.0, 0.0, 0.0, 1.0, 0.0, 0.0, 0.0, 0.0, 0.0, 0.0, 0.0, 0.0, 0.0, 0.0, 0.0, 0.0, 0.0, 0.0, 0.0, 0.0, 1.0], "bins": [-0.007785208523273468, -0.007275907322764397, -0.006766606122255325, -0.006257304456084967, -0.005748003255575895, -0.005238702055066824, -0.004729400388896465, -0.004220099188387394, -0.0037107979878783226, -0.0032014967873692513, -0.0026921953540295362, -0.0021828939206898212, -0.00167359272018075, -0.0011642914032563567, -0.0006549900863319635, -0.00014568876940757036, 0.0003636125475168228, 0.000872913864441216, 0.0013822151813656092, 0.0018915164982900023, 0.0024008178152143955, 0.002910119015723467, 0.003419420449063182, 0.003928721882402897, 0.004438023082911968, 0.00494732428342104, 0.005456625483930111, 0.00596592715010047, 0.006475228350609541, 0.006984529551118612, 0.007493831217288971, 0.008003132417798042, 0.008512433618307114, 0.009021734818816185, 0.009531036019325256, 0.010040337219834328, 0.010549638420343399, 0.011058940552175045, 0.011568241752684116, 0.012077542953193188, 0.012586844153702259, 0.01309614535421133, 0.013605446554720402, 0.014114747755229473, 0.014624049887061119, 0.01513335108757019, 0.015642652288079262, 0.016151953488588333, 0.016661254689097404, 0.017170555889606476, 0.017679857090115547, 0.01818915829062462, 0.01869845949113369, 0.01920776069164276, 0.019717061892151833, 0.020226363092660904, 0.020735666155815125, 0.021244967356324196, 0.021754268556833267, 0.02226356975734234, 0.02277287095785141, 0.02328217215836048, 0.023791473358869553, 0.024300774559378624, 0.024810075759887695]}, "gradients/fc1.weight": {"_type": "histogram", "values": [1.0, 8187.0, 0.0, 1.0, 0.0, 0.0, 0.0, 0.0, 1.0, 1.0, 0.0, 0.0, 0.0, 0.0, 0.0, 0.0, 0.0, 0.0, 0.0, 0.0, 0.0, 0.0, 0.0, 0.0, 0.0, 0.0, 0.0, 0.0, 0.0, 0.0, 0.0, 0.0, 0.0, 0.0, 0.0, 0.0, 0.0, 0.0, 0.0, 0.0, 0.0, 0.0, 0.0, 0.0, 0.0, 0.0, 0.0, 0.0, 0.0, 0.0, 0.0, 0.0, 0.0, 0.0, 0.0, 0.0, 0.0, 0.0, 0.0, 0.0, 0.0, 0.0, 0.0, 1.0], "bins": [-0.0002819569781422615, -0.00012153979332651943, 3.8877391489222646e-05, 0.00019929457630496472, 0.0003597117611207068, 0.0005201289313845336, 0.0006805461598560214, 0.0008409633301198483, 0.001001380500383675, 0.001161797670647502, 0.0013222148409113288, 0.0014826320111751556, 0.0016430492978543043, 0.0018034664681181312, 0.001963883638381958, 0.002124300692230463, 0.0022847179789096117, 0.0024451352655887604, 0.0026055523194372654, 0.002765969606116414, 0.002926386659964919, 0.0030868039466440678, 0.003247221000492573, 0.0034076382871717215, 0.00356805557385087, 0.003728472627699375, 0.003888889914378524, 0.0040493072010576725, 0.0042097242549061775, 0.0043701413087546825, 0.0045305583626031876, 0.00469097588211298, 0.004851392935961485, 0.00501180998980999, 0.005172227509319782, 0.005332644563168287, 0.005493061617016792, 0.005653478670865297, 0.00581389619037509, 0.005974313244223595, 0.0061347302980721, 0.006295147817581892, 0.006455564871430397, 0.006615981925278902, 0.006776398979127407, 0.006936816498637199, 0.007097233552485704, 0.0072576506063342094, 0.007418068125844002, 0.007578485179692507, 0.007738902233541012, 0.007899319753050804, 0.008059736341238022, 0.008220153860747814, 0.008380571380257607, 0.008540987968444824, 0.008701405487954617, 0.008861823007464409, 0.009022239595651627, 0.009182657115161419, 0.009343073703348637, 0.009503491222858429, 0.009663908742368221, 0.009824325330555439, 0.009984742850065231]}, "gradients/fc1.bias": {"_type": "histogram", "values": [1.0, 0.0, 0.0, 1.0, 0.0, 1.0, 0.0, 0.0, 1.0, 59.0, 0.0, 0.0, 0.0, 0.0, 0.0, 0.0, 0.0, 0.0, 0.0, 0.0, 0.0, 0.0, 0.0, 0.0, 0.0, 0.0, 0.0, 0.0, 0.0, 0.0, 0.0, 0.0, 0.0, 0.0, 0.0, 0.0, 0.0, 0.0, 0.0, 0.0, 0.0, 0.0, 0.0, 0.0, 0.0, 0.0, 0.0, 0.0, 0.0, 0.0, 0.0, 0.0, 0.0, 0.0, 0.0, 0.0, 0.0, 0.0, 0.0, 0.0, 0.0, 0.0, 0.0, 1.0], "bins": [-0.0010918419575318694, -0.0009756326326169074, -0.0008594233077019453, -0.0007432139827869833, -0.0006270046578720212, -0.0005107952747493982, -0.0003945859498344362, -0.0002783766249194741, -0.00016216730000451207, -4.5957967813592404e-05, 7.025136437732726e-05, 0.00018646070384420455, 0.0003026700287591666, 0.00041887935367412865, 0.0005350887076929212, 0.0006512980326078832, 0.0007675073575228453, 0.0008837166824378073, 0.0009999260073527694, 0.0011161353904753923, 0.0012323446571826935, 0.0013485540403053164, 0.0014647633070126176, 0.0015809726901352406, 0.0016971819568425417, 0.0018133913399651647, 0.0019296007230877876, 0.0020458099897950888, 0.00216201925650239, 0.0022782287560403347, 0.002394438022747636, 0.002510647289454937, 0.002626856556162238, 0.0027430658228695393, 0.002859275322407484, 0.002975484589114785, 0.0030916938558220863, 0.0032079031225293875, 0.0033241126220673323, 0.0034403218887746334, 0.0035565311554819345, 0.0036727406550198793, 0.0037889499217271805, 0.0039051591884344816, 0.004021368455141783, 0.0041375779546797276, 0.004253786988556385, 0.00436999648809433, 0.004486205987632275, 0.004602415021508932, 0.004718624521046877, 0.004834834020584822, 0.004951043054461479, 0.005067252553999424, 0.005183462053537369, 0.005299671087414026, 0.005415880586951971, 0.005532090086489916, 0.005648299120366573, 0.005764508619904518, 0.005880717653781176, 0.00599692715331912, 0.006113136652857065, 0.006229345686733723, 0.0063455551862716675]}, "gradients/fc_vehicle_count.weight": {"_type": "histogram", "values": [378.0, 0.0, 0.0, 0.0, 0.0, 0.0, 0.0, 0.0, 0.0, 1.0, 0.0, 0.0, 0.0, 0.0, 0.0, 1.0, 0.0, 0.0, 0.0, 1.0, 1.0, 0.0, 0.0, 0.0, 1.0, 0.0, 0.0, 0.0, 0.0, 0.0, 0.0, 0.0, 0.0, 0.0, 0.0, 0.0, 0.0, 0.0, 0.0, 0.0, 0.0, 0.0, 0.0, 0.0, 0.0, 0.0, 0.0, 0.0, 0.0, 0.0, 0.0, 0.0, 0.0, 0.0, 0.0, 0.0, 0.0, 0.0, 0.0, 0.0, 0.0, 0.0, 0.0, 1.0],