{"reward": 9.427047967910767, "_timestamp": 1721229859.781253, "_runtime": 5079.35630607605, "_step": 1091, "epsilon": 0.05, "mean_reward": 8.831849098205566, "gradients/fc2.weight": {"_type": "histogram", "values": [1.0, 0.0, 1.0, 0.0, 0.0, 0.0, 0.0, 0.0, 0.0, 0.0, 0.0, 0.0, 0.0, 0.0, 0.0, 0.0, 0.0, 0.0, 1.0, 0.0, 0.0, 0.0, 0.0, 0.0, 0.0, 0.0, 1.0, 2.0, 1.0, 0.0, 0.0, 1.0, 1.0, 0.0, 1.0, 1.0, 0.0, 1.0, 4.0, 1.0, 0.0, 1.0, 5.0, 1.0, 6.0, 2.0, 4.0, 10.0, 9.0, 11.0, 17.0, 30.0, 2498.0, 38.0, 16.0, 6.0, 9.0, 1.0, 3.0, 0.0, 1.0, 1.0, 0.0, 2.0], "bins": [-0.25751855969429016, -0.2526301443576813, -0.2477417290210724, -0.2428532987833023, -0.23796488344669342, -0.23307646811008453, -0.22818805277347565, -0.22329963743686676, -0.21841120719909668, -0.2135227918624878, -0.2086343765258789, -0.20374596118927002, -0.19885754585266113, -0.19396913051605225, -0.18908070027828217, -0.18419228494167328, -0.1793038696050644, -0.1744154542684555, -0.16952703893184662, -0.16463860869407654, -0.15975019335746765, -0.15486177802085876, -0.14997336268424988, -0.145084947347641, -0.1401965320110321, -0.13530810177326202, -0.13041968643665314, -0.12553127110004425, -0.12064285576343536, -0.11575443297624588, -0.110866017639637, -0.10597759485244751, -0.10108916461467743, -0.09620074927806854, -0.09131232649087906, -0.08642391115427017, -0.08153548836708069, -0.0766470730304718, -0.07175865769386292, -0.06687023490667343, -0.061981819570064545, -0.05709340050816536, -0.052204981446266174, -0.04731656610965729, -0.0424281470477581, -0.03753972798585892, -0.03265131264925003, -0.027762893587350845, -0.02287447452545166, -0.017986055463552475, -0.013097638264298439, -0.008209220133721828, -0.003320802003145218, 0.0015676161274313927, 0.006456034258008003, 0.011344452388584614, 0.016232870519161224, 0.02112128958106041, 0.026009706780314445, 0.03089812397956848, 0.03578654304146767, 0.04067496210336685, 0.04556337743997574, 0.050451796501874924, 0.05534021556377411]}, "gradients/fc2.bias": {"_type": "histogram", "values": [1.0, 0.0, 0.0, 0.0, 0.0, 0.0, 0.0, 0.0, 0.0, 0.0, 0.0, 0.0, 0.0, 0.0, 0.0, 0.0, 0.0, 0.0, 0.0, 0.0, 0.0, 0.0, 0.0, 0.0, 0.0, 0.0, 0.0, 0.0, 0.0, 1.0, 0.0, 0.0, 1.0, 0.0, 0.0, 0.0, 0.0, 0.0, 0.0, 0.0, 0.0, 0.0, 0.0, 1.0, 0.0, 0.0, 0.0, 1.0, 1.0, 0.0, 0.0, 0.0, 2.0, 9.0, 1.0, 0.0, 0.0, 1.0, 1.0, 0.0, 0.0, 0.0, 0.0, 1.0], "bins": [-0.03728250041604042, -0.036585740745067596, -0.035888977348804474, -0.03519221767783165, -0.03449545428156853, -0.0337986946105957, -0.03310193121433258, -0.032405171543359756, -0.031708408147096634, -0.03101164847612381, -0.030314886942505836, -0.029618125408887863, -0.02892136387526989, -0.028224602341651917, -0.027527840808033943, -0.02683107927441597, -0.026134317740797997, -0.025437556207180023, -0.02474079467356205, -0.024044033139944077, -0.023347271606326103, -0.02265051007270813, -0.021953748539090157, -0.021256987005472183, -0.02056022733449936, -0.019863465800881386, -0.019166704267263412, -0.01846994273364544, -0.017773181200027466, -0.017076419666409492, -0.01637965813279152, -0.015682896599173546, -0.014986133202910423, -0.01428937166929245, -0.013592610135674477, -0.012895848602056503, -0.01219908706843853, -0.011502326466143131, -0.010805564932525158, -0.010108803398907185, -0.009412041865289211, -0.008715280331671238, -0.008018518798053265, -0.007321757730096579, -0.006624996196478605, -0.005928234662860632, -0.005231473594903946, -0.004534712061285973, -0.0038379505276679993, -0.003141188994050026, -0.0024444276932626963, -0.0017476662760600448, -0.0010509048588573933, -0.00035414344165474176, 0.00034261797554790974, 0.0010393793927505612, 0.0017361408099532127, 0.002432902343571186, 0.0031296636443585157, 0.0038264249451458454, 0.004523186478763819, 0.005219948012381792, 0.005916709080338478, 0.006613470613956451, 0.007310232147574425]}, "gradients/fc1.weight": {"_type": "histogram", "values": [1.0, 0.0, 1.0, 1.0, 0.0, 0.0, 0.0, 0.0, 0.0, 0.0, 1.0, 0.0, 1.0, 3.0, 0.0, 3.0, 0.0, 0.0, 1.0, 1.0, 2.0, 0.0, 5.0, 6.0, 3.0, 2.0, 4.0, 4.0, 2.0, 7.0, 4.0, 8.0, 9.0, 5.0, 8.0, 9.0, 8.0, 11.0, 7.0, 14.0, 11.0, 14.0, 13.0, 23.0, 24.0, 32.0, 32.0, 62.0, 63.0, 101.0, 163.0, 274.0, 663.0, 14500.0, 149.0, 47.0, 30.0, 20.0, 12.0, 8.0, 5.0, 3.0, 2.0, 2.0], "bins": [-0.13238488137722015, -0.12990155816078186, -0.12741823494434357, -0.12493491172790527, -0.12245158851146698, -0.11996826529502869, -0.1174849420785904, -0.1150016188621521, -0.1125182956457138, -0.11003496497869492, -0.10755164176225662, -0.10506831854581833, -0.10258499532938004, -0.10010167211294174, -0.09761834889650345, -0.09513502568006516, -0.09265170246362686, -0.09016837924718857, -0.08768505603075027, -0.08520173281431198, -0.08271840959787369, -0.0802350863814354, -0.0777517631649971, -0.07526843994855881, -0.07278510928153992, -0.07030178606510162, -0.06781846284866333, -0.06533513963222504, -0.06285181641578674, -0.06036849319934845, -0.057885169982910156, -0.05540184676647186, -0.052918531000614166, -0.05043520778417587, -0.04795188456773758, -0.045468561351299286, -0.04298523813486099, -0.0405019111931324, -0.03801858797669411, -0.035535264760255814, -0.03305194154381752, -0.030568618327379227, -0.028085295110940933, -0.02560197003185749, -0.023118646815419197, -0.020635323598980904, -0.01815199851989746, -0.015668675303459167, -0.013185352087020874, -0.01070202887058258, -0.008218704722821712, -0.005735381040722132, -0.003252057358622551, -0.0007687336765229702, 0.0017145900055766106, 0.004197913687676191, 0.006681237369775772, 0.009164560586214066, 0.011647884733974934, 0.014131208881735802, 0.016614532098174095, 0.01909785531461239, 0.02158118039369583, 0.024064503610134125, 0.026547826826572418]}, "gradients/fc1.bias": {"_type": "histogram", "values": [1.0, 0.0, 0.0, 0.0, 0.0, 0.0, 0.0, 0.0, 0.0, 0.0, 0.0, 0.0, 0.0, 1.0, 2.0, 0.0, 0.0, 0.0, 0.0, 0.0, 0.0, 1.0, 0.0, 0.0, 0.0, 0.0, 1.0, 1.0, 0.0, 0.0, 1.0, 1.0, 2.0, 0.0, 1.0, 0.0, 0.0, 0.0, 0.0, 1.0, 1.0, 1.0, 0.0, 1.0, 1.0, 0.0, 1.0, 0.0, 4.0, 1.0, 1.0, 1.0, 4.0, 89.0, 3.0, 0.0, 1.0, 1.0, 2.0, 0.0, 0.0, 1.0, 1.0, 1.0], "bins": [-0.004510033875703812, -0.004426256287842989, -0.004342478699982166, -0.004258701112121344, -0.004174923058599234, -0.004091145470738411, -0.004007367882877588, -0.003923590295016766, -0.003839812707155943, -0.0037560348864644766, -0.003672257298603654, -0.0035884797107428312, -0.003504701890051365, -0.0034209243021905422, -0.0033371467143297195, -0.003253368893638253, -0.0031695913057774305, -0.003085813717916608, -0.0030020358972251415, -0.002918258309364319, -0.002834480721503496, -0.00275070290081203, -0.002666925312951207, -0.0025831477250903845, -0.002499369904398918, -0.0024155923165380955, -0.002331814728677273, -0.00224803714081645, -0.002164259320124984, -0.002080481732264161, -0.0019967041444033384, -0.001912926440127194, -0.0018291485030204058, -0.0017453707987442613, -0.0016615932108834386, -0.001577815506607294, -0.0014940379187464714, -0.001410260214470327, -0.0013264825101941824, -0.0012427049223333597, -0.0011589272180572152, -0.0010751495137810707, -0.000991371925920248, -0.0009075942216441035, -0.0008238165755756199, -0.0007400389295071363, -0.0006562612252309918, -0.0005724835791625082, -0.0004887059330940247, -0.00040492828702554107, -0.000321150611853227, -0.0002373729512328282, -0.00015359529061242938, -6.981762999203056e-05, 1.3960030628368258e-05, 9.773769124876708e-05, 0.0001815153518691659, 0.0002652929979376495, 0.00034907067310996354, 0.0004328483482822776, 0.0005166259943507612, 0.0006004036404192448, 0.0006841813446953893, 0.0007679589907638729, 0.0008517366368323565]}, "gradients/fc_vehicle_count.weight": {"_type": "histogram",