{"reward": 6.436943560838699, "_timestamp": 1721224490.028755, "_runtime": 183.96108102798462, "_step": 38, "epsilon": 0.8282197025349206, "mean_reward": 6.493906021118164, "_wandb": {"runtime": 191}}