{"reward": 41.37957885861397, "_timestamp": 1721221266.784055, "_runtime": 151.68605589866638, "_step": 5, "epsilon": 0.38979695385213786}