{"reward": 40.65172231197357, "_timestamp": 1721223029.4375198, "_runtime": 28.6856427192688, "_step": 1, "epsilon": 0.17228616846037126}