{"reward": 9.552403330802917, "episode": 399, "_timestamp": 1721253525.360856, "epsilon": 0.053842197851608806, "_runtime": 2053.015032052994, "_step": 399, "mean_reward": 9.327203750610352, "_wandb": {"runtime": 2052}, "sum_of_rewards": 9.050228450745344}