{"reward": 9.488040268421173, "episode": 399, "_timestamp": 1721238379.322478, "epsilon": 0.05, "mean_reward": 9.331989288330078, "_runtime": 1414.97194814682, "_step": 399, "_wandb": {"runtime": 1414}, "sum_of_rewards": 9.04242227850052}