{"reward": 8.76597660779953, "episode": 249, "_timestamp": 1721248200.348617, "epsilon": 0.050000148974548755, "_runtime": 1243.8556871414185, "_step": 249, "mean_reward": 9.220730781555176, "_wandb": {"runtime": 1242}, "sum_of_rewards": 8.990121418118477}