{"reward": 9.552362382411957, "episode": 59, "_timestamp": 1721233567.573222, "epsilon": 0.050000000000000065, "mean_reward": 9.186125755310059, "_runtime": 123.34437799453735, "_step": 59, "_wandb": {"runtime": 122}, "sum_of_rewards": 8.333000720254445}