{"reward": 5.496598422527313, "_timestamp": 1721224493.915466, "_runtime": 182.58939909934998, "_step": 38, "epsilon": 0.5540268539340205, "mean_reward": 6.642244815826416, "_wandb": {"runtime": 186}}