{"reward": 6.380520850419998, "_timestamp": 1721224707.1333508, "_runtime": 70.47379183769226, "_step": 17, "epsilon": 0.4219994286331379, "mean_reward": 5.887482166290283, "_wandb": {"runtime": 71}}