{"reward": 6.908323585987091, "_timestamp": 1721224168.198303, "_runtime": 601.9012629985809, "_step": 311, "epsilon": 0.7383854680630411, "mean_reward": 6.867824554443359, "gradients/fc2.weight": {"_type": "histogram", "values": [1.0, 0.0, 0.0, 0.0, 0.0, 0.0, 0.0, 0.0, 0.0, 0.0, 0.0, 0.0, 0.0, 2.0, 0.0, 1.0, 1.0, 2.0, 1.0, 0.0, 2.0, 1.0, 1.0, 2.0, 1.0, 2.0, 6.0, 2.0, 8.0, 10.0, 9.0, 15.0, 1245.0, 7.0, 8.0, 3.0, 1.0, 2.0, 1.0, 2.0, 1.0, 0.0, 0.0, 0.0, 1.0, 2.0, 0.0, 1.0, 0.0, 2.0, 0.0, 0.0, 0.0, 0.0, 0.0, 0.0, 0.0, 0.0, 0.0, 0.0, 0.0, 0.0, 0.0, 1.0], "bins": [-0.002260744571685791, -0.002191016683354974, -0.0021212890278548002, -0.002051561139523983, -0.0019818334840238094, -0.0019121055956929922, -0.001842377707362175, -0.0017726499354466796, -0.0017029221635311842, -0.0016331943916156888, -0.0015634666197001934, -0.0014937387313693762, -0.0014240109594538808, -0.0013542831875383854, -0.0012845552992075682, -0.0012148275272920728, -0.0011450997553765774, -0.001075371983461082, -0.0010056442115455866, -0.0009359163232147694, -0.000866188551299274, -0.0007964607793837786, -0.0007267329492606223, -0.000657005119137466, -0.0005872773472219706, -0.0005175495753064752, -0.00044782174518331885, -0.000378093944163993, -0.00030836614314466715, -0.0002386383421253413, -0.00016891054110601544, -9.918274008668959e-05, -2.9454706236720085e-05, 4.027309478260577e-05, 0.00011000089580193162, 0.00017972869682125747, 0.0002494564978405833, 0.0003191842988599092, 0.00038891209987923503, 0.0004586399008985609, 0.0005283677019178867, 0.0005980954738333821, 0.0006678233039565384, 0.0007375511340796947, 0.0008072789059951901, 0.0008770066779106855, 0.0009467345080338418, 0.0010164623381569982, 0.0010861901100724936, 0.001155917881987989, 0.0012256456539034843, 0.0012953735422343016, 0.001365101314149797, 0.0014348290860652924, 0.0015045569743961096, 0.001574284746311605, 0.0016440125182271004, 0.0017137402901425958, 0.0017834680620580912, 0.0018531959503889084, 0.0019229237223044038, 0.001992651494219899, 0.0020623793825507164, 0.00213210703805089, 0.002201834926381707]}, "gradients/fc2.bias": {"_type": "histogram", "values": [1.0, 0.0, 0.0, 1.0, 0.0, 0.0, 0.0, 0.0, 1.0, 1.0, 0.0, 0.0, 0.0, 0.0, 0.0, 0.0, 0.0, 0.0, 1.0, 2.0, 0.0, 1.0, 0.0, 1.0, 2.0, 1.0, 0.0, 1.0, 0.0, 0.0, 1.0, 0.0, 0.0, 1.0, 1.0, 0.0, 1.0, 0.0, 1.0, 0.0, 0.0, 0.0, 1.0, 0.0, 0.0, 0.0, 0.0, 0.0, 0.0, 0.0, 0.0, 1.0, 0.0, 0.0, 0.0, 0.0, 0.0, 0.0, 0.0, 0.0, 0.0, 0.0, 0.0, 1.0], "bins": [-0.00257869902998209, -0.0024954713881015778, -0.0024122437462210655, -0.002329016337171197, -0.0022457886952906847, -0.0021625610534101725, -0.0020793334115296602, -0.001996105769649148, -0.0019128782441839576, -0.0018296506023034453, -0.001746423076838255, -0.0016631954349577427, -0.0015799677930772305, -0.00149674026761204, -0.0014135126257315278, -0.0013302851002663374, -0.0012470574583858252, -0.001163829816505313, -0.0010806022910401225, -0.0009973746491596103, -0.000914147065486759, -0.0008309194818139076, -0.0007476918399333954, -0.0006644642562605441, -0.0005812366725876927, -0.0004980090889148414, -0.00041478147613815963, -0.00033155386336147785, -0.00024832627968862653, -0.00016509868146385998, -8.187108323909342e-05, 1.3565149856731296e-06, 8.458411321043968e-05, 0.00016781171143520623, 0.0002510393096599728, 0.00033426692243665457, 0.0004174945061095059, 0.0005007220897823572, 0.0005839497316628695, 0.0006671773153357208, 0.0007504048990085721, 0.0008336324826814234, 0.0009168600663542747, 0.001000087708234787, 0.0010833153501152992, 0.0011665428755804896, 0.0012497705174610019, 0.0013329980429261923, 0.0014162256848067045, 0.0014994533266872168, 0.0015826808521524072, 0.0016659084940329194, 0.0017491360194981098, 0.001832363661378622, 0.0019155913032591343, 0.0019988189451396465, 0.0020820465870201588, 0.0021652739960700274, 0.0022485016379505396, 0.002331729279831052, 0.002414956921711564, 0.0024981845635920763, 0.002581411972641945, 0.002664639614522457, 0.0027478672564029694]}, "gradients/fc1.weight": {"_type": "histogram", "values": [1.0, 0.0, 1.0, 0.0, 0.0, 0.0, 0.0, 0.0, 0.0, 0.0, 0.0, 0.0, 0.0, 0.0, 0.0, 0.0, 0.0, 0.0, 0.0, 0.0, 0.0, 0.0, 0.0, 1.0, 0.0, 0.0, 0.0, 0.0, 0.0, 0.0, 0.0, 0.0, 0.0, 0.0, 0.0, 0.0, 0.0, 0.0, 1.0, 0.0, 2042.0, 0.0, 0.0, 0.0, 0.0, 0.0, 0.0, 0.0, 0.0, 0.0, 0.0, 0.0, 0.0, 0.0, 0.0, 0.0, 0.0, 1.0, 0.0, 0.0, 0.0, 0.0, 0.0, 1.0], "bins": [-0.001810401794500649, -0.0017656151903793216, -0.001720828702673316, -0.0016760420985519886, -0.001631255610845983, -0.0015864690067246556, -0.00154168251901865, -0.0014968959148973227, -0.0014521093107759953, -0.0014073228230699897, -0.0013625362189486623, -0.0013177497312426567, -0.0012729631271213293, -0.0012281766394153237, -0.0011833900352939963, -0.0011386035475879908, -0.0010938169434666634, -0.001049030339345336, -0.0010042438516393304, -0.0009594573057256639, -0.0009146707598119974, -0.00086988415569067, -0.0008250976097770035, -0.000780311063863337, -0.0007355245179496706, -0.0006907379720360041, -0.0006459514261223376, -0.0006011648802086711, -0.0005563782760873437, -0.0005115917301736772, -0.0004668051842600107, -0.00042201863834634423, -0.00037723209243267775, -0.00033244554651901126, -0.00028765900060534477, -0.00024287242558784783, -0.00019808587967418134, -0.00015329933376051486, -0.00010851277329493314, -6.372622010530904e-05, -1.893966691568494e-05, 2.5846886273939162e-05, 7.063343946356326e-05, 0.00011541999265318736, 0.00016020654584281147, 0.00020499309175647795, 0.0002497796667739749, 0.0002945662126876414, 0.00033935275860130787, 0.00038413930451497436, 0.00042892585042864084, 0.0004737124254461378, 0.0005184989422559738, 0.0005632855463773012, 0.0006080720922909677, 0.0006528586382046342, 0.0006976451841183007, 0.0007424317300319672, 0.0007872182759456336, 0.0008320048218593001, 0.0008767914259806275, 0.000921577971894294, 0.0009663645178079605, 0.001011151005513966, 0.0010559376096352935]}, "gradients/fc1.bias": {"_type": "histogram", "values": [1.0, 1.0, 0.0, 0.0, 1.0, 0.0, 0.0, 0.0, 0.0, 0.0, 0.0, 0.0, 0.0, 0.0, 0.0, 0.0, 0.0, 0.0, 0.0, 0.0, 0.0, 0.0, 0.0, 0.0, 0.0, 0.0, 0.0, 0.0, 0.0, 0.0, 0.0, 0.0, 0.0, 0.0, 0.0, 0.0, 0.0, 0.0, 0.0, 0.0, 0.0, 0.0, 0.0, 0.0, 1.0, 0.0, 0.0, 58.0, 0.0, 0.0, 0.0, 0.0, 0.0, 0.0, 0.0, 0.0, 1.0, 0.0, 0.0, 0.0, 0.0, 0.0, 0.0, 1.0], "bins": [-0.002188785234466195, -0.0021424435544759035, -0.0020961021073162556, -0.002049760427325964, -0.002003418980166316, -0.0019570773001760244, -0.0019107357366010547, -0.001864394173026085, -0.0018180526094511151, -0.0017717110458761454, -0.0017253694823011756, -0.0016790279187262058, -0.0016326862387359142, -0.0015863446751609445, -0.0015400031115859747, -0.001493661548011005, -0.0014473199844360352, -0.0014009784208610654, -0.0013546368572860956, -0.0013082952937111259, -0.001261953730136156, -0.0012156120501458645, -0.0011692704865708947, -0.001122928922995925, -0.0010765873594209552, -0.0010302457958459854, -0.0009839042322710156, -0.000937562610488385, -0.0008912210469134152, -0.0008448794833384454, -0.0007985378615558147, -0.000752196297980845, -0.0007058547344058752, -0.0006595131708309054, -0.0006131716072559357, -0.000566829985473305, -0.0005204884218983352, -0.00047414685832336545, -0.0004278052656445652, -0.000381463672965765, -0.00033512210939079523, -0.00028878054581582546, -0.00024243895313702524, -0.00019609737501014024, -0.00014975579688325524, -0.00010341421875637025, -5.707264062948525e-05, -1.0731062502600253e-05, 3.5610515624284744e-05, 8.195209375116974e-05, 0.00012829367187805474, 0.00017463525000493973, 0.00022097682813182473, 0.0002673183917067945, 0.0003136599843855947, 0.00036000157706439495, 0.0004063431406393647, 0.0004526847042143345, 0.0004990262677893043, 0.0005453678895719349, 0.0005917094531469047, 0.0006380510167218745, 0.0006843926385045052, 0.0007307342020794749, 0.0007770757656544447]}, "gradients/fc_vehicle_count.weight": {"_type": "histogram",