{"action": 10, "episode": 163, "_timestamp": 1721653832.310045, "_runtime": 307.0711328983307, "_step": 163, "reward": 8.763346165418625, "epsilon": 0.0685850877461107, "mean_reward_value": 9.176643371582031, "_wandb": {"runtime": 307}}