{"reward": 42.51261189579964, "_timestamp": 1721221058.632652, "_runtime": 580.0037500858307, "_step": 21, "epsilon": 0.3119875078263839}