{"reward": 9.004960626363754, "episode": 399, "_timestamp": 1721235258.150896, "epsilon": 0.050028437110198776, "_runtime": 1246.4709720611572, "_step": 399, "mean_reward": 9.412225723266602, "_wandb": {"runtime": 1246}, "sum_of_rewards": 9.198591730743647}