{"reward": 8.815654247999191, "episode": 399, "_timestamp": 1721248964.976393, "epsilon": 0.050000000004269865, "_runtime": 1960.5548350811005, "_step": 399, "mean_reward": 9.192246437072754, "_wandb": {"runtime": 1960}, "sum_of_rewards": 9.031156317517162}