{"reward": 7.856924206018448, "episode": 59, "_timestamp": 1721233374.296868, "epsilon": 0.05, "mean_reward": 8.364418029785156, "_runtime": 116.54882216453552, "_step": 59, "_wandb": {"runtime": 121}, "sum_of_rewards": 8.359287769748615}