{"reward": 9.554243266582489, "episode": 749, "_timestamp": 1721270784.788594, "epsilon": 0.05, "_runtime": 4504.467706918716, "_step": 749, "mean_reward": 9.34376049041748, "_wandb": {"runtime": 4504}, "sum_of_rewards": 9.265791294972102}