{"reward": 6.439952254295349, "_timestamp": 1721224704.537942, "_runtime": 68.35593104362488, "_step": 17, "epsilon": 0.6652649143291776, "mean_reward": 6.79162073135376, "_wandb": {"runtime": 71}}