{"action": 5, "_timestamp": 1721654374.097381, "_runtime": 230.2781732082367, "_step": 1309, "_wandb": {"runtime": 229}}