{"reward": 6.517118126153946, "_timestamp": 1721224489.32255, "_runtime": 183.75422716140747, "_step": 35, "epsilon": 0.18640461643871797, "mean_reward": 7.30059289932251, "_wandb": {"runtime": 191}}