{"reward": 32.87983191013336, "_timestamp": 1721165231.3489962, "_runtime": 23.870219230651855, "_step": 1, "epsilon": 0.8949997651975068, "_wandb": {"runtime": 23}}