{"reward": 9.518006801605225, "episode": 19, "_timestamp": 1721581865.440219, "epsilon": 0.1074883367341111, "_runtime": 45.19441199302673, "_step": 19, "_wandb": {"runtime": 487}}