{"reward": 8.735173970460892, "episode": 449, "_timestamp": 1721270159.104568, "epsilon": 0.05, "_runtime": 2847.4869561195374, "_step": 449, "mean_reward": 9.370137214660645, "_wandb": {"runtime": 2847}, "sum_of_rewards": 9.191669384506014}