{"reward": 9.574065804481506, "episode": 264, "_timestamp": 1721240501.394235, "epsilon": 0.05000000001348412, "mean_reward": 9.349122047424316, "_runtime": 835.6131370067596, "_step": 264, "_wandb": {"runtime": 837}}