{"reward": 6.791121989488602, "episode": 42, "_timestamp": 1721233979.5716, "epsilon": 0.11716872510096686, "_runtime": 173.71582198143005, "_step": 42, "mean_reward": 7.1143479347229, "_wandb": {"runtime": 176}}