{"reward": 9.125991433858871, "episode": 449, "_timestamp": 1721305166.074014, "epsilon": 0.05, "_runtime": 2501.8458280563354, "_step": 449, "mean_reward": 9.414780616760254, "_wandb": {"runtime": 2501}, "sum_of_rewards": 9.178495084510908}