{"action": 2, "_timestamp": 1721654098.7126489, "_runtime": 96.14400577545166, "_step": 154801, "_wandb": {"runtime": 95}}