{"reward": 42.36062464118004, "_timestamp": 1721221048.932169, "_runtime": 570.3416149616241, "_step": 19, "epsilon": 0.4248119592632427}