{"reward": 8.896840572357178, "episode": 399, "_timestamp": 1721244415.3486001, "epsilon": 0.05000000000802598, "_runtime": 1948.2881841659546, "_step": 399, "mean_reward": 9.316781997680664, "_wandb": {"runtime": 1947}, "sum_of_rewards": 9.220030798614026}