{"reward": 9.384032845497131, "episode": 59, "_timestamp": 1721232706.073789, "epsilon": 0.05000020765909703, "mean_reward": 8.39242172241211, "_runtime": 125.13839197158813, "_step": 59, "_wandb": {"runtime": 124}, "sum_of_rewards": 7.949147826975042}