{"reward": 8.80424752831459, "episode": 249, "_timestamp": 1721253776.1191082, "epsilon": 0.05000000000001442, "_runtime": 1379.2090921401978, "_step": 249, "mean_reward": 9.413222312927246, "_wandb": {"runtime": 1378}, "sum_of_rewards": 9.160904498457908}