{"reward": 9.444317877292633, "episode": 499, "_timestamp": 1721271887.048231, "epsilon": 0.05, "_runtime": 2626.2950417995453, "_step": 499, "mean_reward": 9.319950103759766, "_wandb": {"runtime": 2625}, "sum_of_rewards": 9.23026600909233}