{"reward": 7.624875366687775, "_timestamp": 1721224497.549057, "_runtime": 191.77924299240112, "_step": 50, "epsilon": 0.6480954869358547, "mean_reward": 6.597209930419922, "_wandb": {"runtime": 191}}