{"reward": 9.488765895366669, "episode": 29, "_timestamp": 1721230739.148418, "epsilon": 0.18836236389715677, "mean_reward": 7.992135047912598, "_runtime": 55.82407593727112, "_step": 29, "_wandb": {"runtime": 55}}