{"reward": 6.507083415985107, "episode": 399, "_timestamp": 1721242444.455869, "epsilon": 0.05, "_runtime": 1865.573026895523, "_step": 399, "mean_reward": 8.704079627990723, "_wandb": {"runtime": 1865}, "sum_of_rewards": 8.364671173095703}