{"reward": 5.79518124461174, "_timestamp": 1721224490.911413, "_runtime": 185.07576704025269, "_step": 50, "epsilon": 0.2246561085317862, "mean_reward": 7.2455668449401855, "_wandb": {"runtime": 191}}