{"reward": 9.09594115614891, "episode": 59, "_timestamp": 1721232609.858724, "epsilon": 0.05397798890373043, "mean_reward": 8.793627738952637, "_runtime": 127.89845514297485, "_step": 59, "_wandb": {"runtime": 127}, "sum_of_rewards": 8.221707279649046}