{"reward": 9.554243266582489, "episode": 249, "_timestamp": 1721250025.8651671, "epsilon": 0.0763079023106799, "_runtime": 1266.7832481861115, "_step": 249, "mean_reward": 9.254170417785645, "_wandb": {"runtime": 1265}, "sum_of_rewards": 8.759911101341247}