{"reward": 9.272500455379486, "episode": 59, "_timestamp": 1721233435.166205, "epsilon": 0.05050705267273101, "mean_reward": 8.872673988342285, "_runtime": 117.62234783172607, "_step": 59, "_wandb": {"runtime": 117}, "sum_of_rewards": 8.24989026228212}