{"reward": 9.49498850107193, "episode": 249, "_timestamp": 1721236901.957914, "epsilon": 0.05, "mean_reward": 8.835443496704102, "_runtime": 827.6470592021942, "_step": 249, "_wandb": {"runtime": 827}, "sum_of_rewards": 8.766964991490045}