{"reward": 9.37281447649002, "episode": 39, "_timestamp": 1721230540.899491, "epsilon": 0.05320412602439061, "mean_reward": 8.05729866027832, "_runtime": 73.03660702705383, "_step": 39, "_wandb": {"runtime": 72}}