{"reward": 9.512963056564331, "episode": 399, "_timestamp": 1721259974.4922519, "epsilon": 0.050000000003125725, "_runtime": 2114.4864377975464, "_step": 399, "mean_reward": 9.398926734924316, "_wandb": {"runtime": 2112}, "sum_of_rewards": 9.305264084562658}