{"reward": 7.933213889598846, "_timestamp": 1721224698.1836329, "_runtime": 61.917600870132446, "_step": 17, "epsilon": 0.16589478397419832, "mean_reward": 7.501208782196045, "_wandb": {"runtime": 71}}