{"reward": 8.601807594299316, "episode": 326, "_timestamp": 1721261184.988661, "epsilon": 0.05010332242749753, "_runtime": 1797.0790820121765, "_step": 326, "mean_reward": 9.384305000305176, "_wandb": {"runtime": 1799}}