{"reward": 9.354512691497803, "_timestamp": 1721229330.56279, "_runtime": 4550.947744846344, "_step": 749, "epsilon": 0.05112991859724305, "mean_reward": 8.692808151245117, "gradients/fc2.weight": {"_type": "histogram", "values": [1.0, 0.0, 0.0, 0.0, 0.0, 0.0, 0.0, 0.0, 0.0, 0.0, 1.0, 0.0, 0.0, 0.0, 0.0, 0.0, 0.0, 1.0, 0.0, 0.0, 0.0, 0.0, 0.0, 0.0, 2.0, 0.0, 0.0, 1.0, 1.0, 1.0, 0.0, 2.0, 1.0, 1.0, 0.0, 0.0, 1.0, 1.0, 3.0, 5.0, 1.0, 2.0, 3.0, 6.0, 9.0, 598.0, 14.0, 6.0, 2.0, 1.0, 1.0, 1.0, 0.0, 1.0, 0.0, 2.0, 0.0, 0.0, 1.0, 1.0, 0.0, 0.0, 0.0, 1.0], "bins": [-0.08948057144880295, -0.08752396702766418, -0.08556736260652542, -0.08361075818538666, -0.0816541537642479, -0.07969754934310913, -0.07774095237255096, -0.0757843479514122, -0.07382774353027344, -0.07187113910913467, -0.06991453468799591, -0.06795793026685715, -0.06600132584571838, -0.06404472142457962, -0.062088120728731155, -0.06013151630759239, -0.05817491188645363, -0.056218307465314865, -0.0542617030441761, -0.05230510234832764, -0.05034849792718887, -0.04839189350605011, -0.046435289084911346, -0.04447868466377258, -0.04252208024263382, -0.040565479546785355, -0.03860887512564659, -0.03665227070450783, -0.034695666283369064, -0.0327390618622303, -0.030782459303736687, -0.028825856745243073, -0.02686924859881401, -0.024912644177675247, -0.022956041619181633, -0.02099943719804287, -0.019042834639549255, -0.017086230218410492, -0.015129625797271729, -0.01317302230745554, -0.011216418817639351, -0.009259815327823162, -0.007303211372345686, -0.00534660741686821, -0.003390003927052021, -0.0014334002044051886, 0.0005232035182416439, 0.0024798072408884764, 0.004436410963535309, 0.006393014453351498, 0.008349617943167686, 0.01030622236430645, 0.012262825854122639, 0.014219429343938828, 0.01617603376507759, 0.018132636323571205, 0.02008924074470997, 0.022045845165848732, 0.024002447724342346, 0.02595905214548111, 0.027915656566619873, 0.029872259125113487, 0.0318288616836071, 0.033785466104745865, 0.03574207052588463]}, "gradients/fc2.bias": {"_type": "histogram", "values": [1.0, 0.0, 0.0, 0.0, 0.0, 0.0, 0.0, 0.0, 0.0, 0.0, 0.0, 0.0, 0.0, 0.0, 0.0, 0.0, 0.0, 0.0, 1.0, 0.0, 0.0, 0.0, 0.0, 0.0, 1.0, 0.0, 0.0, 2.0, 0.0, 0.0, 0.0, 0.0, 0.0, 1.0, 0.0, 0.0, 0.0, 0.0, 3.0, 0.0, 0.0, 0.0, 1.0, 2.0, 0.0, 2.0, 1.0, 1.0, 2.0, 0.0, 0.0, 0.0, 0.0, 0.0, 0.0, 1.0, 0.0, 0.0, 1.0, 0.0, 0.0, 0.0, 0.0, 1.0], "bins": [-0.027060262858867645, -0.02646842785179615, -0.025876590982079506, -0.02528475597500801, -0.024692919105291367, -0.02410108409821987, -0.023509247228503227, -0.022917412221431732, -0.022325575351715088, -0.021733740344643593, -0.02114190347492695, -0.020550068467855453, -0.01995823159813881, -0.019366396591067314, -0.01877455972135067, -0.018182724714279175, -0.01759088784456253, -0.016999052837491035, -0.01640721783041954, -0.015815380960702896, -0.015223545022308826, -0.014631709083914757, -0.014039873145520687, -0.013448037207126617, -0.012856202200055122, -0.012264366261661053, -0.011672530323266983, -0.011080694384872913, -0.010488858446478844, -0.009897022508084774, -0.009305186569690704, -0.008713350631296635, -0.008121514692902565, -0.007529678754508495, -0.006937842816114426, -0.006346006877720356, -0.005754170939326286, -0.005162335466593504, -0.004570499528199434, -0.003978663589805365, -0.003386827651411295, -0.0027949917130172253, -0.0022031557746231556, -0.0016113200690597296, -0.00101948413066566, -0.00042764825047925115, 0.0001641876297071576, 0.0007560235098935664, 0.0013478593900799751, 0.0019396953284740448, 0.0025315312668681145, 0.0031233669724315405, 0.00371520291082561, 0.004307038616389036, 0.004898874554783106, 0.0054907104931771755, 0.006082546431571245, 0.006674382369965315, 0.0072662183083593845, 0.007858053781092167, 0.008449889719486237, 0.009041725657880306, 0.009633561596274376, 0.010225397534668446, 0.010817233473062515]}, "gradients/fc1.weight": {"_type": "histogram", "values": [1.0, 0.0, 0.0, 0.0, 0.0, 0.0, 0.0, 1.0, 0.0, 0.0, 0.0, 0.0, 0.0, 0.0, 0.0, 0.0, 0.0, 0.0, 0.0, 0.0, 0.0, 0.0, 0.0, 1.0, 0.0, 0.0, 0.0, 0.0, 0.0, 0.0, 0.0, 0.0, 1.0, 1.0, 1.0, 0.0, 1017.0, 0.0, 0.0, 0.0, 0.0, 0.0, 0.0, 0.0, 0.0, 0.0, 0.0, 0.0, 0.0, 0.0, 0.0, 0.0, 0.0, 0.0, 0.0, 0.0, 0.0, 0.0, 0.0, 0.0, 0.0, 0.0, 0.0, 1.0], "bins": [-0.025521336123347282, -0.024825341999530792, -0.024129347875714302, -0.023433353751897812, -0.02273736149072647, -0.02204136736690998, -0.02134537324309349, -0.020649379119277, -0.01995338499546051, -0.01925739087164402, -0.01856139674782753, -0.01786540262401104, -0.01716940850019455, -0.01647341623902321, -0.01577742211520672, -0.015081427991390228, -0.014385433867573738, -0.013689439743757248, -0.012993445619940758, -0.012297452427446842, -0.011601458303630352, -0.010905464179813862, -0.010209470987319946, -0.009513476863503456, -0.008817482739686966, -0.008121488615870476, -0.007425494957715273, -0.00672950129956007, -0.00603350717574358, -0.00533751305192709, -0.004641519393771887, -0.003945525735616684, -0.003249533474445343, -0.0025535395834594965, -0.00185754569247365, -0.0011615518014878035, -0.00046555791050195694, 0.00023043598048388958, 0.0009264298714697361, 0.0016224237624555826, 0.002318417653441429, 0.0030144115444272757, 0.003710405435413122, 0.004406399093568325, 0.005102393217384815, 0.005798387341201305, 0.006494380999356508, 0.007190374657511711, 0.007886368781328201, 0.008582362905144691, 0.009278357028961182, 0.009974350221455097, 0.010670344345271587, 0.011366338469088078, 0.012062331661581993, 0.012758325785398483, 0.013454319909214973, 0.014150314033031464, 0.014846308156847954, 0.01554230134934187, 0.016238294541835785, 0.016934288665652275, 0.017630282789468765, 0.018326276913285255, 0.019022271037101746]}, "gradients/fc1.bias": {"_type": "histogram", "values": [1.0, 0.0, 0.0, 0.0, 0.0, 0.0, 0.0, 0.0, 0.0, 0.0, 0.0, 1.0, 0.0, 0.0, 0.0, 0.0, 0.0, 0.0, 0.0, 0.0, 0.0, 0.0, 0.0, 0.0, 0.0, 0.0, 0.0, 0.0, 0.0, 0.0, 0.0, 0.0, 0.0, 0.0, 1.0, 0.0, 0.0, 0.0, 0.0, 0.0, 0.0, 0.0, 0.0, 1.0, 0.0, 0.0, 0.0, 0.0, 0.0, 0.0, 0.0, 0.0, 0.0, 0.0, 0.0, 0.0, 0.0, 0.0, 0.0, 0.0, 1.0, 0.0, 0.0, 27.0], "bins": [-0.046488575637340546, -0.04576219245791435, -0.04503580927848816, -0.04430942237377167, -0.043583039194345474, -0.04285665601491928, -0.04213027283549309, -0.041403885930776596, -0.0406775027513504, -0.03995111957192421, -0.039224736392498016, -0.03849835321307182, -0.03777196630835533, -0.03704558312892914, -0.036319199949502945, -0.03559281677007675, -0.03486642986536026, -0.03414004668593407, -0.033413663506507874, -0.03268728032708168, -0.03196089714765549, -0.031234512105584145, -0.030508127063512802, -0.02978174388408661, -0.029055360704660416, -0.028328975662589073, -0.02760259248316288, -0.026876207441091537, -0.026149824261665344, -0.025423439219594002, -0.02469705604016781, -0.023970670998096466, -0.023244287818670273, -0.02251790463924408, -0.021791519597172737, -0.021065136417746544, -0.0203387513756752, -0.019612368196249008, -0.018885983154177666, -0.018159599974751472, -0.01743321493268013, -0.016706831753253937, -0.015980448573827744, -0.015254063531756401, -0.014527680352330208, -0.01380129624158144, -0.013074912130832672, -0.012348528020083904, -0.011622143909335136, -0.010895759798586369, -0.0101693756878376, -0.009442991577088833, -0.008716607466340065, -0.007990224286913872, -0.007263840176165104, -0.006537456065416336, -0.005811071954667568, -0.0050846878439188, -0.0043583037331700325, -0.003631920088082552, -0.002905535977333784, -0.0021791518665850163, -0.001452767988666892, -0.000726383994333446, 0.0]}, "gradients/fc_vehicle_count.weight": {"_type": "histogram", "values": [90.0, 0.0, 0.0, 0.0, 0.0, 0.0, 0.0, 0.0, 0.0, 2.0, 0.0, 0.0, 0.0, 0.0, 0.0, 0.0, 0.0, 1.0, 0.0, 0.0, 0.0, 0.0, 0.0, 0.0, 0.0, 0.0, 0.0, 0.0, 0.0, 0.0, 0.0, 0.0, 0.0, 0.0, 0.0, 0.0, 1.0, 0.0, 0.0, 0.0, 0.0, 0.0, 0.0, 0.0, 0.0, 0.0, 0.0, 0.0, 0.0, 0.0, 0.0, 0.0, 1.0, 0.0, 0.0, 0.0, 0.0, 0.0, 0.0, 0.0, 0.0, 0.0, 0.0, 1.0],