{"reward": 8.421542674303055, "_timestamp": 1721223367.695013, "_runtime": 247.78345394134521, "_step": 199, "epsilon": 0.10895073843646294, "gradients/fc2.weight": {"_type": "histogram", "values": [1.0, 0.0, 0.0, 0.0, 0.0, 0.0, 0.0, 0.0, 0.0, 0.0, 0.0, 0.0, 0.0, 0.0, 0.0, 0.0, 0.0, 0.0, 0.0, 0.0, 0.0, 0.0, 0.0, 0.0, 0.0, 0.0, 0.0, 0.0, 0.0, 0.0, 0.0, 0.0, 0.0, 0.0, 0.0, 0.0, 0.0, 0.0, 0.0, 0.0, 0.0, 0.0, 0.0, 0.0, 0.0, 0.0, 1.0, 1.0, 1.0, 1.0, 2.0, 1.0, 3.0, 3.0, 1319.0, 5.0, 2.0, 2.0, 1.0, 0.0, 0.0, 0.0, 0.0, 1.0], "bins": [-0.0006107010412961245, -0.0005995313404127955, -0.0005883616395294666, -0.0005771918804384768, -0.0005660221795551479, -0.000554852478671819, -0.0005436827777884901, -0.0005325130186975002, -0.0005213433178141713, -0.0005101736169308424, -0.0004990039160475135, -0.0004878341860603541, -0.0004766644851770252, -0.00046549475518986583, -0.0004543250543065369, -0.00044315532431937754, -0.0004319856234360486, -0.0004208159225527197, -0.00040964619256556034, -0.0003984764916822314, -0.00038730676169507205, -0.00037613706081174314, -0.00036496733082458377, -0.00035379762994125485, -0.00034262792905792594, -0.00033145819907076657, -0.00032028849818743765, -0.0003091187682002783, -0.00029794906731694937, -0.00028677933732979, -0.0002756096364464611, -0.0002644399064593017, -0.00025327017647214234, -0.00024210047558881342, -0.00023093076015356928, -0.00021976104471832514, -0.000208591329283081, -0.00019742161384783685, -0.0001862518984125927, -0.00017508218297734857, -0.00016391248209401965, -0.0001527427666587755, -0.00014157305122353137, -0.00013040333578828722, -0.00011923362035304308, -0.00010806390491779894, -9.68941894825548e-05, -8.572448132326826e-05, -7.455476588802412e-05, -6.338505045277998e-05, -5.221533865551464e-05, -4.104562685824931e-05, -2.9875911423005164e-05, -1.8706197806750424e-05, -7.536484190495685e-06, 3.6332294257590547e-06, 1.4802943042013794e-05, 2.5972656658268534e-05, 3.714237027452327e-05, 4.831208207178861e-05, 5.948179750703275e-05, 7.06515129422769e-05, 8.182122837752104e-05, 9.299093653680757e-05, 0.00010416065197205171]}, "gradients/fc2.bias": {"_type": "histogram", "values": [1.0, 0.0, 0.0, 0.0, 0.0, 0.0, 0.0, 0.0, 0.0, 0.0, 0.0, 0.0, 0.0, 0.0, 0.0, 0.0, 0.0, 0.0, 0.0, 0.0, 0.0, 0.0, 0.0, 0.0, 0.0, 0.0, 0.0, 0.0, 0.0, 0.0, 0.0, 0.0, 0.0, 0.0, 0.0, 0.0, 0.0, 0.0, 0.0, 0.0, 1.0, 0.0, 0.0, 0.0, 0.0, 1.0, 2.0, 1.0, 2.0, 0.0, 6.0, 2.0, 1.0, 1.0, 0.0, 1.0, 0.0, 0.0, 1.0, 0.0, 0.0, 0.0, 0.0, 1.0], "bins": [-0.0026176588144153357, -0.002565747359767556, -0.0025138359051197767, -0.0024619244504719973, -0.0024100132286548615, -0.002358101774007082, -0.0023061903193593025, -0.002254278864711523, -0.0022023674100637436, -0.002150455955415964, -0.0020985447335988283, -0.002046633278951049, -0.0019947218243032694, -0.00194281036965549, -0.0018908989150077105, -0.0018389875767752528, -0.0017870761221274734, -0.0017351646674796939, -0.0016832533292472363, -0.0016313418745994568, -0.0015794304199516773, -0.0015275190817192197, -0.0014756076270714402, -0.0014236961724236608, -0.0013717848341912031, -0.0013198733795434237, -0.0012679619248956442, -0.0012160504702478647, -0.001164139132015407, -0.0011122276773676276, -0.0010603162227198482, -0.0010084048844873905, -0.0009564935462549329, -0.0009045821498148143, -0.0008526706951670349, -0.0008007592987269163, -0.0007488478440791368, -0.0006969364476390183, -0.0006450250511988997, -0.0005931135965511203, -0.0005412022001110017, -0.0004892908036708832, -0.0004373793490231037, -0.00038546795258298516, -0.00033355652703903615, -0.00028164510149508715, -0.00022973369050305337, -0.0001778222795110196, -0.00012591085396707058, -7.399943569907919e-05, -2.2088017431087792e-05, 2.9823400836903602e-05, 8.1734819104895e-05, 0.000133646244648844, 0.00018555765564087778, 0.00023746906663291156, 0.00028938049217686057, 0.0003412919177208096, 0.0003932033432647586, 0.00044511473970487714, 0.0004970261361449957, 0.0005489375907927752, 0.0006008489872328937, 0.0006527604418806732, 0.0007046718383207917]}, "gradients/fc1.weight": {"_type": "histogram", "values": [1.0, 0.0, 0.0, 1.0, 0.0, 1.0, 2.0, 1.0, 1.0, 1.0, 3.0, 1.0, 8175.0, 0.0, 0.0, 0.0, 0.0, 0.0, 1.0, 0.0, 0.0, 0.0, 1.0, 0.0, 0.0, 0.0, 0.0, 0.0, 0.0, 0.0, 0.0, 0.0, 0.0, 0.0, 0.0, 0.0, 0.0, 0.0, 0.0, 0.0, 0.0, 0.0, 0.0, 0.0, 0.0, 0.0, 0.0, 0.0, 0.0, 0.0, 0.0, 0.0, 0.0, 0.0, 0.0, 1.0, 0.0, 0.0, 0.0, 0.0, 0.0, 0.0, 0.0, 2.0], "bins": [-2.892296834033914e-05, -2.6543091735220514e-05, -2.4163216949091293e-05, -2.1783340343972668e-05, -1.9403465557843447e-05, -1.7023588952724822e-05, -1.4643712347606197e-05, -1.2263836651982274e-05, -9.88396095635835e-06, -7.504085260734428e-06, -5.124209110363154e-06, -2.744333187365555e-06, -3.6445726436795667e-07, 2.015418658629642e-06, 4.39529458162724e-06, 6.775170731998514e-06, 9.155046427622437e-06, 1.153492212324636e-05, 1.3914797818870284e-05, 1.629467442398891e-05, 1.867454921011813e-05, 2.1054425815236755e-05, 2.343430242035538e-05, 2.58141772064846e-05, 2.8194053811603226e-05, 3.057393041672185e-05, 3.295380520285107e-05, 3.533367998898029e-05, 3.771355841308832e-05, 4.009343319921754e-05, 4.2473307985346764e-05, 4.485318640945479e-05, 4.723306483356282e-05, 4.961293961969204e-05, 5.199281804380007e-05, 5.437269282992929e-05, 5.6752567616058514e-05, 5.913244604016654e-05, 6.151232082629576e-05, 6.389219925040379e-05, 6.62720703985542e-05, 6.865194882266223e-05, 7.103182724677026e-05, 7.341169839492068e-05, 7.57915768190287e-05, 7.817145524313673e-05, 8.055132639128715e-05, 8.293120481539518e-05, 8.53110832395032e-05, 8.769095438765362e-05, 9.007083281176165e-05, 9.245070395991206e-05, 9.483058238402009e-05, 9.721046080812812e-05, 9.959033195627853e-05, 0.00010197021038038656, 0.00010435008880449459, 0.000106729959952645, 0.00010910983837675303, 0.00011148971680086106, 0.00011386958794901147, 0.0001162494663731195, 0.00011862934479722753, 0.00012100921594537795, 0.00012338909436948597]}, "gradients/fc1.bias": {"_type": "histogram", "values": [1.0, 0.0, 0.0, 0.0, 0.0, 0.0, 60.0, 0.0, 0.0, 0.0, 1.0, 0.0, 0.0, 0.0, 0.0, 0.0, 0.0, 0.0, 0.0, 0.0, 0.0, 0.0, 0.0, 1.0, 0.0, 0.0, 0.0, 0.0, 0.0, 0.0, 0.0, 0.0, 0.0, 0.0, 0.0, 0.0, 0.0, 0.0, 0.0, 0.0, 0.0, 0.0, 0.0, 0.0, 0.0, 0.0, 0.0, 0.0, 0.0, 0.0, 0.0, 0.0, 0.0, 0.0, 0.0, 0.0, 0.0, 0.0, 0.0, 0.0, 0.0, 0.0, 0.0, 1.0], "bins": [-2.7364450943423435e-05, -2.3233635147335008e-05, -1.910281935124658e-05, -1.497200173616875e-05, -1.0841185940080322e-05, -6.710369689244544e-06, -2.579553438408766e-06, 1.5512628124270122e-06, 5.6820790632627904e-06, 9.812894859351218e-06, 1.3943711564934347e-05, 1.8074528270517476e-05, 2.2205344066605903e-05, 2.633615986269433e-05, 3.046697747777216e-05, 3.459779327386059e-05, 3.8728609069949016e-05, 4.285942486603744e-05, 4.699024066212587e-05, 5.11210564582143e-05, 5.525187589228153e-05, 5.938269168836996e-05, 6.351350748445839e-05, 6.764432328054681e-05, 7.177513907663524e-05, 7.590595487272367e-05, 8.00367706688121e-05, 8.416758646490052e-05, 8.829840226098895e-05, 9.242921805707738e-05, 9.65600338531658e-05, 0.00010069084964925423, 0.00010482167999725789, 0.00010895249579334632, 0.00011308331158943474, 0.00011721412738552317, 0.0001213449431816116, 0.00012547576625365764, 0.00012960657477378845, 0.0001337373978458345, 0.0001378682063659653, 0.00014199902943801135, 0.00014612983795814216, 0.0001502606610301882, 0.00015439146955031902, 0.00015852229262236506, 0.00016265310114249587, 0.0001667839242145419, 0.00017091474728658795, 0.00017504555580671877, 0.0001791763788787648, 0.00018330718739889562, 0.00018743801047094166, 0.00019156881899107248, 0.00019569964206311852, 0.00019983045058324933, 0.00020396127365529537, 0.00020809208217542619, 0.00021222290524747223, 0.00021635371376760304, 0.00022048453683964908, 0.0002246153453597799, 0.00022874616843182594, 0.00023287697695195675, 0.0002370078000240028]}, "gradients/fc_vehicle_count.weight": {"_type": "histogram",