{"reward": 8.97561201453209, "episode": 399, "_timestamp": 1721276593.502219, "epsilon": 0.05, "_runtime": 2117.0434579849243, "_step": 399, "mean_reward": 9.29715633392334, "_wandb": {"runtime": 2116}, "sum_of_rewards": 9.137160839885473}