{"reward": 9.116442948579788, "episode": 399, "_timestamp": 1721248228.248536, "epsilon": 0.05204847418164712, "_runtime": 1986.5342881679535, "_step": 399, "mean_reward": 9.424318313598633, "_wandb": {"runtime": 1985}, "sum_of_rewards": 9.103530767709017}