{"reward": 35.11386260390282, "_timestamp": 1721165188.4605582, "_runtime": 1456.9947831630707, "_step": 157, "epsilon": 0.579184080444746, "gradients/fc2.weight": {"_type": "histogram", "values": [1.0, 0.0, 0.0, 0.0, 0.0, 4.0, 3.0, 1.0, 4.0, 9.0, 6.0, 6.0, 17.0, 16.0, 11.0, 17.0, 24.0, 17.0, 33.0, 40.0, 43.0, 40.0, 44.0, 69.0, 68.0, 96.0, 116.0, 163.0, 174.0, 214.0, 272.0, 459.0, 2624.0, 241.0, 151.0, 104.0, 47.0, 48.0, 51.0, 24.0, 26.0, 14.0, 13.0, 11.0, 8.0, 5.0, 4.0, 3.0, 3.0, 1.0, 2.0, 5.0, 7.0, 0.0, 4.0, 5.0, 1.0, 2.0, 1.0, 1.0, 1.0, 0.0, 1.0, 1.0], "bins": [-0.33419889211654663, -0.3239031136035919, -0.3136073350906372, -0.3033115267753601, -0.2930157482624054, -0.2827199697494507, -0.27242419123649597, -0.26212838292121887, -0.25183260440826416, -0.24153682589530945, -0.23124104738235474, -0.22094525396823883, -0.21064947545528412, -0.2003536820411682, -0.1900579035282135, -0.1797621101140976, -0.16946633160114288, -0.15917055308818817, -0.14887475967407227, -0.13857898116111755, -0.12828318774700165, -0.11798740923404694, -0.10769162327051163, -0.09739583730697632, -0.08710005134344101, -0.0768042653799057, -0.06650847941637039, -0.05621269717812538, -0.04591691121459007, -0.035621125251054764, -0.025325341150164604, -0.01502955611795187, -0.004733771085739136, 0.0055620139464735985, 0.015857798978686333, 0.026153583079576492, 0.0364493690431118, 0.04674515500664711, 0.05704093724489212, 0.06733672320842743, 0.07763250917196274, 0.08792829513549805, 0.09822408109903336, 0.10851986706256866, 0.11881564557552338, 0.12911143898963928, 0.139407217502594, 0.1497030109167099, 0.1599987894296646, 0.17029456794261932, 0.18059036135673523, 0.19088613986968994, 0.20118193328380585, 0.21147771179676056, 0.22177350521087646, 0.23206928372383118, 0.2423650622367859, 0.2526608407497406, 0.2629566490650177, 0.2732524275779724, 0.2835482060909271, 0.29384398460388184, 0.30413979291915894, 0.31443557143211365, 0.32473134994506836]}, "gradients/fc2.bias": {"_type": "histogram", "values": [1.0, 0.0, 0.0, 0.0, 0.0, 0.0, 1.0, 0.0, 1.0, 0.0, 0.0, 1.0, 0.0, 1.0, 0.0, 1.0, 1.0, 0.0, 0.0, 1.0, 0.0, 0.0, 0.0, 1.0, 0.0, 1.0, 1.0, 1.0, 0.0, 0.0, 2.0, 0.0, 0.0, 0.0, 1.0, 1.0, 0.0, 0.0, 1.0, 0.0, 0.0, 1.0, 0.0, 0.0, 1.0, 0.0, 1.0, 0.0, 0.0, 0.0, 0.0, 0.0, 0.0, 0.0, 0.0, 0.0, 0.0, 0.0, 0.0, 0.0, 0.0, 0.0, 0.0, 1.0], "bins": [-0.013389989733695984, -0.013000120408833027, -0.01261025108397007, -0.012220380827784538, -0.011830511502921581, -0.011440642178058624, -0.011050771921873093, -0.010660902597010136, -0.010271033272147179, -0.009881163947284222, -0.009491294622421265, -0.009101424366235733, -0.008711555041372776, -0.008321685716509819, -0.007931815460324287, -0.00754194613546133, -0.007152076810598373, -0.006762207485735416, -0.006372337695211172, -0.005982467904686928, -0.005592598579823971, -0.005202729254961014, -0.0048128594644367695, -0.004422989673912525, -0.004033120349049568, -0.0036432507913559675, -0.003253381233662367, -0.002863511675968766, -0.0024736421182751656, -0.002083772560581565, -0.0016939030028879642, -0.0013040334451943636, -0.0009141638875007629, -0.0005242943298071623, -0.00013442477211356163, 0.000255444785580039, 0.0006453143432736397, 0.0010351839009672403, 0.001425053458660841, 0.0018149230163544416, 0.0022047925740480423, 0.002594662131741643, 0.0029845316894352436, 0.0033744012471288443, 0.003764270804822445, 0.004154140129685402, 0.004544009920209646, 0.0049338797107338905, 0.0053237490355968475, 0.0057136183604598045, 0.006103488150984049, 0.006493357941508293, 0.00688322726637125, 0.007273096591234207, 0.0076629663817584515, 0.008052836172282696, 0.008442705497145653, 0.00883257482200861, 0.009222444146871567, 0.009612314403057098, 0.010002183727920055, 0.010392053052783012, 0.010781923308968544, 0.011171792633831501, 0.011561661958694458]}, "gradients/fc1.weight": {"_type": "histogram", "values": [1.0, 0.0, 2.0, 0.0, 0.0, 1.0, 3.0, 1.0, 2.0, 7.0, 5.0, 6.0, 8.0, 18.0, 15.0, 19.0, 30.0, 38.0, 39.0, 44.0, 71.0, 84.0, 96.0, 125.0, 154.0, 177.0, 238.0, 307.0, 418.0, 554.0, 807.0, 1439.0, 3763.0, 21783.0, 979.0, 485.0, 312.0, 188.0, 151.0, 126.0, 76.0, 61.0, 34.0, 34.0, 18.0, 8.0, 9.0, 8.0, 5.0, 3.0, 5.0, 1.0, 1.0, 3.0, 2.0, 3.0, 0.0, 0.0, 0.0, 0.0, 0.0, 0.0, 0.0, 1.0], "bins": [-0.16087524592876434, -0.1560334712266922, -0.15119171142578125, -0.1463499367237091, -0.14150817692279816, -0.136666402220726, -0.13182464241981506, -0.12698286771774292, -0.12214110046625137, -0.11729933321475983, -0.11245756596326828, -0.10761579871177673, -0.10277402400970459, -0.09793225675821304, -0.0930904895067215, -0.08824872225522995, -0.0834069550037384, -0.07856518775224686, -0.07372342050075531, -0.06888165324926376, -0.06403988599777222, -0.05919811502099037, -0.05435634404420853, -0.04951457679271698, -0.04467280954122543, -0.03983104228973389, -0.03498927503824234, -0.030147504061460495, -0.02530573680996895, -0.0204639695584774, -0.015622200444340706, -0.010780432261526585, -0.0059386491775512695, -0.0010968809947371483, 0.003744887188076973, 0.008586655370891094, 0.013428423553705215, 0.018270190805196762, 0.023111959919333458, 0.027953729033470154, 0.0327954962849617, 0.03763726353645325, 0.042479030787944794, 0.04732080176472664, 0.052162569016218185, 0.05700433626770973, 0.06184610724449158, 0.06668787449598312, 0.07152964174747467, 0.07637140899896622, 0.08121317625045776, 0.08605494350194931, 0.09089671075344086, 0.095738485455513, 0.10058025270700455, 0.1054220199584961, 0.11026378720998764, 0.11510555446147919, 0.11994732171297073, 0.12478908896446228, 0.12963086366653442, 0.13447262346744537, 0.13931439816951752, 0.14415615797042847, 0.1489979326725006]}, "gradients/fc1.bias": {"_type": "histogram", "values": [1.0, 0.0, 1.0, 1.0, 0.0, 1.0, 0.0, 0.0, 1.0, 1.0, 2.0, 0.0, 3.0, 2.0, 2.0, 0.0, 5.0, 2.0, 2.0, 3.0, 3.0, 5.0, 4.0, 4.0, 8.0, 3.0, 9.0, 8.0, 7.0, 7.0, 7.0, 6.0, 8.0, 10.0, 13.0, 72.0, 7.0, 6.0, 5.0, 6.0, 2.0, 3.0, 5.0, 2.0, 5.0, 4.0, 1.0, 3.0, 0.0, 1.0, 1.0, 2.0, 0.0, 0.0, 0.0, 1.0, 0.0, 0.0, 0.0, 0.0, 0.0, 0.0, 0.0, 1.0], "bins": [-0.0038996413350105286, -0.0037888868246227503, -0.0036781325470656157, -0.0035673780366778374, -0.003456623526290059, -0.003345869015902281, -0.003235114738345146, -0.003124360227957368, -0.0030136057175695896, -0.002902851440012455, -0.0027920969296246767, -0.0026813424192368984, -0.00257058790884912, -0.0024598336312919855, -0.0023490791209042072, -0.002238324610516429, -0.0021275701001286507, -0.002016815822571516, -0.0019060613121837378, -0.0017953069182112813, -0.001684552407823503, -0.0015737980138510466, -0.0014630435034632683, -0.0013522891094908118, -0.0012415347155183554, -0.001130780205130577, -0.0010200258111581206, -0.0009092713007703424, -0.0007985169067978859, -0.0006877624546177685, -0.0005770080024376512, -0.0004662535502575338, -0.0003554990980774164, -0.00024474464589729905, -0.0001339902082690969, -2.3235763364937156e-05, 8.75186815392226e-05, 0.00019827313371933997, 0.0003090275567956269, 0.00041978200897574425, 0.0005305364611558616, 0.000641290913335979, 0.0007520453655160964, 0.0008627998176962137, 0.0009735542116686702, 0.0010843087220564485, 0.001195063116028905, 0.0013058176264166832, 0.0014165720203891397, 0.001527326414361596, 0.0016380809247493744, 0.0017488353187218308, 0.0018595898291096091, 0.0019703442230820656, 0.002081098733469844, 0.002191853243857622, 0.0023026075214147568, 0.002413362031802535, 0.0025241165421903133, 0.002634870819747448, 0.0027456253301352262, 0.0028563798405230045, 0.002967134350910783, 0.0030778886284679174, 0.0031886431388556957]}, "gradients/fc_vehicle_count.weight": {"_type": "histogram", "values": [1.0, 0.0, 0.0, 0.0, 0.0, 0.0, 1.0, 0.0, 0.0, 0.0, 0.0, 0.0, 0.0, 0.0, 1.0, 1.0, 0.0, 0.0, 0.0, 1.0, 0.0, 0.0, 1.0, 1.0, 1.0, 1.0, 0.0, 3.0, 1.0, 4.0, 5.0, 5.0, 3.0, 3.0, 12.0, 8.0, 5.0, 16.0, 11.0, 16.0, 20.0, 17.0, 17.0, 132.0, 6.0, 26.0, 22.0, 9.0, 9.0, 11.0, 5.0, 1.0, 2.0, 0.0, 1.0, 1.0, 1.0, 0.0, 2.0, 0.0, 0.0, 0.0, 0.0, 1.0],