{"reward": 9.554243266582489, "episode": 399, "_timestamp": 1721252088.2017689, "epsilon": 0.05240896481913841, "_runtime": 2034.292709827423, "_step": 399, "mean_reward": 9.434835433959961, "_wandb": {"runtime": 2032}, "sum_of_rewards": 9.13517236508429}