{"reward": 9.406270146369934, "episode": 249, "_timestamp": 1721259551.447201, "epsilon": 0.05000000000008717, "_runtime": 1312.6621088981628, "_step": 249, "mean_reward": 9.251409530639648, "_wandb": {"runtime": 1311}, "sum_of_rewards": 8.930092415690423}