{"reward": 32.91357418894768, "_timestamp": 1721223031.884118, "_runtime": 31.047409057617188, "_step": 1, "epsilon": 0.8919977028086953}