{"reward": 34.656501442193985, "_timestamp": 1721221071.7411919, "_runtime": 593.2554199695587, "_step": 19, "epsilon": 0.11310751766730494}