{"reward": 7.363434076309204, "_timestamp": 1721224704.138221, "_runtime": 67.6122579574585, "_step": 17, "epsilon": 0.2979710113717373, "mean_reward": 6.8592305183410645, "_wandb": {"runtime": 71}}