{"reward": 9.400680899620056, "_timestamp": 1721229861.828969, "_runtime": 5072.814034938812, "_step": 1061, "epsilon": 0.05, "mean_reward": 8.991602897644043, "gradients/fc2.weight": {"_type": "histogram", "values": [1.0, 0.0, 0.0, 0.0, 0.0, 0.0, 0.0, 0.0, 0.0, 0.0, 0.0, 0.0, 0.0, 0.0, 0.0, 0.0, 0.0, 0.0, 0.0, 0.0, 0.0, 0.0, 1.0, 1.0, 0.0, 0.0, 0.0, 1.0, 0.0, 1.0, 0.0, 0.0, 1.0, 2.0, 6.0, 2662.0, 1.0, 2.0, 0.0, 0.0, 2.0, 1.0, 0.0, 0.0, 1.0, 1.0, 0.0, 0.0, 0.0, 0.0, 0.0, 0.0, 0.0, 0.0, 0.0, 0.0, 1.0, 1.0, 1.0, 0.0, 0.0, 0.0, 0.0, 1.0], "bins": [-0.1677602231502533, -0.16309501230716705, -0.1584298014640808, -0.15376460552215576, -0.14909939467906952, -0.14443418383598328, -0.13976897299289703, -0.13510377705097198, -0.13043856620788574, -0.1257733553647995, -0.12110814452171326, -0.11644294112920761, -0.11177773028612137, -0.10711252689361572, -0.10244731605052948, -0.09778211265802383, -0.09311690181493759, -0.08845169097185135, -0.0837864875793457, -0.07912127673625946, -0.07445607334375381, -0.06979086250066757, -0.06512565910816193, -0.060460448265075684, -0.05579524114727974, -0.051130034029483795, -0.04646482691168785, -0.04179961979389191, -0.037134408950805664, -0.03246920183300972, -0.027803994715213776, -0.02313878759741783, -0.018473580479621887, -0.013808373361825943, -0.009143165312707424, -0.004477957729250193, 0.00018724985420703888, 0.00485245743766427, 0.009517665021121502, 0.01418287307024002, 0.018848080188035965, 0.02351328730583191, 0.028178494423627853, 0.0328437015414238, 0.03750891238451004, 0.042174119502305984, 0.04683932662010193, 0.05150453373789787, 0.05616974085569382, 0.06083494797348976, 0.0655001550912857, 0.07016536593437195, 0.0748305693268776, 0.07949578016996384, 0.08416098356246948, 0.08882619440555573, 0.09349140524864197, 0.09815660864114761, 0.10282181948423386, 0.1074870228767395, 0.11215223371982574, 0.11681743711233139, 0.12148264795541763, 0.12614785134792328, 0.13081306219100952]}, "gradients/fc2.bias": {"_type": "histogram", "values": [1.0, 0.0, 0.0, 0.0, 0.0, 0.0, 0.0, 0.0, 0.0, 0.0, 0.0, 0.0, 0.0, 0.0, 0.0, 0.0, 0.0, 0.0, 0.0, 0.0, 0.0, 0.0, 0.0, 0.0, 1.0, 0.0, 0.0, 0.0, 1.0, 0.0, 0.0, 0.0, 0.0, 1.0, 0.0, 1.0, 1.0, 11.0, 0.0, 0.0, 0.0, 0.0, 0.0, 0.0, 0.0, 0.0, 0.0, 0.0, 0.0, 0.0, 0.0, 0.0, 0.0, 0.0, 0.0, 0.0, 0.0, 1.0, 0.0, 0.0, 2.0, 0.0, 0.0, 1.0], "bins": [-0.049202777445316315, -0.04787599667906761, -0.04654921963810921, -0.045222438871860504, -0.0438956581056118, -0.0425688810646534, -0.041242100298404694, -0.03991531953215599, -0.03858853876590729, -0.03726176172494888, -0.03593498095870018, -0.03460820019245148, -0.03328142315149307, -0.03195464238524437, -0.030627863481640816, -0.029301082715392113, -0.02797430381178856, -0.026647524908185005, -0.025320744141936302, -0.02399396523833275, -0.022667184472084045, -0.02134040556848049, -0.020013626664876938, -0.018686845898628235, -0.01736006699502468, -0.016033288091421127, -0.014706507325172424, -0.01337972842156887, -0.012052948586642742, -0.010726168751716614, -0.00939938984811306, -0.008072610013186932, -0.006745830178260803, -0.005419050343334675, -0.004092270974069834, -0.002765491371974349, -0.0014387117698788643, -0.00011193216778337955, 0.0012148474343121052, 0.00254162703640759, 0.0038684066385030746, 0.005195186473429203, 0.006521965842694044, 0.007848745211958885, 0.009175525046885014, 0.010502304881811142, 0.011829083785414696, 0.013155863620340824, 0.014482643455266953, 0.015809422358870506, 0.01713620312511921, 0.018462982028722763, 0.019789762794971466, 0.02111654169857502, 0.022443320602178574, 0.023770101368427277, 0.02509688027203083, 0.026423659175634384, 0.027750439941883087, 0.02907721884548664, 0.030403997749090195, 0.0317307785153389, 0.0330575592815876, 0.034384336322546005, 0.03571111708879471]}, "gradients/fc1.weight": {"_type": "histogram", "values": [1.0, 0.0, 0.0, 0.0, 0.0, 1.0, 0.0, 1.0, 1.0, 0.0, 8181.0, 0.0, 0.0, 0.0, 0.0, 0.0, 0.0, 0.0, 0.0, 0.0, 1.0, 1.0, 0.0, 0.0, 0.0, 1.0, 0.0, 0.0, 0.0, 0.0, 2.0, 0.0, 0.0, 0.0, 0.0, 0.0, 0.0, 0.0, 0.0, 0.0, 0.0, 1.0, 0.0, 0.0, 0.0, 0.0, 0.0, 0.0, 0.0, 0.0, 0.0, 0.0, 0.0, 0.0, 0.0, 0.0, 0.0, 0.0, 0.0, 0.0, 0.0, 0.0, 0.0, 1.0], "bins": [-0.022367585450410843, -0.020288335159420967, -0.01820908486843109, -0.016129834577441216, -0.01405058428645134, -0.011971333995461464, -0.009892083704471588, -0.007812833413481712, -0.0057335831224918365, -0.0036543328315019608, -0.001575082540512085, 0.0005041677504777908, 0.0025834180414676666, 0.004662668332457542, 0.006741918623447418, 0.008821168914437294, 0.01090041920542717, 0.012979669496417046, 0.015058919787406921, 0.017138170078396797, 0.019217420369386673, 0.02129667066037655, 0.023375920951366425, 0.0254551712423563, 0.027534421533346176, 0.029613671824336052, 0.03169292211532593, 0.033772170543670654, 0.03585142269730568, 0.037930674850940704, 0.04000992327928543, 0.04208917170763016, 0.044168420135974884, 0.04624766856431961, 0.048326920717954636, 0.05040617287158966, 0.05248542129993439, 0.054564669728279114, 0.05664392188191414, 0.058723174035549164, 0.06080242246389389, 0.06288167089223862, 0.06496092677116394, 0.06704017519950867, 0.0691194236278534, 0.07119867205619812, 0.07327792048454285, 0.07535717636346817, 0.0774364247918129, 0.07951567322015762, 0.08159492909908295, 0.08367417752742767, 0.0857534259557724, 0.08783267438411713, 0.08991192281246185, 0.09199117869138718, 0.0940704271197319, 0.09614967554807663, 0.09822893142700195, 0.10030817985534668, 0.1023874282836914, 0.10446667671203613, 0.10654592514038086, 0.10862518101930618, 0.11070442944765091]}, "gradients/fc1.bias": {"_type": "histogram", "values": [125.0, 0.0, 0.0, 0.0, 0.0, 0.0, 0.0, 0.0, 0.0, 0.0, 0.0, 0.0, 0.0, 0.0, 0.0, 0.0, 0.0, 0.0, 0.0, 0.0, 0.0, 0.0, 1.0, 1.0, 0.0, 0.0, 0.0, 0.0, 0.0, 0.0, 0.0, 0.0, 0.0, 0.0, 0.0, 0.0, 0.0, 0.0, 0.0, 0.0, 0.0, 0.0, 0.0, 0.0, 0.0, 0.0, 0.0, 0.0, 0.0, 0.0, 0.0, 0.0, 0.0, 0.0, 0.0, 0.0, 0.0, 0.0, 0.0, 0.0, 0.0, 0.0, 0.0, 1.0], "bins": [-0.0003441763110458851, 0.00016264646546915174, 0.0006694692419841886, 0.0011762920767068863, 0.0016831147950142622, 0.002189937513321638, 0.0026967604644596577, 0.0032035831827670336, 0.0037104059010744095, 0.004217228852212429, 0.004724051337689161, 0.005230874288827181, 0.005737696774303913, 0.006244519725441933, 0.006751342676579952, 0.0072581651620566845, 0.007764988113194704, 0.008271810598671436, 0.008778633549809456, 0.009285456500947475, 0.009792279452085495, 0.010299102403223515, 0.01080592442303896, 0.011312747374176979, 0.011819570325314999, 0.012326393276453018, 0.012833216227591038, 0.013340038247406483, 0.013846861198544502, 0.014353684149682522, 0.014860507100820541, 0.015367330051958561, 0.01587415300309658, 0.016380975022912025, 0.01688779890537262, 0.017394620925188065, 0.01790144480764866, 0.018408266827464104, 0.01891508884727955, 0.019421912729740143, 0.019928734749555588, 0.020435558632016182, 0.020942380651831627, 0.021449202671647072, 0.021956026554107666, 0.02246284857392311, 0.022969672456383705, 0.02347649447619915, 0.023983318358659744, 0.02449014037847519, 0.024996962398290634, 0.02550378628075123, 0.026010608300566673, 0.026517432183027267, 0.027024254202842712, 0.027531076222658157, 0.02803790010511875, 0.028544722124934196, 0.02905154600739479, 0.029558368027210236, 0.03006519004702568, 0.030572013929486275, 0.03107883594930172, 0.031585659831762314, 0.03209248185157776]}, "gradients/fc_vehicle_count.weight": {"_type": "histogram", "values": [1.0, 0.0, 0.0, 0.0, 0.0, 0.0, 0.0, 0.0, 0.0, 0.0, 0.0, 0.0, 0.0, 0.0, 0.0, 0.0, 0.0, 0.0, 0.0, 0.0, 0.0, 0.0, 0.0, 0.0, 0.0, 0.0, 0.0, 0.0, 1.0, 0.0, 0.0, 0.0, 0.0, 0.0, 0.0, 0.0, 0.0, 1.0, 2.0, 0.0, 0.0, 0.0, 0.0, 0.0, 0.0, 0.0, 0.0, 0.0, 0.0, 0.0, 186.0, 0.0, 0.0, 0.0, 0.0, 0.0, 0.0, 0.0, 0.0, 0.0, 0.0, 0.0, 0.0, 1.0],