{"reward": 8.18591445684433, "_timestamp": 1721229422.2261498, "_runtime": 4641.572192907333, "_step": 749, "epsilon": 0.051257604230722134, "mean_reward": 7.548538684844971, "gradients/fc2.weight": {"_type": "histogram", "values": [1.0, 0.0, 0.0, 0.0, 0.0, 0.0, 1.0, 0.0, 0.0, 0.0, 1.0, 4.0, 0.0, 0.0, 2.0, 1.0, 2.0, 3.0, 4.0, 4.0, 9.0, 12.0, 20.0, 35.0, 72.0, 2333.0, 76.0, 35.0, 20.0, 16.0, 4.0, 6.0, 6.0, 2.0, 3.0, 2.0, 3.0, 3.0, 0.0, 2.0, 0.0, 0.0, 1.0, 0.0, 1.0, 0.0, 1.0, 1.0, 0.0, 1.0, 0.0, 0.0, 0.0, 0.0, 0.0, 0.0, 0.0, 0.0, 0.0, 0.0, 0.0, 0.0, 0.0, 1.0], "bins": [-0.30717211961746216, -0.2951866388320923, -0.2832011282444, -0.27121564745903015, -0.2592301368713379, -0.24724464118480682, -0.23525914549827576, -0.2232736498117447, -0.21128815412521362, -0.19930267333984375, -0.18731717765331268, -0.17533168196678162, -0.16334618628025055, -0.15136069059371948, -0.13937519490718842, -0.12738969922065735, -0.11540420353412628, -0.10341870784759521, -0.09143321216106415, -0.07944771647453308, -0.06746222078800201, -0.055476728826761246, -0.04349123686552048, -0.03150574117898941, -0.019520245492458344, -0.007534750737249851, 0.004450744017958641, 0.01643623784184456, 0.028421733528375626, 0.04040722921490669, 0.05239272117614746, 0.06437821686267853, 0.0763637125492096, 0.08834920823574066, 0.10033470392227173, 0.1123201996088028, 0.12430569529533386, 0.13629119098186493, 0.148276686668396, 0.16026218235492706, 0.17224767804145813, 0.184233158826828, 0.19621865451335907, 0.20820415019989014, 0.2201896458864212, 0.23217514157295227, 0.24416063725948334, 0.2561461329460144, 0.2681316137313843, 0.28011712431907654, 0.2921026051044464, 0.30408811569213867, 0.31607359647750854, 0.3280591070652008, 0.3400445878505707, 0.35203009843826294, 0.3640155792236328, 0.3760010898113251, 0.38798657059669495, 0.3999720811843872, 0.4119575619697571, 0.42394307255744934, 0.4359285533428192, 0.4479140639305115, 0.45989954471588135]}, "gradients/fc2.bias": {"_type": "histogram", "values": [1.0, 0.0, 0.0, 0.0, 0.0, 1.0, 0.0, 0.0, 0.0, 0.0, 1.0, 0.0, 0.0, 1.0, 0.0, 0.0, 1.0, 0.0, 2.0, 1.0, 0.0, 2.0, 1.0, 0.0, 0.0, 0.0, 0.0, 0.0, 1.0, 1.0, 0.0, 0.0, 0.0, 1.0, 0.0, 1.0, 1.0, 0.0, 1.0, 0.0, 1.0, 0.0, 0.0, 0.0, 0.0, 0.0, 1.0, 0.0, 1.0, 0.0, 0.0, 0.0, 0.0, 0.0, 0.0, 0.0, 0.0, 0.0, 0.0, 0.0, 0.0, 0.0, 0.0, 1.0], "bins": [-0.024605482816696167, -0.02366911806166172, -0.022732753306627274, -0.021796386688947678, -0.02086002193391323, -0.019923657178878784, -0.018987292423844337, -0.01805092766880989, -0.017114561051130295, -0.016178196296095848, -0.015241831541061401, -0.014305466786026955, -0.013369102030992508, -0.012432736344635487, -0.01149637158960104, -0.010560005903244019, -0.009623641148209572, -0.008687276393175125, -0.007750910706818104, -0.006814545951783657, -0.005878180731087923, -0.004941815510392189, -0.004005450755357742, -0.0030690855346620083, -0.0021327203139662743, -0.001196355209685862, -0.00025999010540544987, 0.0006763749988749623, 0.0016127401031553745, 0.0025491053238511086, 0.003485470311716199, 0.004421835299581289, 0.005358200520277023, 0.006294565740972757, 0.007230930961668491, 0.008167295716702938, 0.00910366140305996, 0.010040026158094406, 0.010976390913128853, 0.011912756599485874, 0.012849121354520321, 0.013785486109554768, 0.014721851795911789, 0.015658216550946236, 0.016594581305980682, 0.01753094606101513, 0.018467312678694725, 0.019403677433729172, 0.02034004218876362, 0.021276406943798065, 0.022212771698832512, 0.023149138316512108, 0.024085503071546555, 0.025021867826581, 0.025958232581615448, 0.026894597336649895, 0.02783096209168434, 0.028767328709363937, 0.029703693464398384, 0.03064005821943283, 0.03157642483711243, 0.032512787729501724, 0.03344915434718132, 0.03438551723957062, 0.035321883857250214]}, "gradients/fc1.weight": {"_type": "histogram", "values": [1.0, 0.0, 0.0, 0.0, 0.0, 0.0, 0.0, 0.0, 0.0, 0.0, 0.0, 0.0, 0.0, 0.0, 0.0, 0.0, 0.0, 0.0, 0.0, 0.0, 0.0, 0.0, 0.0, 0.0, 0.0, 0.0, 1.0, 0.0, 1.0, 0.0, 3.0, 1.0, 1.0, 2.0, 3.0, 10.0, 7.0, 15.0, 58.0, 3896.0, 36.0, 19.0, 6.0, 7.0, 2.0, 7.0, 2.0, 2.0, 3.0, 1.0, 3.0, 0.0, 4.0, 1.0, 0.0, 0.0, 0.0, 0.0, 0.0, 1.0, 0.0, 1.0, 0.0, 2.0], "bins": [-0.5200470089912415, -0.5068060755729675, -0.4935652017593384, -0.48032426834106445, -0.4670833647251129, -0.4538424611091614, -0.44060155749320984, -0.4273606240749359, -0.4141197204589844, -0.40087881684303284, -0.3876379132270813, -0.37439700961112976, -0.36115607619285583, -0.3479151725769043, -0.33467426896095276, -0.3214333653450012, -0.3081924319267273, -0.29495152831077576, -0.2817106246948242, -0.2684697210788727, -0.25522881746292114, -0.2419878989458084, -0.22874698042869568, -0.21550607681274414, -0.2022651731967926, -0.18902425467967987, -0.17578335106372833, -0.1625424325466156, -0.14930152893066406, -0.13606061041355133, -0.12281970679759979, -0.10957879573106766, -0.09633788466453552, -0.08309697359800339, -0.06985606253147125, -0.056615155190229416, -0.04337424412369728, -0.030133333057165146, -0.01689242385327816, -0.0036515137180685997, 0.00958939641714096, 0.022830307483673096, 0.03607121855020523, 0.04931212589144707, 0.0625530332326889, 0.07579394429922104, 0.08903485536575317, 0.10227576643228531, 0.11551667749881744, 0.12875758111476898, 0.1419984996318817, 0.15523940324783325, 0.16848032176494598, 0.18172122538089752, 0.19496214389801025, 0.2082030475139618, 0.22144395112991333, 0.23468486964702606, 0.2479257732629776, 0.26116669178009033, 0.27440759539604187, 0.2876484990119934, 0.30088943243026733, 0.31413033604621887, 0.3273712396621704]}, "gradients/fc1.bias": {"_type": "histogram", "values": [1.0, 0.0, 0.0, 0.0, 0.0, 0.0, 0.0, 0.0, 0.0, 0.0, 0.0, 0.0, 0.0, 0.0, 0.0, 0.0, 0.0, 0.0, 0.0, 0.0, 0.0, 1.0, 0.0, 0.0, 0.0, 0.0, 0.0, 0.0, 1.0, 2.0, 1.0, 0.0, 4.0, 6.0, 95.0, 4.0, 0.0, 2.0, 0.0, 2.0, 0.0, 1.0, 0.0, 0.0, 2.0, 0.0, 4.0, 0.0, 0.0, 0.0, 0.0, 0.0, 0.0, 0.0, 0.0, 0.0, 0.0, 0.0, 1.0, 0.0, 0.0, 0.0, 0.0, 1.0], "bins": [-0.021842923015356064, -0.02120499685406685, -0.020567070692777634, -0.01992914453148842, -0.019291216507554054, -0.01865329034626484, -0.018015364184975624, -0.01737743802368641, -0.016739511862397194, -0.01610158570110798, -0.015463658608496189, -0.014825732447206974, -0.014187805354595184, -0.01354987919330597, -0.012911953032016754, -0.012274025939404964, -0.01163609977811575, -0.010998173616826534, -0.010360246524214745, -0.00972232036292553, -0.009084394201636314, -0.008446467109024525, -0.00780854094773531, -0.0071706147864460945, -0.006532688159495592, -0.00589476153254509, -0.005256835371255875, -0.004618908744305372, -0.00398098211735487, -0.0033430559560656548, -0.0027051293291151524, -0.0020672029349952936, -0.0014292765408754349, -0.0007913500885479152, -0.00015342363622039557, 0.0004845028161071241, 0.0011224292684346437, 0.0017603556625545025, 0.002398282289505005, 0.0030362086836248636, 0.0036741350777447224, 0.004312061704695225, 0.00494998786598444, 0.005587914492934942, 0.006225841119885445, 0.00686376728117466, 0.007501693908125162, 0.008139620535075665, 0.00877754669636488, 0.009415472857654095, 0.010053399950265884, 0.0106913261115551, 0.011329252272844315, 0.011967179365456104, 0.01260510552674532, 0.013243031688034534, 0.013880958780646324, 0.01451888494193554, 0.015156811103224754, 0.01579473726451397, 0.016432663425803185, 0.01707059144973755, 0.017708517611026764, 0.01834644377231598, 0.018984369933605194]}, "gradients/fc_vehicle_count.weight": {"_type": "histogram", "values": [1.0, 0.0, 0.0, 0.0, 0.0, 0.0, 0.0, 0.0, 0.0, 0.0, 0.0, 0.0, 0.0, 0.0, 0.0, 0.0, 0.0, 0.0, 0.0, 0.0, 0.0, 0.0, 0.0, 0.0, 0.0, 1.0, 0.0, 1.0, 0.0, 0.0, 0.0, 1.0, 1.0, 2.0, 0.0, 0.0, 0.0, 0.0, 1.0, 0.0, 1.0, 3.0, 0.0, 1.0, 68.0, 3.0, 2.0, 0.0, 2.0, 0.0, 0.0, 1.0, 5.0, 0.0, 0.0, 0.0, 0.0, 0.0, 0.0, 0.0, 0.0, 0.0, 1.0, 1.0],