{"reward": 29.351853877305984, "_timestamp": 1721221229.365193, "_runtime": 114.307119846344, "_step": 3, "epsilon": 0.46128580512916695}