{"reward": 9.549485385417938, "episode": 59, "_timestamp": 1721232965.9215019, "epsilon": 0.05000000088152367, "mean_reward": 8.111349105834961, "_runtime": 129.4263608455658, "_step": 59, "_wandb": {"runtime": 129}, "sum_of_rewards": 7.916179256818511}