{"reward": 8.281128823757172, "_timestamp": 1721223340.143865, "_runtime": 220.36569905281067, "_step": 199, "epsilon": 0.05313216705779552, "gradients/fc2.weight": {"_type": "histogram", "values": [672.0], "bins": [0.0, 0.0]}, "gradients/fc2.bias": {"_type": "histogram", "values": [1.0, 0.0, 0.0, 0.0, 0.0, 0.0, 1.0, 0.0, 1.0, 0.0, 0.0, 0.0, 0.0, 0.0, 0.0, 0.0, 0.0, 0.0, 0.0, 0.0, 1.0, 0.0, 0.0, 1.0, 2.0, 0.0, 0.0, 0.0, 10.0, 1.0, 0.0, 0.0, 1.0, 0.0, 0.0, 0.0, 0.0, 1.0, 0.0, 0.0, 0.0, 0.0, 0.0, 0.0, 0.0, 0.0, 0.0, 0.0, 0.0, 0.0, 0.0, 0.0, 0.0, 0.0, 0.0, 0.0, 0.0, 0.0, 0.0, 0.0, 0.0, 0.0, 0.0, 1.0], "bins": [-0.001517848577350378, -0.001463848864659667, -0.0014098490355536342, -0.0013558493228629231, -0.0013018496101722121, -0.0012478497810661793, -0.0011938500683754683, -0.0011398503556847572, -0.0010858506429940462, -0.0010318508138880134, -0.0009778511011973023, -0.0009238513302989304, -0.0008698515594005585, -0.0008158518467098475, -0.0007618520758114755, -0.0007078523631207645, -0.0006538525922223926, -0.0005998528213240206, -0.0005458531086333096, -0.0004918533377349377, -0.0004378535959403962, -0.0003838538541458547, -0.0003298540832474828, -0.0002758543414529413, -0.00022185459965839982, -0.00016785485786385834, -0.00011385510151740164, -5.985535244690254e-05, -5.855603376403451e-06, 4.814414569409564e-05, 0.00010214389476459473, 0.00015614365111105144, 0.00021014339290559292, 0.0002641431347001344, 0.0003181428764946759, 0.0003721426473930478, 0.0004261423891875893, 0.00048014213098213077, 0.0005341419018805027, 0.0005881416145712137, 0.0006421413854695857, 0.0006961411563679576, 0.0007501408690586686, 0.0008041406399570405, 0.0008581404108554125, 0.0009121401235461235, 0.0009661398944444954, 0.0010201396653428674, 0.0010741393780335784, 0.0011281390907242894, 0.0011821389198303223, 0.0012361386325210333, 0.0012901383452117443, 0.0013441381743177772, 0.0013981378870084882, 0.0014521375996991992, 0.001506137428805232, 0.001560137141495943, 0.001614136854186654, 0.0016681365668773651, 0.001722136395983398, 0.001776136108674109, 0.00183013582136482, 0.0018841356504708529, 0.0019381353631615639]}, "gradients/fc1.weight": {"_type": "histogram", "values": [2048.0], "bins": [0.0, 0.0]}, "gradients/fc1.bias": {"_type": "histogram", "values": [32.0], "bins": [0.0, 0.0]}, "gradients/fc_vehicle_count.weight": {"_type": "histogram", "values": [192.0], "bins": [0.0, 0.0]}, "gradients/fc_vehicle_count.bias": {"_type": "histogram", "values": [32.0], "bins": [0.0, 0.0]}, "gradients/fc_occupancy.weight": {"_type": "histogram", "values": [192.0], "bins": [0.0, 0.0]}, "gradients/fc_occupancy.bias": {"_type": "histogram", "values": [32.0], "bins": [0.0, 0.0]}, "_wandb": {"runtime": 219}}