{"reward": 8.599467724561691, "episode": 249, "_timestamp": 1721243758.589041, "epsilon": 0.05000000000004682, "_runtime": 1244.9802329540253, "_step": 249, "mean_reward": 8.011281967163086, "_wandb": {"runtime": 1244}, "sum_of_rewards": 7.633887701034546}