{"reward": 9.178614437580109, "episode": 59, "_timestamp": 1721233309.847889, "epsilon": 0.05154890063616258, "mean_reward": 8.721120834350586, "_runtime": 117.02796983718872, "_step": 59, "_wandb": {"runtime": 116}, "sum_of_rewards": 8.192451351056707}