{"reward": 8.546543687582016, "episode": 399, "_timestamp": 1721238315.027609, "epsilon": 0.05000000000001789, "mean_reward": 8.825362205505371, "_runtime": 1430.529197216034, "_step": 399, "_wandb": {"runtime": 1430}, "sum_of_rewards": 8.781251849394579}