{"reward": 9.012802928686142, "episode": 43, "_timestamp": 1721233982.523016, "epsilon": 0.18948351722231666, "_runtime": 176.6403648853302, "_step": 43, "mean_reward": 8.30789852142334, "_wandb": {"runtime": 176}}