{"reward": 8.994859725236893, "episode": 211, "_timestamp": 1721261184.3523688, "epsilon": 0.05000000000539974, "_runtime": 1195.2315537929535, "_step": 211, "mean_reward": 9.400328636169434, "_wandb": {"runtime": 1198}}