{"reward": 9.496792018413544, "episode": 133, "_timestamp": 1721240503.698548, "epsilon": 0.05, "mean_reward": 9.131243705749512, "_runtime": 446.83679008483887, "_step": 133, "_wandb": {"runtime": 446}}