{"reward": 9.114098370075226, "episode": 399, "_timestamp": 1721246975.761806, "epsilon": 0.05000000001011919, "_runtime": 1856.401705980301, "_step": 399, "mean_reward": 9.112334251403809, "_wandb": {"runtime": 1855}, "sum_of_rewards": 8.980344071984291}