{"reward": 9.46342420578003, "episode": 399, "_timestamp": 1721250240.284671, "epsilon": 0.053983806176103294, "_runtime": 2001.1738929748535, "_step": 399, "mean_reward": 9.297743797302246, "_wandb": {"runtime": 2000}, "sum_of_rewards": 8.940961419790984}