{"reward": 5.4862717390060425, "episode": 399, "_timestamp": 1721246201.815216, "epsilon": 0.05000000000288085, "_runtime": 1973.5468881130219, "_step": 399, "mean_reward": 7.190659046173096, "_wandb": {"runtime": 1972}, "sum_of_rewards": 7.278635749667883}