{"reward": 9.32533448934555, "episode": 49, "_timestamp": 1721233495.8626719, "epsilon": 0.05000000000000034, "mean_reward": 8.885738372802734, "_runtime": 102.32193183898926, "_step": 49, "_wandb": {"runtime": 101}, "sum_of_rewards": 8.347472223910419}