{"reward": 5.319572329521179, "_timestamp": 1721224487.5855339, "_runtime": 181.70550394058228, "_step": 44, "epsilon": 0.13126359484322792, "mean_reward": 5.833266258239746, "_wandb": {"runtime": 191}}