{"reward": 7.32953867316246, "_timestamp": 1721224493.8953001, "_runtime": 188.33728623390198, "_step": 35, "epsilon": 0.3923426584099946, "mean_reward": 6.338019847869873, "_wandb": {"runtime": 191}}