{"reward": 35.766528844833374, "_timestamp": 1721221222.229441, "_runtime": 107.0188729763031, "_step": 3, "epsilon": 0.26066054288803936}