{"reward": 9.353908240795135, "episode": 59, "_timestamp": 1721232837.7322712, "epsilon": 0.050000035282928304, "mean_reward": 9.087157249450684, "_runtime": 119.91304421424866, "_step": 59, "_wandb": {"runtime": 119}, "sum_of_rewards": 8.446424094800438}