{"reward": 9.607904851436615, "episode": 151, "_timestamp": 1721582981.223543, "epsilon": 0.15990597947827823, "_runtime": 577.6647548675537, "_step": 151, "mean_reward": 8.656756401062012}