{"reward": 39.83626440167427, "_timestamp": 1721221060.8778582, "_runtime": 582.2503192424774, "_step": 21, "epsilon": 0.3075840934591295}