{"reward": 8.749717980623245, "episode": 39, "_timestamp": 1721230456.867188, "epsilon": 0.2882032230939355, "mean_reward": 7.858355522155762, "_runtime": 72.96513485908508, "_step": 39, "_wandb": {"runtime": 72}}