{"reward": 9.286059319972992, "episode": 249, "_timestamp": 1721245011.1240451, "epsilon": 0.05122321099637921, "_runtime": 1228.2372250556946, "_step": 249, "mean_reward": 8.656850814819336, "_wandb": {"runtime": 1227}, "sum_of_rewards": 8.277808847546577}