{"reward": 8.521293371915817, "episode": 399, "_timestamp": 1721245015.195958, "epsilon": 0.05000000002602071, "_runtime": 1930.5146589279175, "_step": 399, "mean_reward": 8.682940483093262, "_wandb": {"runtime": 1929}, "sum_of_rewards": 8.32162120617926}