{"reward": 37.56311717629433, "_timestamp": 1721221088.705976, "_runtime": 610.1200640201569, "_step": 21, "epsilon": 0.6855915774126373}