{"reward": 9.554243266582489, "_timestamp": 1721229420.877441, "_runtime": 4640.240113019943, "_step": 749, "epsilon": 0.052049448503024, "mean_reward": 9.371397018432617, "gradients/fc2.weight": {"_type": "histogram", "values": [672.0], "bins": [0.0, 0.0]}, "gradients/fc2.bias": {"_type": "histogram", "values": [1.0, 0.0, 0.0, 0.0, 0.0, 0.0, 0.0, 0.0, 0.0, 0.0, 0.0, 0.0, 0.0, 0.0, 2.0, 0.0, 0.0, 0.0, 0.0, 0.0, 0.0, 0.0, 0.0, 0.0, 0.0, 0.0, 0.0, 0.0, 0.0, 0.0, 0.0, 0.0, 0.0, 1.0, 0.0, 0.0, 0.0, 0.0, 1.0, 0.0, 0.0, 3.0, 1.0, 0.0, 2.0, 0.0, 2.0, 0.0, 1.0, 0.0, 1.0, 1.0, 0.0, 1.0, 1.0, 1.0, 0.0, 0.0, 0.0, 0.0, 1.0, 0.0, 0.0, 1.0], "bins": [-0.0010833744890987873, -0.0010575237683951855, -0.0010316730476915836, -0.0010058224434033036, -0.0009799717226997018, -0.0009541210019961, -0.0009282702812924981, -0.0009024196187965572, -0.0008765688980929554, -0.0008507181773893535, -0.0008248675148934126, -0.0007990167941898108, -0.0007731660734862089, -0.000747315410990268, -0.0007214646902866662, -0.0006956140277907252, -0.0006697633070871234, -0.0006439125863835216, -0.0006180619238875806, -0.0005922112031839788, -0.0005663605406880379, -0.000540509819984436, -0.0005146590992808342, -0.0004888084367848933, -0.00046295771608129144, -0.00043710702448152006, -0.0004112563328817487, -0.00038540561217814684, -0.00035955492057837546, -0.0003337042289786041, -0.00030785350827500224, -0.00028200281667523086, -0.0002561521250754595, -0.0002303014334756881, -0.0002044507273240015, -0.00017860002117231488, -0.0001527493295725435, -0.00012689863797277212, -0.00010104793182108551, -7.519723294535652e-05, -4.9346534069627523e-05, -2.349583519389853e-05, 2.354863681830466e-06, 2.820556255755946e-05, 5.4056261433288455e-05, 7.990696030901745e-05, 0.00010575765918474644, 0.00013160836533643305, 0.00015745905693620443, 0.00018330974853597581, 0.00020916045468766242, 0.00023501116083934903, 0.0002608618524391204, 0.0002867125440388918, 0.00031256326474249363, 0.000338413956342265, 0.0003642646479420364, 0.00039011533954180777, 0.00041596603114157915, 0.000441816751845181, 0.00046766744344495237, 0.0004935181350447237, 0.0005193688557483256, 0.0005452195182442665, 0.0005710702389478683]}, "gradients/fc1.weight": {"_type": "histogram", "values": [4096.0], "bins": [0.0, 0.0]}, "gradients/fc1.bias": {"_type": "histogram", "values": [32.0], "bins": [0.0, 0.0]}, "gradients/fc_vehicle_count.weight": {"_type": "histogram", "values": [384.0], "bins": [0.0, 0.0]}, "gradients/fc_vehicle_count.bias": {"_type": "histogram", "values": [64.0], "bins": [0.0, 0.0]}, "gradients/fc_occupancy.weight": {"_type": "histogram", "values": [384.0], "bins": [0.0, 0.0]}, "gradients/fc_occupancy.bias": {"_type": "histogram", "values": [64.0], "bins": [0.0, 0.0]}, "_wandb": {"runtime": 4639}}