{"reward": 9.629076659679413, "episode": 149, "_timestamp": 1721582985.213546, "epsilon": 0.05000000000000015, "_runtime": 582.3000469207764, "_step": 149, "mean_reward": 9.404197692871094, "_wandb": {"runtime": 583}}