{"reward": 9.230229377746582, "episode": 649, "_timestamp": 1721300211.425594, "epsilon": 0.05, "_runtime": 3447.2519211769104, "_step": 649, "mean_reward": 9.409213066101074, "_wandb": {"runtime": 3446}, "sum_of_rewards": 9.332821657107427}