{"reward": 9.47954648733139, "episode": 499, "_timestamp": 1721282129.5624561, "epsilon": 0.05, "_runtime": 2594.1417150497437, "_step": 499, "mean_reward": 9.37484359741211, "_wandb": {"runtime": 2593}, "sum_of_rewards": 9.124783179819584}