{"reward": 9.234502673149109, "episode": 399, "_timestamp": 1721250890.388177, "epsilon": 0.05003455732989889, "_runtime": 1974.5926938056946, "_step": 399, "mean_reward": 9.292920112609863, "_wandb": {"runtime": 1973}, "sum_of_rewards": 9.08671661145985}