{"reward": 9.550732374191284, "episode": 399, "_timestamp": 1721238795.061762, "epsilon": 0.05000002328268635, "mean_reward": 9.363131523132324, "_runtime": 1287.3334550857544, "_step": 399, "_wandb": {"runtime": 1286}, "sum_of_rewards": 8.94751334860407}