{"reward": 30.549524247646332, "_timestamp": 1721223030.469193, "_runtime": 29.760704040527344, "_step": 1, "epsilon": 0.5181282731906511}