{"reward": 31.477323085069656, "_timestamp": 1721165940.41313, "_runtime": 24.62613606452942, "_step": 1, "epsilon": 0.8949997651975068, "_wandb": {"runtime": 24}}