{"reward": 9.451759994029999, "episode": 249, "_timestamp": 1721237890.337965, "epsilon": 0.050000000000095246, "mean_reward": 9.284192085266113, "_runtime": 976.5959451198578, "_step": 249, "_wandb": {"runtime": 976}, "sum_of_rewards": 8.831906697931498}