{"reward": 34.58015641570091, "_timestamp": 1721165377.256469, "_runtime": 21.75211191177368, "_step": 1, "epsilon": 0.8949997651975068, "_wandb": {"runtime": 21}}