{"reward": 7.920921891927719, "episode": 49, "_timestamp": 1721232827.606247, "epsilon": 0.07831566201715193, "mean_reward": 7.700923919677734, "_runtime": 109.88101983070374, "_step": 49, "_wandb": {"runtime": 109}, "sum_of_rewards": 7.720572560584103}