{"reward": 9.193552732467651, "episode": 59, "_timestamp": 1721233513.870843, "epsilon": 0.05, "mean_reward": 8.570330619812012, "_runtime": 120.33558201789856, "_step": 59, "_wandb": {"runtime": 119}, "sum_of_rewards": 8.399616889450057}