{"reward": 8.565907329320908, "episode": 399, "_timestamp": 1721246915.154718, "epsilon": 0.05377407518439944, "_runtime": 1880.1958289146423, "_step": 399, "mean_reward": 8.693711280822754, "_wandb": {"runtime": 1879}, "sum_of_rewards": 8.34511021964252}