{"reward": 8.899656146764755, "_timestamp": 1721229370.906343, "_runtime": 4591.758600950241, "_step": 749, "epsilon": 0.05000027084350509, "mean_reward": 8.991668701171875, "gradients/fc2.weight": {"_type": "histogram", "values": [1.0, 0.0, 0.0, 0.0, 0.0, 0.0, 0.0, 0.0, 1.0, 0.0, 0.0, 0.0, 0.0, 1.0, 0.0, 0.0, 0.0, 1.0, 0.0, 0.0, 0.0, 0.0, 0.0, 1.0, 1.0, 0.0, 0.0, 0.0, 0.0, 0.0, 0.0, 0.0, 0.0, 0.0, 0.0, 2.0, 3.0, 3.0, 3.0, 1.0, 4.0, 7.0, 8.0, 612.0, 0.0, 1.0, 3.0, 2.0, 3.0, 2.0, 0.0, 1.0, 0.0, 1.0, 2.0, 2.0, 1.0, 2.0, 0.0, 2.0, 0.0, 0.0, 0.0, 1.0], "bins": [-0.01709987036883831, -0.01671014539897442, -0.016320420429110527, -0.015930695459246635, -0.015540970489382744, -0.015151245519518852, -0.01476152054965496, -0.014371795579791069, -0.013982070609927177, -0.01359234657138586, -0.013202621601521969, -0.012812896631658077, -0.012423171661794186, -0.012033446691930294, -0.011643721722066402, -0.01125399675220251, -0.01086427178233862, -0.010474546812474728, -0.010084821842610836, -0.009695096872746944, -0.009305371902883053, -0.008915646933019161, -0.00852592196315527, -0.008136196993291378, -0.007746472489088774, -0.007356747519224882, -0.0069670225493609905, -0.006577297579497099, -0.006187573075294495, -0.005797848105430603, -0.005408123135566711, -0.00501839816570282, -0.004628672264516354, -0.004238947294652462, -0.0038492223247885704, -0.0034594975877553225, -0.003069772617891431, -0.0026800476480275393, -0.0022903229109942913, -0.0019005979411303997, -0.001510872971266508, -0.0011211480014026165, -0.0007314231479540467, -0.00034169823629781604, 4.802667535841465e-05, 0.00043775158701464534, 0.000827476498670876, 0.0012172013521194458, 0.0016069263219833374, 0.001996651291847229, 0.0023863762617111206, 0.0027761009987443686, 0.00316582596860826, 0.0035555509384721518, 0.0039452756755054, 0.004335000645369291, 0.004724725615233183, 0.0051144505850970745, 0.005504175554960966, 0.005893900524824858, 0.006283625029027462, 0.006673349998891354, 0.007063074968755245, 0.007452799938619137, 0.007842524908483028]}, "gradients/fc2.bias": {"_type": "histogram", "values": [1.0, 0.0, 0.0, 0.0, 0.0, 0.0, 0.0, 0.0, 0.0, 0.0, 0.0, 0.0, 0.0, 0.0, 0.0, 0.0, 1.0, 0.0, 0.0, 0.0, 0.0, 0.0, 0.0, 0.0, 0.0, 0.0, 0.0, 0.0, 0.0, 0.0, 0.0, 0.0, 0.0, 1.0, 2.0, 0.0, 0.0, 1.0, 0.0, 2.0, 1.0, 3.0, 4.0, 0.0, 0.0, 1.0, 0.0, 0.0, 0.0, 1.0, 0.0, 0.0, 0.0, 0.0, 0.0, 0.0, 0.0, 0.0, 2.0, 0.0, 0.0, 0.0, 0.0, 1.0], "bins": [-0.01717402972280979, -0.016771502792835236, -0.01636897400021553, -0.015966445207595825, -0.01556391827762127, -0.015161390416324139, -0.014758862555027008, -0.014356334693729877, -0.013953806832432747, -0.013551278971135616, -0.013148751109838486, -0.012746223248541355, -0.012343695387244225, -0.011941167525947094, -0.011538639664649963, -0.011136111803352833, -0.010733583942055702, -0.010331056080758572, -0.009928528219461441, -0.00952600035816431, -0.00912347249686718, -0.00872094463557005, -0.008318416774272919, -0.007915888912975788, -0.0075133610516786575, -0.007110833190381527, -0.006708305329084396, -0.006305777467787266, -0.005903249606490135, -0.005500721745193005, -0.005098193883895874, -0.0046956660225987434, -0.004293138161301613, -0.0038906103000044823, -0.0034880824387073517, -0.003085554577410221, -0.0026830267161130905, -0.00228049885481596, -0.0018779709935188293, -0.0014754431322216988, -0.0010729152709245682, -0.0006703874096274376, -0.000267859548330307, 0.00013466831296682358, 0.0005371961742639542, 0.0009397240355610847, 0.0013422518968582153, 0.001744779758155346, 0.0021473076194524765, 0.002549835480749607, 0.0029523633420467377, 0.0033548912033438683, 0.003757419064640999, 0.004159946925938129, 0.00456247478723526, 0.004965002648532391, 0.005367530509829521, 0.005770058371126652, 0.006172586232423782, 0.006575114093720913, 0.0069776419550180435, 0.007380169816315174, 0.007782697677612305, 0.008185225538909435, 0.008587753400206566]}, "gradients/fc1.weight": {"_type": "histogram", "values": [1.0, 0.0, 0.0, 0.0, 1.0, 0.0, 0.0, 0.0, 0.0, 0.0, 0.0, 0.0, 0.0, 0.0, 0.0, 0.0, 0.0, 0.0, 1.0, 0.0, 0.0, 0.0, 0.0, 0.0, 0.0, 0.0, 0.0, 0.0, 0.0, 0.0, 0.0, 1.0, 0.0, 0.0, 0.0, 0.0, 1.0, 0.0, 0.0, 0.0, 1.0, 0.0, 1016.0, 0.0, 0.0, 0.0, 0.0, 0.0, 1.0, 0.0, 0.0, 0.0, 0.0, 0.0, 0.0, 0.0, 0.0, 0.0, 0.0, 0.0, 0.0, 0.0, 0.0, 1.0], "bins": [-0.022623954340815544, -0.0220857635140419, -0.021547574549913406, -0.021009383723139763, -0.02047119289636612, -0.019933003932237625, -0.01939481310546398, -0.018856622278690338, -0.018318433314561844, -0.0177802424877882, -0.017242051661014557, -0.016703862696886063, -0.01616567187011242, -0.015627481043338776, -0.015089292079210281, -0.014551101252436638, -0.014012911356985569, -0.0134747214615345, -0.012936530634760857, -0.012398340739309788, -0.011860150843858719, -0.011321960017085075, -0.010783770121634007, -0.010245580226182938, -0.009707389399409294, -0.009169199503958225, -0.008631009608507156, -0.008092819713056087, -0.007554628886282444, -0.007016438990831375, -0.006478248629719019, -0.00594005873426795, -0.005401868373155594, -0.004863678012043238, -0.004325488116592169, -0.0037872977554798126, -0.0032491076271981, -0.0027109174989163876, -0.0021727271378040314, -0.0016345370095223188, -0.0010963468812406063, -0.0005581566947512329, -1.9966508261859417e-05, 0.000518223678227514, 0.0010564138647168875, 0.0015946039929986, 0.002132794354110956, 0.0026709844823926687, 0.0032091746106743813, 0.003747364738956094, 0.004285554867237806, 0.0048237452283501625, 0.005361935123801231, 0.005900125484913588, 0.006438315846025944, 0.006976505741477013, 0.007514696102589369, 0.008052886463701725, 0.008591076359152794, 0.009129266254603863, 0.009667457081377506, 0.010205646976828575, 0.010743836872279644, 0.011282027699053288, 0.011820217594504356]}, "gradients/fc1.bias": {"_type": "histogram", "values": [1.0, 0.0, 0.0, 0.0, 0.0, 0.0, 1.0, 0.0, 0.0, 1.0, 0.0, 0.0, 0.0, 0.0, 0.0, 0.0, 0.0, 0.0, 0.0, 0.0, 0.0, 0.0, 28.0, 0.0, 0.0, 0.0, 0.0, 0.0, 0.0, 0.0, 0.0, 0.0, 0.0, 0.0, 0.0, 0.0, 0.0, 0.0, 0.0, 0.0, 0.0, 0.0, 0.0, 0.0, 0.0, 0.0, 0.0, 0.0, 0.0, 0.0, 0.0, 0.0, 0.0, 0.0, 0.0, 0.0, 0.0, 0.0, 0.0, 0.0, 0.0, 0.0, 0.0, 1.0], "bins": [-0.00827600434422493, -0.007907039485871792, -0.0075380755588412285, -0.007169111166149378, -0.006800146773457527, -0.006431181915104389, -0.0060622175224125385, -0.005693253129720688, -0.005324288737028837, -0.0049553243443369865, -0.004586359951645136, -0.004217395558953285, -0.003848430933430791, -0.0034794665407389402, -0.003110501915216446, -0.0027415375225245953, -0.0023725731298327446, -0.002003608737140894, -0.0016346442280337214, -0.001265679718926549, -0.0008967153262346983, -0.0005277508753351867, -0.00015878642443567514, 0.00021017802646383643, 0.000579142477363348, 0.0009481069282628596, 0.0013170713791623712, 0.0016860358882695436, 0.0020550002809613943, 0.002423964673653245, 0.0027929292991757393, 0.00316189369186759, 0.0035308590158820152, 0.003899823408573866, 0.0042687878012657166, 0.004637752193957567, 0.005006716586649418, 0.005375681445002556, 0.0057446458376944065, 0.006113610230386257, 0.006482574623078108, 0.0068515390157699585, 0.007220503408461809, 0.00758946780115366, 0.007958432659506798, 0.008327396586537361, 0.008696361444890499, 0.009065325371921062, 0.0094342902302742, 0.009803255088627338, 0.010172219015657902, 0.01054118387401104, 0.010910147801041603, 0.011279112659394741, 0.011648076586425304, 0.012017041444778442, 0.012386005371809006, 0.012754970230162144, 0.013123935088515282, 0.013492899015545845, 0.013861863873898983, 0.014230827800929546, 0.014599792659282684, 0.014968756586313248, 0.015337721444666386]}, "gradients/fc_vehicle_count.weight": {"_type": "histogram",