{"reward": 9.554243266582489, "episode": 249, "_timestamp": 1721250770.233191, "epsilon": 0.05000025252372649, "_runtime": 1270.3294439315796, "_step": 249, "mean_reward": 9.422072410583496, "_wandb": {"runtime": 1269}, "sum_of_rewards": 9.165069342970849}