{"reward": 35.87685093283653, "_timestamp": 1721221070.017292, "_runtime": 591.3908131122589, "_step": 21, "epsilon": 0.6738042993683774}