{"reward": 9.554243266582489, "episode": 499, "_timestamp": 1721299578.44091, "epsilon": 0.05, "_runtime": 2623.6410570144653, "_step": 499, "mean_reward": 9.377616882324219, "_wandb": {"runtime": 2624}, "sum_of_rewards": 9.21892006802559}