{"reward": 9.554243266582489, "episode": 749, "_timestamp": 1721288784.5450912, "epsilon": 0.05, "_runtime": 4221.53891825676, "_step": 749, "mean_reward": 9.39985179901123, "_wandb": {"runtime": 4220}, "sum_of_rewards": 9.24361898934841}