{"reward": 9.04593288898468, "_timestamp": 1721229434.7465541, "_runtime": 4645.729974031448, "_step": 749, "epsilon": 0.05000024256401645, "mean_reward": 9.22011947631836, "gradients/fc2.weight": {"_type": "histogram", "values": [672.0], "bins": [0.0, 0.0]}, "gradients/fc2.bias": {"_type": "histogram", "values": [1.0, 0.0, 0.0, 0.0, 0.0, 0.0, 0.0, 0.0, 0.0, 0.0, 0.0, 0.0, 0.0, 1.0, 0.0, 0.0, 0.0, 0.0, 0.0, 0.0, 0.0, 0.0, 0.0, 0.0, 0.0, 0.0, 0.0, 0.0, 0.0, 0.0, 0.0, 0.0, 0.0, 0.0, 16.0, 0.0, 0.0, 0.0, 0.0, 0.0, 0.0, 1.0, 0.0, 0.0, 0.0, 0.0, 0.0, 0.0, 0.0, 0.0, 0.0, 0.0, 0.0, 0.0, 0.0, 0.0, 0.0, 0.0, 0.0, 0.0, 1.0, 0.0, 0.0, 1.0], "bins": [-0.0011241361498832703, -0.0010916524333879352, -0.0010591687168926, -0.001026685000397265, -0.0009942012839019299, -0.0009617176256142557, -0.0009292339673265815, -0.0008967502508312464, -0.0008642665343359113, -0.0008317828178405762, -0.0007992991013452411, -0.0007668154430575669, -0.0007343317265622318, -0.0007018480100668967, -0.0006693643517792225, -0.0006368806352838874, -0.0006043969187885523, -0.0005719132022932172, -0.0005394294857978821, -0.0005069458275102079, -0.0004744621110148728, -0.0004419783945195377, -0.00040949470712803304, -0.0003770110197365284, -0.0003445273032411933, -0.0003120435867458582, -0.00027955989935435355, -0.0002470762119628489, -0.0002145924954675138, -0.00018210879352409393, -0.00014962509158067405, -0.00011714138963725418, -8.46576876938343e-05, -5.217398575041443e-05, -1.9690283806994557e-05, 1.2793418136425316e-05, 4.527712007984519e-05, 7.776082202326506e-05, 0.00011024452396668494, 0.0001427282259101048, 0.00017521192785352468, 0.00020769562979694456, 0.00024017933174036443, 0.0002726630191318691, 0.0003051467356272042, 0.0003376304521225393, 0.00037011413951404393, 0.00040259782690554857, 0.0004350815434008837, 0.0004675652598962188, 0.0005000489763915539, 0.0005325326346792281, 0.0005650163511745632, 0.0005975000676698983, 0.0006299837259575725, 0.0006624674424529076, 0.0006949511589482427, 0.0007274348754435778, 0.0007599185919389129, 0.0007924022502265871, 0.0008248859667219222, 0.0008573696832172573, 0.0008898533415049314, 0.0009223370580002666, 0.0009548207744956017]}, "gradients/fc1.weight": {"_type": "histogram", "values": [1024.0], "bins": [0.0, 0.0]}, "gradients/fc1.bias": {"_type": "histogram", "values": [32.0], "bins": [0.0, 0.0]}, "gradients/fc_vehicle_count.weight": {"_type": "histogram", "values": [96.0], "bins": [0.0, 0.0]}, "gradients/fc_vehicle_count.bias": {"_type": "histogram", "values": [16.0], "bins": [0.0, 0.0]}, "gradients/fc_occupancy.weight": {"_type": "histogram", "values": [96.0], "bins": [0.0, 0.0]}, "gradients/fc_occupancy.bias": {"_type": "histogram", "values": [16.0], "bins": [0.0, 0.0]}, "_wandb": {"runtime": 4645}}