{"reward": 9.488310396671295, "episode": 152, "_timestamp": 1721582981.152541, "epsilon": 0.050000007434918885, "_runtime": 575.438845872879, "_step": 152, "mean_reward": 9.305803298950195}