{"reward": 9.550231635570526, "episode": 399, "_timestamp": 1721252282.5781581, "epsilon": 0.05422315474761792, "_runtime": 2017.5628530979156, "_step": 399, "mean_reward": 9.3244047164917, "_wandb": {"runtime": 2016}, "sum_of_rewards": 8.997666306719184}