{"reward": 7.600060522556305, "_timestamp": 1721224487.23055, "_runtime": 181.2285189628601, "_step": 50, "epsilon": 0.0725469143323375, "mean_reward": 7.433525562286377, "_wandb": {"runtime": 191}}