{"reward": 8.439225196838379, "_timestamp": 1721224496.41523, "_runtime": 190.89020013809204, "_step": 50, "epsilon": 0.0580250034261408, "mean_reward": 7.5234761238098145, "_wandb": {"runtime": 192}}