{"reward": 44.134725004434586, "_timestamp": 1721221083.681155, "_runtime": 605.0469970703125, "_step": 21, "epsilon": 0.11549958169643675}