{"reward": 9.629076659679413, "_timestamp": 1721229391.590522, "_runtime": 4611.135134935379, "_step": 749, "epsilon": 0.052294540968296735, "mean_reward": 9.393531799316406, "gradients/fc2.weight": {"_type": "histogram", "values": [1.0, 0.0, 0.0, 0.0, 0.0, 0.0, 0.0, 0.0, 0.0, 0.0, 0.0, 0.0, 0.0, 0.0, 0.0, 0.0, 0.0, 0.0, 0.0, 0.0, 0.0, 0.0, 0.0, 0.0, 0.0, 0.0, 0.0, 0.0, 0.0, 0.0, 0.0, 0.0, 1.0, 0.0, 0.0, 0.0, 0.0, 0.0, 0.0, 0.0, 0.0, 0.0, 0.0, 0.0, 0.0, 0.0, 0.0, 0.0, 0.0, 0.0, 0.0, 2.0, 1.0, 0.0, 1.0, 1.0, 0.0, 2.0, 1330.0, 1.0, 0.0, 0.0, 3.0, 1.0], "bins": [-0.0020887514110654593, -0.002052800264209509, -0.0020168491173535585, -0.001980897970497608, -0.0019449468236416578, -0.0019089956767857075, -0.001873044646345079, -0.0018370934994891286, -0.0018011423526331782, -0.0017651912057772279, -0.0017292400589212775, -0.0016932889120653272, -0.0016573377652093768, -0.0016213866183534265, -0.001585435471497476, -0.0015494843246415257, -0.0015135332942008972, -0.0014775821473449469, -0.0014416310004889965, -0.0014056798536330462, -0.0013697287067770958, -0.0013337775599211454, -0.001297826413065195, -0.0012618752662092447, -0.0012259241193532944, -0.001189972972497344, -0.0011540218256413937, -0.0011180707952007651, -0.0010821196483448148, -0.0010461685014888644, -0.001010217354632914, -0.0009742662077769637, -0.0009383149445056915, -0.0009023637976497412, -0.0008664127090014517, -0.0008304615621455014, -0.000794510415289551, -0.0007585592684336007, -0.0007226081215776503, -0.0006866570329293609, -0.0006507058860734105, -0.0006147547392174602, -0.0005788035923615098, -0.0005428524455055594, -0.0005069012986496091, -0.0004709501808974892, -0.0004349990631453693, -0.00039904791628941894, -0.0003630967694334686, -0.0003271456516813487, -0.0002911945048253983, -0.00025524338707327843, -0.00021929224021732807, -0.00018334110791329294, -0.00014738997560925782, -0.00011143882875330746, -7.548769644927233e-05, -3.95365605072584e-05, -3.585424565244466e-06, 3.236571137676947e-05, 6.83168473187834e-05, 0.00010426797962281853, 0.00014021911192685366, 0.000176170258782804, 0.00021212139108683914]}, "gradients/fc2.bias": {"_type": "histogram", "values": [1.0, 0.0, 0.0, 0.0, 0.0, 0.0, 0.0, 0.0, 0.0, 0.0, 0.0, 0.0, 0.0, 0.0, 0.0, 0.0, 0.0, 0.0, 0.0, 0.0, 0.0, 1.0, 0.0, 0.0, 0.0, 0.0, 0.0, 0.0, 0.0, 0.0, 0.0, 0.0, 0.0, 0.0, 0.0, 0.0, 0.0, 1.0, 0.0, 1.0, 0.0, 0.0, 1.0, 0.0, 1.0, 0.0, 2.0, 0.0, 6.0, 0.0, 4.0, 0.0, 1.0, 0.0, 0.0, 1.0, 0.0, 0.0, 0.0, 0.0, 0.0, 0.0, 0.0, 1.0], "bins": [-0.007215744815766811, -0.007066768128424883, -0.006917791441082954, -0.006768814753741026, -0.0066198380663990974, -0.006470861844718456, -0.006321885157376528, -0.006172908470034599, -0.006023931782692671, -0.005874955095350742, -0.005725978408008814, -0.005577001720666885, -0.005428025498986244, -0.005279048811644316, -0.005130072124302387, -0.004981095436960459, -0.00483211874961853, -0.004683142062276602, -0.004534165374934673, -0.004385188687592745, -0.004236212000250816, -0.004087235778570175, -0.003938259091228247, -0.003789282403886318, -0.0036403057165443897, -0.0034913290292024612, -0.0033423523418605328, -0.003193375887349248, -0.0030443992000073195, -0.002895422512665391, -0.002746446058154106, -0.0025974693708121777, -0.002448492217808962, -0.0022995155304670334, -0.002150538843125105, -0.00200156238861382, -0.0018525857012718916, -0.0017036090139299631, -0.0015546324430033565, -0.0014056558720767498, -0.0012566791847348213, -0.0011077024973928928, -0.0009587259264662862, -0.0008097492973320186, -0.000660772668197751, -0.0005117960390634835, -0.0003628194099292159, -0.00021384278079494834, -6.486615166068077e-05, 8.41104774735868e-05, 0.00023308710660785437, 0.00038206373574212193, 0.0005310403648763895, 0.0006800169940106571, 0.0008289936231449246, 0.0009779701940715313, 0.0011269468814134598, 0.0012759235687553883, 0.001424900139681995, 0.0015738767106086016, 0.00172285339795053, 0.0018718300852924585, 0.0020208065398037434, 0.002169783227145672, 0.0023187599144876003]}, "gradients/fc1.weight": {"_type": "histogram", "values": [8184.0, 3.0, 1.0, 1.0, 0.0, 0.0, 1.0, 1.0, 0.0, 0.0, 0.0, 0.0, 0.0, 0.0, 0.0, 0.0, 0.0, 0.0, 0.0, 0.0, 0.0, 0.0, 0.0, 0.0, 0.0, 0.0, 0.0, 0.0, 0.0, 0.0, 0.0, 0.0, 0.0, 0.0, 0.0, 0.0, 0.0, 0.0, 0.0, 0.0, 0.0, 0.0, 0.0, 0.0, 0.0, 0.0, 0.0, 0.0, 0.0, 0.0, 0.0, 0.0, 0.0, 0.0, 0.0, 0.0, 0.0, 0.0, 0.0, 0.0, 0.0, 0.0, 0.0, 1.0], "bins": [0.0, 6.736476643709466e-05, 0.00013472953287418932, 0.00020209429203532636, 0.00026945906574837863, 0.0003368238394614309, 0.0004041885840706527, 0.000471553357783705, 0.0005389181314967573, 0.0006062829052098095, 0.0006736476789228618, 0.0007410124526359141, 0.0008083771681413054, 0.0008757419418543577, 0.00094310671556741, 0.0010104714892804623, 0.0010778362629935145, 0.0011452010367065668, 0.001212565810419619, 0.0012799305841326714, 0.0013472953578457236, 0.001414660131558776, 0.0014820249052718282, 0.0015493896789848804, 0.001616754336282611, 0.0016841191099956632, 0.0017514838837087154, 0.0018188486574217677, 0.00188621343113482, 0.001953578321263194, 0.0020209429785609245, 0.0020883078686892986, 0.002155672525987029, 0.0022230371832847595, 0.0022904020734131336, 0.002357766730710864, 0.002425131620839238, 0.0024924962781369686, 0.0025598611682653427, 0.002627225825563073, 0.0026945907156914473, 0.0027619553729891777, 0.002829320263117552, 0.0028966849204152822, 0.0029640498105436563, 0.003031414467841387, 0.003098779357969761, 0.0031661440152674913, 0.003233508672565222, 0.003300873562693596, 0.0033682382199913263, 0.0034356031101197004, 0.003502967767417431, 0.003570332657545805, 0.0036376973148435354, 0.0037050622049719095, 0.00377242686226964, 0.003839791752398014, 0.003907156642526388, 0.003974521066993475, 0.004041885957121849, 0.004109250847250223, 0.004176615737378597, 0.004243980161845684, 0.004311345051974058]}, "gradients/fc1.bias": {"_type": "histogram", "values": [63.0, 0.0, 0.0, 0.0, 0.0, 0.0, 0.0, 0.0, 0.0, 0.0, 0.0, 0.0, 0.0, 0.0, 0.0, 0.0, 0.0, 0.0, 0.0, 0.0, 0.0, 0.0, 0.0, 0.0, 0.0, 0.0, 0.0, 0.0, 0.0, 0.0, 0.0, 0.0, 0.0, 0.0, 0.0, 0.0, 0.0, 0.0, 0.0, 0.0, 0.0, 0.0, 0.0, 0.0, 0.0, 0.0, 0.0, 0.0, 0.0, 0.0, 0.0, 0.0, 0.0, 0.0, 0.0, 0.0, 0.0, 0.0, 0.0, 0.0, 0.0, 0.0, 0.0, 1.0], "bins": [0.0, 1.8173765056417324e-05, 3.634753011283465e-05, 5.4521296988241374e-05, 7.26950602256693e-05, 9.086882346309721e-05, 0.00010904259397648275, 0.00012721634993795305, 0.0001453901204513386, 0.00016356389096472412, 0.00018173764692619443, 0.00019991141743957996, 0.0002180851879529655, 0.0002362589439144358, 0.0002544326998759061, 0.00027260647038929164, 0.0002907802409026772, 0.0003089540114160627, 0.00032712778192944825, 0.0003453015233390033, 0.00036347529385238886, 0.0003816490643657744, 0.00039982283487915993, 0.00041799660539254546, 0.000436170375905931, 0.0004543441173154861, 0.0004725178878288716, 0.0004906916292384267, 0.0005088653997518122, 0.0005270391702651978, 0.0005452129407785833, 0.0005633867112919688, 0.0005815604818053544, 0.0005997342523187399, 0.0006179080228321254, 0.000636081793345511, 0.0006542555638588965, 0.000672429334372282, 0.0006906030466780066, 0.0007087768171913922, 0.0007269505877047777, 0.0007451243582181633, 0.0007632981287315488, 0.0007814718992449343, 0.0007996456697583199, 0.0008178194402717054, 0.0008359932107850909, 0.0008541669812984765, 0.000872340751811862, 0.0008905144641175866, 0.0009086882346309721, 0.0009268620051443577, 0.0009450357756577432, 0.0009632095461711287, 0.0009813832584768534, 0.0009995570871978998, 0.0010177307995036244, 0.0010359046282246709, 0.0010540783405303955, 0.001072252169251442, 0.0010904258815571666, 0.001108599710278213, 0.0011267734225839376, 0.001144947251304984, 0.0011631209636107087]}, "gradients/fc_vehicle_count.weight": {"_type": "histogram",