{"reward": 9.554243266582489, "episode": 399, "_timestamp": 1721235282.21573, "epsilon": 0.050010810671669806, "_runtime": 1271.1615488529205, "_step": 399, "mean_reward": 9.295685768127441, "_wandb": {"runtime": 1270}, "sum_of_rewards": 9.11959046922624}