{"reward": 9.364231646060944, "episode": 249, "_timestamp": 1721245633.253441, "epsilon": 0.051513171909951146, "_runtime": 1196.3007621765137, "_step": 249, "mean_reward": 8.751360893249512, "_wandb": {"runtime": 1195}, "sum_of_rewards": 8.454470234513282}