{"reward": 8.789236336946487, "episode": 249, "_timestamp": 1721245617.180672, "epsilon": 0.05000000000007556, "_runtime": 1217.8810749053955, "_step": 249, "mean_reward": 9.321125030517578, "_wandb": {"runtime": 1216}, "sum_of_rewards": 9.197419171571731}