{"reward": 8.41941636800766, "episode": 40, "_timestamp": 1721233657.120537, "epsilon": 0.05, "mean_reward": 8.530084609985352, "_runtime": 78.42346405982971, "_step": 40, "_wandb": {"runtime": 79}}