{"reward": 9.366784989833832, "episode": 649, "_timestamp": 1721282462.758668, "epsilon": 0.05, "_runtime": 3295.4922358989716, "_step": 649, "mean_reward": 9.281188011169434, "_wandb": {"runtime": 3295}, "sum_of_rewards": 9.227643471268507}