{"reward": 9.46803480386734, "_timestamp": 1721229347.9217641, "_runtime": 4567.660265207291, "_step": 749, "epsilon": 0.0509377648615232, "mean_reward": 8.988147735595703, "gradients/fc2.weight": {"_type": "histogram", "values": [1.0, 0.0, 0.0, 0.0, 0.0, 0.0, 0.0, 0.0, 0.0, 0.0, 0.0, 1.0, 0.0, 0.0, 0.0, 0.0, 0.0, 0.0, 0.0, 0.0, 0.0, 1.0, 0.0, 0.0, 0.0, 0.0, 1.0, 1.0, 0.0, 1.0, 0.0, 0.0, 0.0, 1.0, 0.0, 1.0, 0.0, 1.0, 1.0, 7.0, 5.0, 5.0, 1.0, 2.0, 633.0, 0.0, 2.0, 1.0, 0.0, 0.0, 1.0, 1.0, 0.0, 0.0, 0.0, 2.0, 0.0, 0.0, 1.0, 0.0, 0.0, 0.0, 0.0, 1.0], "bins": [-0.019243434071540833, -0.01881062239408493, -0.018377812579274178, -0.017945000901818275, -0.017512191087007523, -0.01707937940955162, -0.01664656773209572, -0.016213757917284966, -0.015780946239829063, -0.015348135493695736, -0.014915324747562408, -0.014482513070106506, -0.014049702323973179, -0.013616891577839851, -0.01318407990038395, -0.012751269154250622, -0.012318458408117294, -0.011885647661983967, -0.01145283691585064, -0.011020025238394737, -0.01058721449226141, -0.010154403746128082, -0.00972159206867218, -0.009288781322538853, -0.008855970576405525, -0.008423159830272198, -0.00799034908413887, -0.007557537406682968, -0.007124726660549641, -0.006691915914416313, -0.006259104702621698, -0.005826293490827084, -0.0053934818133711815, -0.004960671067237854, -0.004527859855443239, -0.004095048643648624, -0.003662237897515297, -0.003229426918551326, -0.0027966159395873547, -0.0023638049606233835, -0.0019309939816594124, -0.0014981830026954412, -0.00106537202373147, -0.000632561044767499, -0.00019975006580352783, 0.0002330609131604433, 0.0006658718921244144, 0.0010986828710883856, 0.0015314938500523567, 0.001964304829016328, 0.002397115807980299, 0.00282992678694427, 0.0032627377659082413, 0.0036955487448722124, 0.0041283597238361835, 0.004561170935630798, 0.004993981681764126, 0.005426792427897453, 0.005859603639692068, 0.006292414851486683, 0.00672522559762001, 0.007158036343753338, 0.007590847555547953, 0.008023658767342567, 0.008456469513475895]}, "gradients/fc2.bias": {"_type": "histogram", "values": [1.0, 0.0, 0.0, 0.0, 0.0, 0.0, 0.0, 0.0, 0.0, 0.0, 0.0, 0.0, 0.0, 0.0, 0.0, 0.0, 0.0, 0.0, 0.0, 0.0, 0.0, 0.0, 1.0, 1.0, 0.0, 0.0, 0.0, 0.0, 0.0, 0.0, 0.0, 0.0, 0.0, 0.0, 0.0, 2.0, 3.0, 3.0, 1.0, 1.0, 5.0, 0.0, 0.0, 0.0, 0.0, 1.0, 0.0, 0.0, 0.0, 0.0, 0.0, 1.0, 0.0, 0.0, 0.0, 0.0, 0.0, 0.0, 0.0, 0.0, 0.0, 0.0, 0.0, 1.0], "bins": [-0.024092230945825577, -0.023494843393564224, -0.02289745584130287, -0.02230006642639637, -0.021702678874135017, -0.021105291321873665, -0.020507901906967163, -0.01991051435470581, -0.019313126802444458, -0.018715739250183105, -0.018118351697921753, -0.01752096228301525, -0.0169235747307539, -0.016326187178492546, -0.015728797763586044, -0.015131410211324692, -0.01453402265906334, -0.013936635106801987, -0.01333924662321806, -0.012741858139634132, -0.01214447058737278, -0.011547083035111427, -0.0109496945515275, -0.010352306067943573, -0.00975491851568222, -0.009157530963420868, -0.00856014247983694, -0.007962753996253014, -0.007365366443991661, -0.006767978426069021, -0.006170590408146381, -0.0055732023902237415, -0.004975815303623676, -0.0043784272857010365, -0.0037810392677783966, -0.0031836512498557568, -0.002586263231933117, -0.001988875214010477, -0.0013914871960878372, -0.0007940991781651974, -0.00019671116024255753, 0.0004006768576800823, 0.0009980648756027222, 0.001595452893525362, 0.002192840911448002, 0.0027902289293706417, 0.0033876169472932816, 0.003985004965215921, 0.004582392983138561, 0.005179781001061201, 0.005777169018983841, 0.006374557036906481, 0.006971945054829121, 0.0075693330727517605, 0.0081667210906744, 0.008764108642935753, 0.00936149712651968, 0.009958885610103607, 0.01055627316236496, 0.011153660714626312, 0.01175104919821024, 0.012348437681794167, 0.012945825234055519, 0.013543212786316872, 0.014140601269900799]}, "gradients/fc1.weight": {"_type": "histogram", "values": [1.0, 0.0, 0.0, 0.0, 0.0, 0.0, 0.0, 0.0, 0.0, 0.0, 1.0, 0.0, 0.0, 1.0, 0.0, 0.0, 0.0, 0.0, 1.0, 0.0, 0.0, 0.0, 0.0, 0.0, 0.0, 0.0, 0.0, 0.0, 0.0, 0.0, 0.0, 0.0, 0.0, 0.0, 0.0, 0.0, 0.0, 0.0, 0.0, 0.0, 0.0, 0.0, 0.0, 1.0, 0.0, 0.0, 0.0, 0.0, 1.0, 0.0, 0.0, 1.0, 0.0, 2.0, 0.0, 2.0, 1.0, 1011.0, 0.0, 0.0, 0.0, 0.0, 0.0, 1.0], "bins": [-0.02222740650177002, -0.02184107154607773, -0.021454736590385437, -0.021068403497338295, -0.020682068541646004, -0.020295733585953712, -0.01990939863026142, -0.01952306367456913, -0.019136730581521988, -0.018750395625829697, -0.018364060670137405, -0.017977725714445114, -0.017591390758752823, -0.01720505580306053, -0.01681872271001339, -0.0164323877543211, -0.016046052798628807, -0.015659717842936516, -0.0152733838185668, -0.014887048862874508, -0.014500714838504791, -0.0141143798828125, -0.013728044927120209, -0.013341710902750492, -0.0129553759470582, -0.01256904099136591, -0.012182706966996193, -0.011796372011303902, -0.01141003705561161, -0.011023703031241894, -0.010637368075549603, -0.010251034051179886, -0.00986470002681017, -0.009478365071117878, -0.009092031046748161, -0.00870569609105587, -0.008319361135363579, -0.007933027110993862, -0.007546692155301571, -0.007160357665270567, -0.006774023175239563, -0.006387688685208559, -0.006001354195177555, -0.005615019239485264, -0.00522868474945426, -0.004842350259423256, -0.004456015303730965, -0.004069680813699961, -0.0036833463236689568, -0.003297011833637953, -0.002910677110776305, -0.0025243423879146576, -0.0021380078978836536, -0.0017516732914373279, -0.001365338684991002, -0.0009790040785446763, -0.0005926694720983505, -0.00020633486565202475, 0.00017999974079430103, 0.0005663343472406268, 0.0009526689536869526, 0.0013390035601332784, 0.0017253381665796041, 0.0021116728894412518, 0.0024980073794722557]}, "gradients/fc1.bias": {"_type": "histogram", "values": [1.0, 0.0, 0.0, 0.0, 0.0, 0.0, 0.0, 0.0, 0.0, 0.0, 0.0, 0.0, 0.0, 0.0, 1.0, 0.0, 0.0, 0.0, 0.0, 0.0, 0.0, 0.0, 0.0, 0.0, 0.0, 0.0, 0.0, 0.0, 0.0, 0.0, 0.0, 0.0, 0.0, 0.0, 0.0, 0.0, 0.0, 0.0, 0.0, 0.0, 0.0, 0.0, 0.0, 0.0, 0.0, 0.0, 0.0, 0.0, 0.0, 0.0, 0.0, 0.0, 0.0, 0.0, 0.0, 0.0, 0.0, 0.0, 0.0, 0.0, 0.0, 0.0, 29.0, 1.0], "bins": [-0.013414997607469559, -0.013198834843933582, -0.012982672080397606, -0.01276650931686163, -0.012550346553325653, -0.012334183789789677, -0.012118021957576275, -0.011901859194040298, -0.011685696430504322, -0.011469533666968346, -0.01125337090343237, -0.011037208139896393, -0.010821045376360416, -0.01060488261282444, -0.010388719849288464, -0.010172557085752487, -0.009956395253539085, -0.009740232490003109, -0.009524069726467133, -0.009307906962931156, -0.00909174419939518, -0.008875581435859203, -0.008659418672323227, -0.00844325590878725, -0.008227093145251274, -0.008010930381715298, -0.007794768083840609, -0.007578605320304632, -0.007362442556768656, -0.007146279793232679, -0.00693011749535799, -0.006713954731822014, -0.0064977919682860374, -0.006281629204750061, -0.006065466441214085, -0.005849303677678108, -0.005633140914142132, -0.005416978616267443, -0.005200815852731466, -0.00498465308919549, -0.0047684903256595135, -0.004552327562123537, -0.004336165264248848, -0.0041200025007128716, -0.003903839737176895, -0.0036876769736409187, -0.0034715142101049423, -0.0032553516793996096, -0.003039188915863633, -0.0028230263851583004, -0.002606863621622324, -0.0023907008580863476, -0.002174538327381015, -0.0019583755638450384, -0.0017422129167243838, -0.0015260502696037292, -0.0013098875060677528, -0.0010937248589470983, -0.0008775622118264437, -0.0006613995647057891, -0.0004452368593774736, -0.00022907418315298855, -1.2911506928503513e-05, 0.00020325116929598153, 0.00041941384552046657]}, "gradients/fc_vehicle_count.weight": {"_type": "histogram",