{"reward": 9.552278697490692, "episode": 249, "_timestamp": 1721248732.8776479, "epsilon": 0.05000019623111232, "_runtime": 1249.309089899063, "_step": 249, "mean_reward": 9.379997253417969, "_wandb": {"runtime": 1248}, "sum_of_rewards": 9.133940620422363}