{"reward": 9.536350309848785, "episode": 249, "_timestamp": 1721258520.339632, "epsilon": 0.05000000000001113, "_runtime": 1242.7687010765076, "_step": 249, "mean_reward": 9.176719665527344, "_wandb": {"runtime": 1241}, "sum_of_rewards": 9.064475962758065}