{"reward": 9.193909972906113, "episode": 449, "_timestamp": 1721307547.991416, "epsilon": 0.05, "_runtime": 2591.5370819568634, "_step": 449, "mean_reward": 9.448114395141602, "_wandb": {"runtime": 2591}, "sum_of_rewards": 9.270552003781}