{"reward": 9.372614562511444, "episode": 249, "_timestamp": 1721243059.876147, "epsilon": 0.050000160085877314, "_runtime": 1251.2311329841614, "_step": 249, "mean_reward": 9.228049278259277, "_wandb": {"runtime": 1209}, "sum_of_rewards": 8.963561300635337}