{"reward": 7.18718558549881, "episode": 42, "_timestamp": 1721233980.60048, "epsilon": 0.5701021246918997, "_runtime": 175.05755615234375, "_step": 42, "mean_reward": 6.821735382080078, "_wandb": {"runtime": 177}}