{"reward": 9.15423634648323, "episode": 399, "_timestamp": 1721256706.0483131, "epsilon": 0.05001994449402907, "_runtime": 2119.2175240516663, "_step": 399, "mean_reward": 9.277204513549805, "_wandb": {"runtime": 2118}, "sum_of_rewards": 9.040329677984118}