{"reward": 9.05641981959343, "episode": 249, "_timestamp": 1721234816.249042, "epsilon": 0.050000000000053564, "_runtime": 805.1970479488373, "_step": 249, "mean_reward": 8.533056259155273, "_wandb": {"runtime": 815}, "sum_of_rewards": 8.333722492098808}