{"reward": 9.554243266582489, "episode": 599, "_timestamp": 1721299930.5351639, "epsilon": 0.05, "_runtime": 3252.042589902878, "_step": 599, "mean_reward": 9.337007522583008, "_wandb": {"runtime": 3251}, "sum_of_rewards": 9.237289651532969}