{"reward": 9.554243266582489, "episode": 144, "_timestamp": 1721582975.44117, "epsilon": 0.050000000000000745, "_runtime": 564.1197130680084, "_step": 144, "mean_reward": 9.383321762084961}