{"reward": 8.607234060764313, "episode": 399, "_timestamp": 1721245021.983905, "epsilon": 0.05002203551916565, "_runtime": 1922.784296989441, "_step": 399, "mean_reward": 9.044844627380371, "_wandb": {"runtime": 1922}, "sum_of_rewards": 8.841756426841021}