{"reward": 8.49842944741249, "_timestamp": 1721224163.5524049, "_runtime": 597.3075668811798, "_step": 311, "epsilon": 0.48623641036141646, "mean_reward": 7.417621612548828, "gradients/fc2.weight": {"_type": "histogram", "values": [1.0, 0.0, 0.0, 0.0, 0.0, 0.0, 0.0, 0.0, 0.0, 1.0, 0.0, 0.0, 0.0, 0.0, 0.0, 0.0, 0.0, 0.0, 0.0, 0.0, 0.0, 0.0, 0.0, 0.0, 0.0, 0.0, 0.0, 0.0, 0.0, 0.0, 0.0, 0.0, 0.0, 0.0, 0.0, 0.0, 0.0, 1.0, 0.0, 0.0, 0.0, 0.0, 0.0, 0.0, 0.0, 0.0, 0.0, 0.0, 0.0, 1.0, 1.0, 3.0, 2.0, 2.0, 1.0, 8.0, 9.0, 2598.0, 37.0, 9.0, 8.0, 2.0, 1.0, 3.0], "bins": [-0.0129528334364295, -0.012728529050946236, -0.01250422466546297, -0.01227992121130228, -0.012055616825819016, -0.01183131244033575, -0.011607008054852486, -0.01138270366936922, -0.011158399283885956, -0.010934095829725266, -0.010709791444242, -0.010485487058758736, -0.01026118267327547, -0.010036878287792206, -0.009812573902308941, -0.00958827044814825, -0.009363966062664986, -0.00913966167718172, -0.008915357291698456, -0.008691052906215191, -0.008466748520731926, -0.008242445066571236, -0.00801814068108797, -0.007793836295604706, -0.007569531910121441, -0.007345227990299463, -0.007120923604816198, -0.006896619219332933, -0.006672315299510956, -0.006448010914027691, -0.006223706528544426, -0.005999402608722448, -0.005775098688900471, -0.005550794303417206, -0.005326489917933941, -0.005102185998111963, -0.004877881612628698, -0.004653577227145433, -0.004429273307323456, -0.004204968921840191, -0.003980664536356926, -0.0037563606165349483, -0.0035320562310516834, -0.003307752078399062, -0.003083447925746441, -0.002859143540263176, -0.0026348393876105547, -0.0024105352349579334, -0.0021862308494746685, -0.0019619266968220472, -0.001737622544169426, -0.0015133182751014829, -0.0012890140060335398, -0.0010647098533809185, -0.0008404055843129754, -0.0006161013734526932, -0.00039179716259241104, -0.00016749293718021363, 5.681128823198378e-05, 0.0002811155281960964, 0.0005054197390563786, 0.0007297239499166608, 0.0009540282189846039, 0.0011783323716372252, 0.0014026366407051682]}, "gradients/fc2.bias": {"_type": "histogram", "values": [1.0, 0.0, 0.0, 0.0, 0.0, 0.0, 0.0, 0.0, 0.0, 0.0, 0.0, 0.0, 0.0, 0.0, 0.0, 0.0, 0.0, 0.0, 0.0, 0.0, 0.0, 0.0, 0.0, 0.0, 0.0, 0.0, 0.0, 0.0, 0.0, 0.0, 0.0, 0.0, 0.0, 0.0, 0.0, 0.0, 0.0, 0.0, 0.0, 0.0, 0.0, 0.0, 0.0, 0.0, 0.0, 0.0, 0.0, 0.0, 0.0, 0.0, 2.0, 0.0, 1.0, 0.0, 0.0, 0.0, 2.0, 3.0, 3.0, 2.0, 3.0, 2.0, 0.0, 2.0], "bins": [-0.0143812894821167, -0.014132536947727203, -0.013883784413337708, -0.013635032810270786, -0.01338628027588129, -0.013137527741491795, -0.012888776138424873, -0.012640023604035378, -0.012391271069645882, -0.012142518535256386, -0.01189376600086689, -0.011645014397799969, -0.011396261863410473, -0.011147509329020977, -0.010898757725954056, -0.01065000519156456, -0.010401252657175064, -0.010152500122785568, -0.009903747588396072, -0.009654995985329151, -0.009406243450939655, -0.00915749091655016, -0.008908739313483238, -0.008659986779093742, -0.008411234244704247, -0.00816248171031475, -0.007913729175925255, -0.007664977572858334, -0.007416225038468838, -0.007167472504079342, -0.006918720435351133, -0.006669968366622925, -0.006421216297894716, -0.006172464229166508, -0.005923711694777012, -0.005674959160387516, -0.0054262070916593075, -0.005177455022931099, -0.004928702488541603, -0.004679949954152107, -0.004431197885423899, -0.00418244581669569, -0.003933693282306194, -0.003684940980747342, -0.00343618867918849, -0.0031874363776296377, -0.0029386840760707855, -0.0026899317745119333, -0.002441179472953081, -0.002192427171394229, -0.0019436748698353767, -0.0016949225682765245, -0.0014461702667176723, -0.0011974179651588202, -0.000948665663599968, -0.0006999133620411158, -0.00045116106048226357, -0.00020240875892341137, 4.6343542635440826e-05, 0.000295095844194293, 0.0005438481457531452, 0.0007926004473119974, 0.0010413527488708496, 0.0012901050504297018, 0.001538857351988554]}, "gradients/fc1.weight": {"_type": "histogram", "values": [1.0, 0.0, 0.0, 0.0, 0.0, 0.0, 0.0, 0.0, 0.0, 0.0, 0.0, 0.0, 0.0, 0.0, 0.0, 0.0, 0.0, 0.0, 0.0, 0.0, 0.0, 0.0, 1.0, 1.0, 0.0, 0.0, 0.0, 0.0, 0.0, 0.0, 0.0, 0.0, 0.0, 0.0, 0.0, 0.0, 0.0, 0.0, 0.0, 1.0, 0.0, 1.0, 2.0, 0.0, 0.0, 0.0, 1.0, 0.0, 2.0, 1.0, 0.0, 16370.0, 0.0, 2.0, 0.0, 0.0, 0.0, 0.0, 0.0, 0.0, 0.0, 0.0, 0.0, 1.0], "bins": [-0.007233841810375452, -0.007094676606357098, -0.006955510936677456, -0.0068163457326591015, -0.006677180528640747, -0.006538015324622393, -0.006398850120604038, -0.0062596844509243965, -0.006120519246906042, -0.005981354042887688, -0.005842188373208046, -0.0057030231691896915, -0.005563857965171337, -0.005424692761152983, -0.005285527557134628, -0.005146361887454987, -0.005007196683436632, -0.004868031479418278, -0.004728865809738636, -0.004589700605720282, -0.004450535401701927, -0.004311370197683573, -0.004172204993665218, -0.004033039323985577, -0.003893874119967222, -0.003754708915948868, -0.0036155434790998697, -0.0034763780422508717, -0.0033372128382325172, -0.003198047634214163, -0.0030588821973651648, -0.0029197167605161667, -0.0027805515564978123, -0.002641386119648814, -0.002502220682799816, -0.0023630554787814617, -0.0022238902747631073, -0.0020847248379141092, -0.001945559517480433, -0.0018063941970467567, -0.0016672288766130805, -0.0015280635561794043, -0.001388898235745728, -0.0012497329153120518, -0.0011105675948783755, -0.0009714022744446993, -0.000832236954011023, -0.0006930716335773468, -0.0005539063131436706, -0.0004147409927099943, -0.0002755756722763181, -0.00013641035184264183, 2.7549685910344124e-06, 0.00014192028902471066, 0.0002810856094583869, 0.00042025092989206314, 0.0005594162503257394, 0.0006985815707594156, 0.0008377468911930919, 0.0009769122116267681, 0.0011160775320604444, 0.0012552428524941206, 0.0013944081729277968, 0.001533573493361473, 0.0016727388137951493]}, "gradients/fc1.bias": {"_type": "histogram", "values": [1.0, 0.0, 0.0, 0.0, 0.0, 0.0, 0.0, 0.0, 0.0, 0.0, 0.0, 0.0, 0.0, 0.0, 0.0, 0.0, 0.0, 0.0, 0.0, 1.0, 0.0, 1.0, 0.0, 0.0, 0.0, 0.0, 0.0, 0.0, 0.0, 0.0, 0.0, 0.0, 0.0, 0.0, 0.0, 0.0, 0.0, 1.0, 1.0, 1.0, 1.0, 0.0, 0.0, 120.0, 0.0, 0.0, 0.0, 0.0, 0.0, 0.0, 0.0, 0.0, 0.0, 0.0, 0.0, 0.0, 0.0, 0.0, 0.0, 0.0, 0.0, 0.0, 0.0, 1.0], "bins": [-0.007322472054511309, -0.007152525708079338, -0.0069825793616473675, -0.006812633015215397, -0.006642687134444714, -0.006472740788012743, -0.006302794441580772, -0.006132848095148802, -0.005962901748716831, -0.005792955402284861, -0.00562300905585289, -0.005453062709420919, -0.005283116362988949, -0.0051131704822182655, -0.004943224135786295, -0.004773277789354324, -0.004603331442922354, -0.004433385096490383, -0.0042634387500584126, -0.004093492403626442, -0.003923546522855759, -0.0037535999435931444, -0.0035836538299918175, -0.003413707483559847, -0.0032437611371278763, -0.0030738147906959057, -0.002903868444263935, -0.002733922330662608, -0.0025639759842306376, -0.002394029637798667, -0.00222408352419734, -0.0020541371777653694, -0.0018841908313333988, -0.0017142444849014282, -0.0015442982548847795, -0.0013743520248681307, -0.00120440567843616, -0.0010344593320041895, -0.0008645131019875407, -0.000694566813763231, -0.0005246205255389214, -0.0003546742373146117, -0.000184727949090302, -1.4781660865992308e-05, 0.00015516462735831738, 0.00032511091558262706, 0.0004950572038069367, 0.0006650034920312464, 0.0008349497802555561, 0.0010048961266875267, 0.0011748423567041755, 0.0013447885867208242, 0.0015147349331527948, 0.0016846812795847654, 0.0018546275096014142, 0.002024573739618063, 0.0021945200860500336, 0.002364466432482004, 0.0025344127789139748, 0.0027043588925153017, 0.0028743052389472723, 0.003044251585379243, 0.00321419769898057, 0.0033841440454125404, 0.003554090391844511]}, "gradients/fc_vehicle_count.weight": {"_type": "histogram",