{"reward": 9.295122146606445, "episode": 749, "_timestamp": 1721308511.9863439, "epsilon": 0.05, "_runtime": 3948.705114841461, "_step": 749, "mean_reward": 9.378942489624023, "_wandb": {"runtime": 3948}, "sum_of_rewards": 9.225993785142899}