{"reward": 7.714923582971096, "_timestamp": 1721223366.7828832, "_runtime": 246.82524609565735, "_step": 199, "epsilon": 0.2955254513979692, "gradients/fc2.weight": {"_type": "histogram", "values": [2.0, 1.0, 0.0, 1.0, 2.0, 2.0, 1.0, 1.0, 4.0, 6.0, 12.0, 34.0, 1214.0, 26.0, 9.0, 8.0, 3.0, 0.0, 1.0, 1.0, 0.0, 1.0, 1.0, 0.0, 2.0, 1.0, 4.0, 0.0, 0.0, 2.0, 0.0, 0.0, 1.0, 0.0, 0.0, 0.0, 1.0, 0.0, 1.0, 0.0, 0.0, 0.0, 0.0, 0.0, 0.0, 1.0, 0.0, 0.0, 0.0, 0.0, 0.0, 0.0, 0.0, 0.0, 0.0, 0.0, 0.0, 0.0, 0.0, 0.0, 0.0, 0.0, 0.0, 1.0], "bins": [-0.0005245155189186335, -0.0004830918915104121, -0.0004416682349983603, -0.0004002446075901389, -0.0003588209510780871, -0.00031739732366986573, -0.00027597369626164436, -0.00023455005430150777, -0.00019312641234137118, -0.00015170277038123459, -0.00011027913569705561, -6.885550101287663e-05, -2.7431859052740037e-05, 1.3991779269417748e-05, 5.541541759157553e-05, 9.683905227575451e-05, 0.0001382626942358911, 0.0001796863361960277, 0.0002211099781561643, 0.00026253360556438565, 0.0003039572620764375, 0.00034538088948465884, 0.0003868045168928802, 0.000428228173404932, 0.0004696518008131534, 0.0005110754282213748, 0.0005524990847334266, 0.0005939227412454784, 0.0006353463395498693, 0.0006767699960619211, 0.0007181936525739729, 0.0007596172508783638, 0.0008010409073904157, 0.0008424645639024675, 0.0008838881622068584, 0.0009253118187189102, 0.000966735475230962, 0.0010081591317430139, 0.0010495827300474048, 0.0010910063283517957, 0.0011324300430715084, 0.0011738536413758993, 0.0012152772396802902, 0.001256700954400003, 0.0012981245527043939, 0.0013395481510087848, 0.0013809718657284975, 0.0014223954640328884, 0.0014638190623372793, 0.001505242777056992, 0.001546666375361383, 0.0015880900900810957, 0.0016295136883854866, 0.0016709372866898775, 0.0017123610014095902, 0.0017537845997139812, 0.001795208198018372, 0.0018366319127380848, 0.0018780555110424757, 0.0019194791093468666, 0.0019609027076512575, 0.0020023263059556484, 0.002043750137090683, 0.002085173735395074, 0.002126597333699465]}, "gradients/fc2.bias": {"_type": "histogram", "values": [1.0, 2.0, 0.0, 0.0, 1.0, 1.0, 1.0, 1.0, 0.0, 0.0, 0.0, 3.0, 0.0, 1.0, 1.0, 0.0, 1.0, 2.0, 1.0, 0.0, 0.0, 0.0, 0.0, 0.0, 0.0, 0.0, 0.0, 0.0, 0.0, 0.0, 0.0, 0.0, 0.0, 0.0, 0.0, 2.0, 0.0, 1.0, 0.0, 0.0, 0.0, 0.0, 0.0, 0.0, 0.0, 0.0, 0.0, 0.0, 0.0, 0.0, 0.0, 0.0, 0.0, 0.0, 0.0, 0.0, 0.0, 0.0, 0.0, 0.0, 0.0, 0.0, 1.0, 1.0], "bins": [-0.0006594944279640913, -0.0006121094338595867, -0.000564724497962743, -0.0005173395620658994, -0.0004699545679613948, -0.00042256960296072066, -0.00037518463796004653, -0.0003277996729593724, -0.00028041470795869827, -0.00023302974295802414, -0.00018564477795735002, -0.0001382598129566759, -9.087484795600176e-05, -4.348988295532763e-05, 3.8950820453464985e-06, 5.128004704602063e-05, 9.866501204669476e-05, 0.00014604997704736888, 0.000193434942048043, 0.00024081990704871714, 0.00028820487204939127, 0.0003355898370500654, 0.0003829748020507395, 0.00043035976705141366, 0.0004777447320520878, 0.0005251297261565924, 0.000572514662053436, 0.0006198995979502797, 0.0006672845920547843, 0.0007146695861592889, 0.0007620545220561326, 0.0008094394579529762, 0.0008568244520574808, 0.0009042094461619854, 0.0009515943820588291, 0.0009989793179556727, 0.0010463643120601773, 0.001093749306164682, 0.0011411341838538647, 0.0011885191779583693, 0.0012359041720628738, 0.0012832891661673784, 0.001330674160271883, 0.0013780590379610658, 0.0014254440320655704, 0.001472829026170075, 0.0015202139038592577, 0.0015675988979637623, 0.0016149838920682669, 0.0016623688861727715, 0.001709753880277276, 0.0017571387579664588, 0.0018045237520709634, 0.001851908746175468, 0.0018992936238646507, 0.0019466786179691553, 0.00199406361207366, 0.0020414486061781645, 0.002088833600282669, 0.0021362185943871737, 0.0021836035884916782, 0.002230988349765539, 0.0022783733438700438, 0.0023257583379745483, 0.002373143332079053]}, "gradients/fc1.weight": {"_type": "histogram", "values": [1.0, 0.0, 0.0, 0.0, 0.0, 0.0, 0.0, 0.0, 1.0, 0.0, 0.0, 0.0, 0.0, 1.0, 0.0, 0.0, 1.0, 0.0, 0.0, 0.0, 1.0, 0.0, 1.0, 2.0, 1.0, 1.0, 0.0, 1.0, 0.0, 2.0, 0.0, 0.0, 1.0, 5.0, 2.0, 7.0, 6.0, 17.0, 1928.0, 13.0, 10.0, 10.0, 8.0, 4.0, 4.0, 5.0, 1.0, 2.0, 3.0, 0.0, 0.0, 2.0, 0.0, 0.0, 1.0, 0.0, 2.0, 0.0, 1.0, 0.0, 0.0, 1.0, 0.0, 2.0], "bins": [-0.0011228718794882298, -0.0010939394123852253, -0.001065006828866899, -0.0010360743617638946, -0.0010071417782455683, -0.0009782093111425638, -0.0009492767858318985, -0.0009203442605212331, -0.0008914117352105677, -0.0008624792098999023, -0.000833546684589237, -0.0008046141592785716, -0.0007756816921755672, -0.0007467491668649018, -0.0007178166415542364, -0.000688884116243571, -0.0006599515909329057, -0.0006310190656222403, -0.0006020865403115749, -0.0005731540150009096, -0.0005442214896902442, -0.0005152890225872397, -0.0004863564972765744, -0.000457423971965909, -0.00042849144665524364, -0.00039955892134457827, -0.0003706263960339129, -0.000341693899827078, -0.0003127613745164126, -0.00028382884920574725, -0.00025489635299891233, -0.00022596382768824697, -0.0001970313023775816, -0.00016809877706691623, -0.0001391662663081661, -0.00011023374827345833, -8.130123023875058e-05, -5.236871220404282e-05, -2.3436194169335067e-05, 5.496323865372688e-06, 3.442884190008044e-05, 6.33613599347882e-05, 9.229387796949595e-05, 0.00012122639600420371, 0.00015015891403891146, 0.00017909143934957683, 0.00020802395010832697, 0.0002369564608670771, 0.0002658889861777425, 0.00029482151148840785, 0.0003237540367990732, 0.00035268653300590813, 0.0003816190583165735, 0.00041055158362723887, 0.0004394840798340738, 0.00046841660514473915, 0.0004973491304554045, 0.0005262816557660699, 0.0005552141810767353, 0.0005841467063874006, 0.0006130791734904051, 0.0006420116988010705, 0.0006709442241117358, 0.0006998767494224012, 0.0007288092747330666]}, "gradients/fc1.bias": {"_type": "histogram", "values": [1.0, 0.0, 0.0, 0.0, 0.0, 0.0, 0.0, 0.0, 0.0, 0.0, 0.0, 1.0, 0.0, 0.0, 0.0, 0.0, 0.0, 0.0, 0.0, 0.0, 0.0, 0.0, 0.0, 0.0, 1.0, 0.0, 0.0, 1.0, 0.0, 1.0, 0.0, 1.0, 1.0, 1.0, 1.0, 49.0, 0.0, 0.0, 0.0, 0.0, 0.0, 0.0, 0.0, 1.0, 1.0, 1.0, 0.0, 1.0, 0.0, 0.0, 0.0, 0.0, 0.0, 0.0, 0.0, 1.0, 0.0, 0.0, 0.0, 0.0, 0.0, 0.0, 0.0, 1.0], "bins": [-0.00032413832377642393, -0.0003150228294543922, -0.0003059073642361909, -0.0002967918699141592, -0.0002876764046959579, -0.00027856091037392616, -0.0002694454451557249, -0.00026032995083369315, -0.00025121448561549187, -0.00024209899129346013, -0.00023298351152334362, -0.00022386803175322711, -0.00021475253743119538, -0.00020563705766107887, -0.00019652157789096236, -0.00018740609812084585, -0.00017829061835072935, -0.00016917513858061284, -0.00016005965881049633, -0.00015094417904037982, -0.00014182869927026331, -0.00013271320494823158, -0.00012359772517811507, -0.00011448224540799856, -0.00010536676563788205, -9.625128586776555e-05, -8.713580609764904e-05, -7.802031905157492e-05, -6.890483928145841e-05, -5.97893595113419e-05, -5.0673876103246585e-05, -4.155839269515127e-05, -3.244291292503476e-05, -2.332743133592885e-05, -1.4211949746822938e-05, -5.096468157717027e-06, 4.019013431388885e-06, 1.3134495020494796e-05, 2.2249976609600708e-05, 3.136546001769602e-05, 4.048093978781253e-05, 4.959641955792904e-05, 5.8711902966024354e-05, 6.782738637411967e-05, 7.694286614423618e-05, 8.605834591435269e-05, 9.517383296042681e-05, 0.00010428931273054332, 0.00011340479250065982, 0.00012252027227077633, 0.00013163575204089284, 0.00014075123181100935, 0.00014986671158112586, 0.0001589822059031576, 0.0001680976856732741, 0.0001772131654433906, 0.00018632864521350712, 0.00019544412498362362, 0.00020455960475374013, 0.00021367508452385664, 0.00022279057884588838, 0.00023190605861600488, 0.0002410215383861214, 0.00025013700360432267, 0.0002592524979263544]}, "gradients/fc_vehicle_count.weight": {"_type": "histogram",