{"reward": 9.327428817749023, "_timestamp": 1721224492.276684, "_runtime": 186.52144813537598, "_step": 41, "epsilon": 0.19166210963468505, "mean_reward": 7.022304534912109, "_wandb": {"runtime": 191}}