{"reward": 9.516811549663544, "episode": 399, "_timestamp": 1721261147.192914, "epsilon": 0.052799250308511514, "_runtime": 2152.290069103241, "_step": 399, "mean_reward": 9.413037300109863, "_wandb": {"runtime": 2151}, "sum_of_rewards": 8.995368176400662}