{"reward": 9.103046357631683, "episode": 284, "_timestamp": 1721240501.964822, "epsilon": 0.05000000001846596, "mean_reward": 9.328376770019531, "_runtime": 898.4148061275482, "_step": 284, "_wandb": {"runtime": 900}}