{"reward": 8.987024754285812, "episode": 49, "_timestamp": 1721230929.573259, "epsilon": 0.0566539219315169, "_runtime": 102.724130153656, "_step": 49, "mean_reward": 8.912915229797363, "_wandb": {"runtime": 102}}