{"reward": 9.111742079257965, "episode": 249, "_timestamp": 1721251453.443307, "epsilon": 0.05000007269942444, "_runtime": 1221.2042109966278, "_step": 249, "mean_reward": 8.57042407989502, "_wandb": {"runtime": 1220}, "sum_of_rewards": 8.493668190002442}