{"reward": 9.554243266582489, "episode": 599, "_timestamp": 1721289324.470644, "epsilon": 0.05, "_runtime": 3355.056139945984, "_step": 599, "mean_reward": 9.356727600097656, "_wandb": {"runtime": 3353}, "sum_of_rewards": 9.27146423364679}