{"reward": 9.404168665409088, "episode": 18, "_timestamp": 1721581786.8716722, "epsilon": 0.11481791867024524, "_runtime": 43.337502241134644, "_step": 18}