{"reward": 9.05668118596077, "episode": 549, "_timestamp": 1721288799.160952, "epsilon": 0.05, "_runtime": 3060.5692920684814, "_step": 549, "mean_reward": 9.382969856262207, "_wandb": {"runtime": 3059}, "sum_of_rewards": 9.304699422175235}