{"reward": 8.497174710035324, "episode": 249, "_timestamp": 1721236034.5896251, "epsilon": 0.050000158353293134, "mean_reward": 8.683980941772461, "_runtime": 767.7407891750336, "_step": 249, "_wandb": {"runtime": 767}, "sum_of_rewards": 9.00508392732877}