{"reward": 9.200302183628082, "episode": 19, "_timestamp": 1721580186.745026, "epsilon": 0.1074883367341111, "_runtime": 460.01538920402527, "_step": 19, "_wandb": {"runtime": 459}, "sum_of_rewards": 6.697809661924839}