{"reward": 9.399310231208801, "episode": 249, "_timestamp": 1721243086.479469, "epsilon": 0.0695862118649539, "_runtime": 1212.57923412323, "_step": 249, "mean_reward": 9.099264144897461, "_wandb": {"runtime": 1211}, "sum_of_rewards": 8.651109474301338}