{"reward": 7.4478179812431335, "_timestamp": 1721224700.3968132, "_runtime": 42.01594424247742, "_step": 2, "epsilon": 0.4832390273923966, "mean_reward": 7.447817802429199, "_wandb": {"runtime": 49}}