{"reward": 36.662005603313446, "_timestamp": 1721221071.992047, "_runtime": 593.3063609600067, "_step": 21, "epsilon": 0.7615178644459282}