{"reward": 9.554243266582489, "episode": 399, "_timestamp": 1721251688.648139, "epsilon": 0.050000000015884685, "_runtime": 1990.9105200767517, "_step": 399, "mean_reward": 9.40245246887207, "_wandb": {"runtime": 1990}, "sum_of_rewards": 9.165890951156616}