{"reward": 8.154333531856537, "episode": 399, "_timestamp": 1721237541.896777, "epsilon": 0.05, "mean_reward": 8.676328659057617, "_runtime": 1442.026752948761, "_step": 399, "_wandb": {"runtime": 1441}, "sum_of_rewards": 8.678945774407614}