{"reward": 8.906088411808014, "episode": 181, "_timestamp": 1721240500.117274, "epsilon": 0.05, "mean_reward": 8.594676971435547, "_runtime": 580.7691421508789, "_step": 181, "_wandb": {"runtime": 584}}