{"reward": 9.30660754442215, "_timestamp": 1721229412.153871, "_runtime": 4622.980697154999, "_step": 749, "epsilon": 0.05154275779294954, "mean_reward": 9.317687034606934, "gradients/fc2.weight": {"_type": "histogram", "values": [672.0], "bins": [0.0, 0.0]}, "gradients/fc2.bias": {"_type": "histogram", "values": [1.0, 0.0, 0.0, 0.0, 0.0, 0.0, 0.0, 0.0, 0.0, 0.0, 0.0, 0.0, 0.0, 0.0, 0.0, 0.0, 0.0, 0.0, 0.0, 1.0, 0.0, 0.0, 0.0, 0.0, 0.0, 0.0, 0.0, 0.0, 0.0, 0.0, 0.0, 0.0, 0.0, 0.0, 1.0, 0.0, 0.0, 0.0, 0.0, 0.0, 0.0, 0.0, 1.0, 0.0, 0.0, 0.0, 0.0, 0.0, 0.0, 0.0, 1.0, 1.0, 0.0, 0.0, 0.0, 1.0, 0.0, 0.0, 0.0, 0.0, 0.0, 0.0, 0.0, 14.0], "bins": [-0.011464213952422142, -0.01128508523106575, -0.011105957441031933, -0.010926828719675541, -0.010747700929641724, -0.010568572208285332, -0.01038944348692894, -0.010210315696895123, -0.01003118697553873, -0.009852059185504913, -0.009672930464148521, -0.00949380174279213, -0.009314673952758312, -0.00913554523140192, -0.008956417441368103, -0.008777288720011711, -0.00859815999865532, -0.008419032208621502, -0.00823990348726511, -0.008060775697231293, -0.0078816469758749, -0.007702518720179796, -0.007523390464484692, -0.007344262208789587, -0.007165133953094482, -0.0069860052317380905, -0.006806876976042986, -0.006627748720347881, -0.006448620464652777, -0.006269492208957672, -0.00609036348760128, -0.005911235231906176, -0.005732106976211071, -0.005552978720515966, -0.005373850464820862, -0.00519472174346447, -0.005015593487769365, -0.004836465232074261, -0.004657336976379156, -0.0044782087206840515, -0.00429907999932766, -0.004119951743632555, -0.00394082348793745, -0.003761695232242346, -0.003582566976547241, -0.003403438488021493, -0.0032243102323263884, -0.00304518174380064, -0.0028660534881055355, -0.002686925232410431, -0.0025077967438846827, -0.002328668488189578, -0.00214953999966383, -0.001970411743968725, -0.0017912834882736206, -0.0016121551161631942, -0.0014330267440527678, -0.0012538983719423413, -0.001074769999831915, -0.0008956417441368103, -0.0007165133720263839, -0.0005373849999159575, -0.00035825668601319194, -0.00017912834300659597, 0.0]}, "gradients/fc1.weight": {"_type": "histogram", "values": [1024.0], "bins": [0.0, 0.0]}, "gradients/fc1.bias": {"_type": "histogram", "values": [32.0], "bins": [0.0, 0.0]}, "gradients/fc_vehicle_count.weight": {"_type": "histogram", "values": [96.0], "bins": [0.0, 0.0]}, "gradients/fc_vehicle_count.bias": {"_type": "histogram", "values": [16.0], "bins": [0.0, 0.0]}, "gradients/fc_occupancy.weight": {"_type": "histogram", "values": [96.0], "bins": [0.0, 0.0]}, "gradients/fc_occupancy.bias": {"_type": "histogram", "values": [16.0], "bins": [0.0, 0.0]}, "_wandb": {"runtime": 4622}}