{"reward": 9.520969808101654, "episode": 399, "_timestamp": 1721253115.912396, "epsilon": 0.050000000008040515, "_runtime": 2005.4148519039154, "_step": 399, "mean_reward": 9.154047966003418, "_wandb": {"runtime": 2004}, "sum_of_rewards": 8.995115805268288}