{"reward": 31.606012642383575, "_timestamp": 1721221226.874969, "_runtime": 111.78853988647461, "_step": 3, "epsilon": 0.8942434249891413}