{"reward": 9.554243266582489, "episode": 59, "_timestamp": 1721233514.467916, "epsilon": 0.0501957626218668, "mean_reward": 8.980544090270996, "_runtime": 121.01834011077881, "_step": 59, "_wandb": {"runtime": 120}, "sum_of_rewards": 8.21692147082404}