{"reward": 9.552403330802917, "episode": 399, "_timestamp": 1721257829.675798, "epsilon": 0.05, "_runtime": 2052.3927960395813, "_step": 399, "mean_reward": 9.40365219116211, "_wandb": {"runtime": 2051}, "sum_of_rewards": 9.292317247763275}