{"reward": 9.434509217739105, "episode": 249, "_timestamp": 1721237497.8429272, "epsilon": 0.05000187275088333, "mean_reward": 8.751668930053711, "_runtime": 943.695011138916, "_step": 249, "_wandb": {"runtime": 943}, "sum_of_rewards": 8.860331912324542}