{"reward": 8.895438104867935, "episode": 249, "_timestamp": 1721241781.534875, "epsilon": 0.09089408683610303, "_runtime": 1202.5719759464264, "_step": 249, "mean_reward": 8.736891746520996, "_wandb": {"runtime": 1202}, "sum_of_rewards": 8.153660868048668}