{"reward": 9.066871285438538, "episode": 399, "_timestamp": 1721235283.815576, "epsilon": 0.0500421211158529, "_runtime": 1271.546056985855, "_step": 399, "mean_reward": 9.104512214660645, "_wandb": {"runtime": 1271}, "sum_of_rewards": 8.790369244068861}