{"reward": 8.243030041456223, "episode": 59, "_timestamp": 1721232874.841467, "epsilon": 0.05835221109708265, "mean_reward": 7.517325401306152, "_runtime": 127.06638789176941, "_step": 59, "_wandb": {"runtime": 126}, "sum_of_rewards": 7.925587258462248}