{"reward": 9.563153207302094, "episode": 284, "_timestamp": 1721579441.6305768, "epsilon": 0.05000002782051176, "_runtime": 630.3059527873993, "_step": 284, "mean_reward": 9.373106956481934, "_wandb": {"runtime": 632}}