{"reward": 9.579626142978668, "episode": 249, "_timestamp": 1721246234.413673, "epsilon": 0.05000000000007547, "_runtime": 1178.937252998352, "_step": 249, "mean_reward": 9.198116302490234, "_wandb": {"runtime": 1178}, "sum_of_rewards": 8.859780741095543}