{"reward": 8.471779942512512, "episode": 59, "_timestamp": 1721232334.427629, "epsilon": 0.12549421366863195, "_runtime": 132.36025404930115, "_step": 59, "mean_reward": 7.66083288192749, "_wandb": {"runtime": 131}, "sum_of_rewards": 7.660832836230596}