{"reward": 9.361904799938202, "episode": 49, "_timestamp": 1721232319.0853918, "epsilon": 0.295660175539104, "_runtime": 117.01797366142273, "_step": 49, "mean_reward": 7.536993026733398, "_wandb": {"runtime": 116}, "sum_of_rewards": 7.5369929522275925}