{"reward": 9.138240098953247, "episode": 599, "_timestamp": 1721270131.378402, "epsilon": 0.05, "_runtime": 3612.652808904648, "_step": 599, "mean_reward": 9.31721019744873, "_wandb": {"runtime": 3611}, "sum_of_rewards": 9.233857557227214}