{"reward": 9.554243266582489, "episode": 56, "_timestamp": 1721230944.917793, "epsilon": 0.050322300377867016, "_runtime": 118.0712890625, "_step": 56, "mean_reward": 8.617426872253418, "_wandb": {"runtime": 118}}