{"reward": 9.258395791053772, "episode": 399, "_timestamp": 1721247656.8839622, "epsilon": 0.05734444086677472, "_runtime": 1944.4519922733307, "_step": 399, "mean_reward": 8.733746528625488, "_wandb": {"runtime": 1943}, "sum_of_rewards": 8.253341026082635}