{"reward": 8.878277391195297, "episode": 249, "_timestamp": 1721247469.540351, "epsilon": 0.051583193186426395, "_runtime": 1224.7796080112457, "_step": 249, "mean_reward": 8.404919624328613, "_wandb": {"runtime": 1224}, "sum_of_rewards": 8.351187635660171}