{"reward": 8.754186511039734, "episode": 59, "_timestamp": 1721232565.728443, "epsilon": 0.05953012745169116, "mean_reward": 7.91623067855835, "_runtime": 124.96753692626953, "_step": 59, "_wandb": {"runtime": 124}, "sum_of_rewards": 7.760333157517016}