{"reward": 5.369769036769867, "_timestamp": 1721224697.33718, "_runtime": 61.33364295959473, "_step": 14, "epsilon": 0.7090198883009314, "mean_reward": 5.997979640960693, "_wandb": {"runtime": 71}}