{"reward": 8.715354651212692, "episode": 29, "_timestamp": 1721230802.897959, "epsilon": 0.08981537391687919, "mean_reward": 8.517343521118164, "_runtime": 52.56341195106506, "_step": 29, "_wandb": {"runtime": 52}}