{"reward": 8.98581776022911, "_timestamp": 1721229400.224763, "_runtime": 4619.922789812088, "_step": 749, "epsilon": 0.05000000000004901, "mean_reward": 9.332898139953613, "gradients/fc2.weight": {"_type": "histogram", "values": [1.0, 0.0, 0.0, 0.0, 0.0, 0.0, 0.0, 0.0, 0.0, 0.0, 0.0, 0.0, 0.0, 0.0, 0.0, 0.0, 0.0, 0.0, 0.0, 0.0, 0.0, 0.0, 0.0, 0.0, 0.0, 0.0, 0.0, 0.0, 0.0, 0.0, 0.0, 0.0, 0.0, 0.0, 0.0, 0.0, 0.0, 0.0, 0.0, 0.0, 0.0, 0.0, 0.0, 1.0, 0.0, 1.0, 0.0, 0.0, 0.0, 0.0, 0.0, 0.0, 0.0, 1.0, 2.0, 1.0, 0.0, 9.0, 1321.0, 3.0, 1.0, 2.0, 0.0, 1.0], "bins": [-0.09267276525497437, -0.09109118580818176, -0.08950960636138916, -0.08792802691459656, -0.08634644746780396, -0.08476486802101135, -0.08318328857421875, -0.08160170912742615, -0.08002012968063354, -0.07843855023384094, -0.07685697078704834, -0.07527539134025574, -0.07369381189346313, -0.07211223244667053, -0.07053065299987793, -0.06894907355308533, -0.06736749410629272, -0.06578590720891953, -0.06420432776212692, -0.06262274831533432, -0.061041172593832016, -0.05945959314703941, -0.05787801370024681, -0.05629643425345421, -0.05471485108137131, -0.053133271634578705, -0.0515516921877861, -0.0499701127409935, -0.0483885332942009, -0.046806953847408295, -0.04522537440061569, -0.04364379495382309, -0.04206221550703049, -0.040480636060237885, -0.03889905661344528, -0.03731747716665268, -0.03573589771986008, -0.034154314547777176, -0.03257273510098457, -0.03099115751683712, -0.02940957620739937, -0.027827996760606766, -0.026246417313814163, -0.02466483786702156, -0.023083258420228958, -0.021501678973436356, -0.019920099526643753, -0.01833852007985115, -0.016756940633058548, -0.01517536025494337, -0.013593779876828194, -0.012012200430035591, -0.010430620983242989, -0.008849041536450386, -0.007267461623996496, -0.005685881711542606, -0.004104302264750004, -0.0025227225851267576, -0.0009411429055035114, 0.0006404367741197348, 0.002222016453742981, 0.003803596133366227, 0.005385175812989473, 0.006966755725443363, 0.008548335172235966]}, "gradients/fc2.bias": {"_type": "histogram", "values": [1.0, 0.0, 0.0, 0.0, 0.0, 0.0, 0.0, 0.0, 0.0, 0.0, 0.0, 0.0, 0.0, 0.0, 0.0, 0.0, 0.0, 0.0, 0.0, 0.0, 0.0, 0.0, 0.0, 0.0, 0.0, 0.0, 0.0, 0.0, 0.0, 0.0, 0.0, 0.0, 0.0, 0.0, 0.0, 0.0, 0.0, 0.0, 0.0, 0.0, 0.0, 0.0, 0.0, 0.0, 0.0, 0.0, 0.0, 0.0, 0.0, 0.0, 0.0, 0.0, 0.0, 0.0, 1.0, 0.0, 1.0, 3.0, 13.0, 0.0, 1.0, 0.0, 0.0, 1.0], "bins": [-0.0177704319357872, -0.017468977719545364, -0.017167525365948677, -0.01686607114970684, -0.016564618796110153, -0.016263164579868317, -0.01596171222627163, -0.015660258010029793, -0.01535880472511053, -0.015057351440191269, -0.014755898155272007, -0.014454444870352745, -0.014152990654110909, -0.013851537369191647, -0.013550084084272385, -0.013248630799353123, -0.01294717751443386, -0.012645724229514599, -0.012344270944595337, -0.012042817659676075, -0.011741364374756813, -0.011439910158514977, -0.011138456873595715, -0.010837003588676453, -0.01053555030375719, -0.010234097018837929, -0.009932643733918667, -0.009631190448999405, -0.009329736232757568, -0.009028282947838306, -0.008726829662919044, -0.008425376377999783, -0.008123924024403095, -0.007822470739483833, -0.007521017454564571, -0.007219563703984022, -0.00691811041906476, -0.006616657134145498, -0.006315203383564949, -0.006013750098645687, -0.005712296813726425, -0.005410843528807163, -0.005109390243887901, -0.004807936493307352, -0.00450648320838809, -0.004205029923468828, -0.0039035764057189226, -0.003602122887969017, -0.003300669603049755, -0.002999216318130493, -0.0026977628003805876, -0.002396309282630682, -0.00209485599771142, -0.0017934025963768363, -0.0014919491950422525, -0.0011904957937076688, -0.000889042392373085, -0.0005875889910385013, -0.0002861355897039175, 1.5317811630666256e-05, 0.00031677121296525, 0.0006182246142998338, 0.0009196780156344175, 0.0012211314169690013, 0.001522584818303585]}, "gradients/fc1.weight": {"_type": "histogram", "values": [1.0, 0.0, 0.0, 0.0, 1.0, 0.0, 1.0, 0.0, 0.0, 0.0, 0.0, 1.0, 0.0, 1.0, 0.0, 1.0, 1.0, 1.0, 0.0, 0.0, 0.0, 1.0, 1.0, 1.0, 1.0, 0.0, 1.0, 1.0, 0.0, 0.0, 2.0, 1.0, 0.0, 0.0, 2.0, 0.0, 3.0, 0.0, 1.0, 1.0, 1.0, 3.0, 1.0, 1.0, 1.0, 1.0, 2.0, 2.0, 3.0, 2.0, 2.0, 2.0, 2.0, 6.0, 4.0, 9.0, 10.0, 11.0, 31.0, 60.0, 7987.0, 16.0, 6.0, 5.0], "bins": [-0.04143412783741951, -0.0407463014125824, -0.04005847126245499, -0.039370644837617874, -0.03868281841278076, -0.03799499198794365, -0.03730716183781624, -0.036619335412979126, -0.035931508988142014, -0.0352436788380146, -0.03455585241317749, -0.03386802598834038, -0.03318019583821297, -0.032492369413375854, -0.03180454298853874, -0.03111671470105648, -0.03042888641357422, -0.029741059988737106, -0.029053231701254845, -0.028365405276417732, -0.02767757698893547, -0.026989750564098358, -0.026301922276616096, -0.025614093989133835, -0.024926267564296722, -0.02423843927681446, -0.02355061285197735, -0.022862784564495087, -0.022174956277012825, -0.021487129852175713, -0.02079930156469345, -0.02011147513985634, -0.019423648715019226, -0.018735820427536964, -0.018047994002699852, -0.01736016571521759, -0.016672339290380478, -0.015984511002898216, -0.01529668364673853, -0.014608855359256268, -0.01392102800309658, -0.013233200646936893, -0.012545373290777206, -0.01185754593461752, -0.011169718578457832, -0.01048189029097557, -0.009794062934815884, -0.009106235578656197, -0.00841840822249651, -0.007730580400675535, -0.007042753044515848, -0.006354925222694874, -0.005667097866535187, -0.0049792705103755, -0.004291442688554525, -0.0036036153323948383, -0.0029157877434045076, -0.002227960154414177, -0.001540132681839168, -0.0008523051510564983, -0.0001644776202738285, 0.0005233499105088413, 0.001211177441291511, 0.00189900491386652, 0.0025868325028568506]}, "gradients/fc1.bias": {"_type": "histogram", "values": [1.0, 0.0, 0.0, 0.0, 0.0, 0.0, 0.0, 0.0, 0.0, 0.0, 0.0, 0.0, 0.0, 0.0, 0.0, 0.0, 0.0, 0.0, 0.0, 1.0, 0.0, 0.0, 0.0, 0.0, 0.0, 0.0, 0.0, 0.0, 0.0, 0.0, 0.0, 0.0, 0.0, 0.0, 0.0, 0.0, 0.0, 1.0, 0.0, 0.0, 0.0, 0.0, 0.0, 0.0, 0.0, 0.0, 0.0, 0.0, 0.0, 0.0, 0.0, 0.0, 0.0, 0.0, 0.0, 1.0, 0.0, 59.0, 0.0, 0.0, 0.0, 0.0, 0.0, 1.0], "bins": [-0.0018194078002125025, -0.001788030844181776, -0.0017566540045663714, -0.001725277048535645, -0.0016939002089202404, -0.001662523252889514, -0.0016311464132741094, -0.001599769457243383, -0.0015683926176279783, -0.001537015661597252, -0.0015056387055665255, -0.0014742618659511209, -0.0014428849099203944, -0.0014115080703049898, -0.0013801311142742634, -0.0013487542746588588, -0.0013173773186281323, -0.001286000362597406, -0.0012546235229820013, -0.0012232465669512749, -0.0011918697273358703, -0.0011604927713051438, -0.0011291159316897392, -0.0010977389756590128, -0.0010663620196282864, -0.0010349851800128818, -0.0010036082239821553, -0.0009722313843667507, -0.0009408544283360243, -0.0009094775305129588, -0.0008781006326898932, -0.0008467237348668277, -0.0008153468370437622, -0.0007839699392206967, -0.0007525930413976312, -0.0007212161435745656, -0.0006898392457515001, -0.0006584622897207737, -0.0006270853918977082, -0.0005957084940746427, -0.0005643315962515771, -0.0005329546984285116, -0.0005015778006054461, -0.0004702008736785501, -0.0004388239758554846, -0.0004074470780324191, -0.0003760701511055231, -0.0003446932532824576, -0.00031331635545939207, -0.00028193945763632655, -0.00025056255981326103, -0.00021918563288636506, -0.00018780873506329954, -0.00015643183724023402, -0.00012505492486525327, -9.367801976623014e-05, -6.2301114667207e-05, -3.092420956818387e-05, 4.526955308392644e-07, 3.18296006298624e-05, 6.320650572888553e-05, 9.458341082790866e-05, 0.0001259603159269318, 0.00015733722830191255, 0.00018871412612497807]}, "gradients/fc_vehicle_count.weight": {"_type": "histogram",