{"action": 17, "_timestamp": 1721654098.183486, "_runtime": 91.23404908180237, "_step": 144007, "_wandb": {"runtime": 90}}