{"reward": 9.425053715705872, "episode": 399, "_timestamp": 1721245038.80928, "epsilon": 0.05004752265596045, "_runtime": 1966.0221328735352, "_step": 399, "mean_reward": 9.154191017150879, "_wandb": {"runtime": 1965}, "sum_of_rewards": 8.846930443570018}