{"reward": 8.549823492765427, "_timestamp": 1721224495.4979389, "_runtime": 189.48312377929688, "_step": 41, "epsilon": 0.22298437906721574, "mean_reward": 7.823264122009277, "_wandb": {"runtime": 191}}