{"reward": 9.536350309848785, "episode": 249, "_timestamp": 1721259375.985883, "epsilon": 0.05128612428057883, "_runtime": 1315.5958170890808, "_step": 249, "mean_reward": 9.275437355041504, "_wandb": {"runtime": 1314}, "sum_of_rewards": 9.038468346118927}