{"action": 15, "episode": 161, "_timestamp": 1721653833.702912, "_runtime": 316.6735680103302, "_step": 161, "reward": 9.554243266582489, "epsilon": 0.05004892875716518, "mean_reward_value": 9.41206169128418, "_wandb": {"runtime": 315}}