{"reward": 9.552403330802917, "episode": 249, "_timestamp": 1721260622.8470569, "epsilon": 0.050000047195490144, "_runtime": 1360.488716840744, "_step": 249, "mean_reward": 9.265445709228516, "_wandb": {"runtime": 1359}, "sum_of_rewards": 9.17028234231472}