{"loss": 0.06438321620225906, "trainer/step": 29900, "_timestamp": 1721142600.081506, "_runtime": 6.881278038024902, "_step": 1499, "epsilon": 0.38019466400146484, "max_steps": 210, "steps": 0, "total_episodes": 1270}