{"reward": 9.554243266582489, "episode": 346, "_timestamp": 1721261184.855841, "epsilon": 0.05000000007353207, "_runtime": 1857.8466699123383, "_step": 346, "mean_reward": 9.377961158752441, "_wandb": {"runtime": 1860}}