{"action": 18, "episode": 69, "_timestamp": 1721653454.258904, "_runtime": 153.42239689826965, "_step": 69, "reward": 9.046162962913513, "epsilon": 0.05, "mean_reward_value": 8.022378921508789, "_wandb": {"runtime": 154}}