{"reward": 9.554243266582489, "episode": 249, "_timestamp": 1721239654.724633, "epsilon": 0.050000000312169585, "mean_reward": 9.289510726928711, "_runtime": 783.5952520370483, "_step": 249, "_wandb": {"runtime": 783}, "sum_of_rewards": 8.862306919448516}