{"reward": 9.463486731052399, "episode": 39, "_timestamp": 1721230624.329996, "epsilon": 0.08983315019592583, "mean_reward": 8.329339981079102, "_runtime": 73.00471711158752, "_step": 39, "_wandb": {"runtime": 72}}