{"reward": 9.25316607952118, "episode": 399, "_timestamp": 1721248370.3819141, "epsilon": 0.05, "_runtime": 1960.1402280330658, "_step": 399, "mean_reward": 8.973016738891602, "_wandb": {"runtime": 1959}, "sum_of_rewards": 8.765946877896786}