{"reward": 7.3294492065906525, "_timestamp": 1721224497.42919, "_runtime": 191.8376488685608, "_step": 38, "epsilon": 0.45536772566934874, "mean_reward": 6.59887170791626, "_wandb": {"runtime": 191}}