{"reward": 8.766345351934433, "episode": 49, "_timestamp": 1721261186.416885, "epsilon": 0.058429656034589564, "_runtime": 277.5566039085388, "_step": 49, "mean_reward": 8.758977890014648, "_wandb": {"runtime": 278}}