{"reward": 8.29926410317421, "episode": 49, "_timestamp": 1721232569.199018, "epsilon": 0.05000000261729113, "mean_reward": 8.323284149169922, "_runtime": 103.76486301422119, "_step": 49, "_wandb": {"runtime": 103}, "sum_of_rewards": 8.074864785186946}