{"reward": 8.629100024700165, "_timestamp": 1721224497.0816052, "_runtime": 185.76338028907776, "_step": 53, "epsilon": 0.0965780835182414, "mean_reward": 8.454715728759766, "_wandb": {"runtime": 186}}