{"reward": 9.554243266582489, "episode": 249, "_timestamp": 1721250215.656029, "epsilon": 0.05235142077254403, "_runtime": 1264.3233830928802, "_step": 249, "mean_reward": 9.319900512695312, "_wandb": {"runtime": 1263}, "sum_of_rewards": 8.83499652826786}