{"reward": 9.0488600730896, "episode": 49, "_timestamp": 1721230931.2131689, "epsilon": 0.2559361108036934, "_runtime": 104.36085677146912, "_step": 49, "mean_reward": 7.518509387969971, "_wandb": {"runtime": 103}}