{"reward": 9.554243266582489, "episode": 249, "_timestamp": 1721252100.3335161, "epsilon": 0.05000000000004605, "_runtime": 1289.6275210380554, "_step": 249, "mean_reward": 9.339600563049316, "_wandb": {"runtime": 1288}, "sum_of_rewards": 9.263409457683563}