{"reward": 9.577487885951996, "episode": 499, "_timestamp": 1721282300.5263329, "epsilon": 0.05, "_runtime": 2568.448059797287, "_step": 499, "mean_reward": 9.278521537780762, "_wandb": {"runtime": 2567}, "sum_of_rewards": 9.193799120247364}