{"reward": 8.626013815402985, "episode": 59, "_timestamp": 1721233106.1021209, "epsilon": 0.05000000001749999, "mean_reward": 8.810248374938965, "_runtime": 129.72727990150452, "_step": 59, "_wandb": {"runtime": 129}, "sum_of_rewards": 8.026822315118253}