{"reward": 9.158767104148865, "episode": 42, "_timestamp": 1721233980.5338602, "epsilon": 0.1635371266824847, "_runtime": 174.94051027297974, "_step": 42, "mean_reward": 7.448422431945801, "_wandb": {"runtime": 177}}