{"action": 5, "_timestamp": 1721654099.742382, "_runtime": 96.40256905555725, "_step": 154804, "_wandb": {"runtime": 95}}