{"reward": 9.097523510456085, "episode": 249, "_timestamp": 1721238336.737809, "epsilon": 0.050000086834280685, "mean_reward": 9.276625633239746, "_runtime": 831.3172469139099, "_step": 249, "_wandb": {"runtime": 830}, "sum_of_rewards": 8.870028093182123}