{"reward": 9.554243266582489, "episode": 399, "_timestamp": 1721257368.151327, "epsilon": 0.05000000000203104, "_runtime": 2054.5769968032837, "_step": 399, "mean_reward": 9.246981620788574, "_wandb": {"runtime": 2054}, "sum_of_rewards": 9.158033498451113}