{"reward": 9.4534552693367, "episode": 399, "_timestamp": 1721255055.450578, "epsilon": 0.05, "_runtime": 2171.443507909775, "_step": 399, "mean_reward": 9.25552749633789, "_wandb": {"runtime": 2171}, "sum_of_rewards": 9.259420649260283}