{"reward": 8.803004413843155, "episode": 249, "_timestamp": 1721236089.585045, "epsilon": 0.05, "mean_reward": 9.160721778869629, "_runtime": 777.8808732032776, "_step": 249, "_wandb": {"runtime": 777}, "sum_of_rewards": 8.70206657226269}