{"reward": 8.958827823400497, "episode": 399, "_timestamp": 1721251091.1685781, "epsilon": 0.05, "_runtime": 2014.9763340950012, "_step": 399, "mean_reward": 9.045365333557129, "_wandb": {"runtime": 2013}, "sum_of_rewards": 8.74579979851842}