{"reward": 9.212881624698639, "episode": 249, "_timestamp": 1721249485.972807, "epsilon": 0.05000000000006888, "_runtime": 1251.9173209667206, "_step": 249, "mean_reward": 9.224613189697266, "_wandb": {"runtime": 1251}, "sum_of_rewards": 9.127018491268158}