{"reward": 9.550732374191284, "episode": 399, "_timestamp": 1721255997.5203588, "epsilon": 0.05001861199722297, "_runtime": 2187.995251893997, "_step": 399, "mean_reward": 9.397087097167969, "_wandb": {"runtime": 2187}, "sum_of_rewards": 9.237621881738304}