{"reward": 9.554243266582489, "episode": 599, "_timestamp": 1721305611.590626, "epsilon": 0.05, "_runtime": 3378.256896018982, "_step": 599, "mean_reward": 9.358600616455078, "_wandb": {"runtime": 3377}, "sum_of_rewards": 9.293608702222507}