{"reward": 8.504680067300797, "_timestamp": 1721229418.9212968, "_runtime": 4638.558927774429, "_step": 749, "epsilon": 0.05000001950032323, "mean_reward": 9.254525184631348, "gradients/fc2.weight": {"_type": "histogram", "values": [1.0, 0.0, 0.0, 0.0, 1.0, 0.0, 0.0, 0.0, 0.0, 0.0, 0.0, 0.0, 0.0, 0.0, 2681.0, 0.0, 0.0, 0.0, 1.0, 0.0, 1.0, 1.0, 0.0, 0.0, 0.0, 0.0, 0.0, 0.0, 0.0, 1.0, 0.0, 0.0, 0.0, 0.0, 0.0, 0.0, 0.0, 0.0, 0.0, 0.0, 0.0, 0.0, 0.0, 0.0, 0.0, 0.0, 0.0, 0.0, 0.0, 0.0, 0.0, 0.0, 0.0, 0.0, 0.0, 0.0, 0.0, 0.0, 0.0, 0.0, 0.0, 0.0, 0.0, 1.0], "bins": [-0.0002679472090676427, -0.00024969392688944936, -0.00023144061560742557, -0.00021318733342923224, -0.00019493403669912368, -0.00017668073996901512, -0.0001584274577908218, -0.00014017416106071323, -0.00012192086433060467, -0.00010366756760049611, -8.541427814634517e-05, -6.716098869219422e-05, -4.8907691962085664e-05, -3.065439886995591e-05, -1.240110577782616e-05, 5.852187314303592e-06, 2.4105480406433344e-05, 4.2358773498563096e-05, 6.061206659069285e-05, 7.886535604484379e-05, 9.711865277495235e-05, 0.00011537194950506091, 0.00013362523168325424, 0.0001518785284133628, 0.00017013182514347136, 0.00018838512187357992, 0.00020663841860368848, 0.0002248917007818818, 0.00024314499751199037, 0.00026139829424209893, 0.00027965157642029226, 0.00029790488770231605, 0.0003161581698805094, 0.0003344114520587027, 0.0003526647633407265, 0.0003709180455189198, 0.0003891713568009436, 0.00040742463897913694, 0.0004256779211573303, 0.00044393123243935406, 0.0004621845146175474, 0.0004804377967957407, 0.0004986911080777645, 0.0005169443902559578, 0.0005351976724341512, 0.0005534509546123445, 0.0005717042949981987, 0.0005899575771763921, 0.0006082108593545854, 0.0006264641415327787, 0.0006447174237109721, 0.0006629707640968263, 0.0006812240462750196, 0.000699477328453213, 0.0007177306106314063, 0.0007359838928095996, 0.000754237174987793, 0.0007724905153736472, 0.0007907437975518405, 0.0008089970797300339, 0.0008272503619082272, 0.0008455036440864205, 0.0008637569844722748, 0.0008820102666504681, 0.0009002635488286614]}, "gradients/fc2.bias": {"_type": "histogram", "values": [1.0, 0.0, 1.0, 1.0, 0.0, 1.0, 0.0, 12.0, 1.0, 0.0, 1.0, 0.0, 0.0, 0.0, 0.0, 1.0, 0.0, 0.0, 0.0, 0.0, 0.0, 0.0, 0.0, 0.0, 0.0, 0.0, 0.0, 0.0, 0.0, 0.0, 0.0, 0.0, 0.0, 0.0, 0.0, 0.0, 0.0, 0.0, 0.0, 0.0, 0.0, 0.0, 0.0, 1.0, 0.0, 0.0, 0.0, 0.0, 0.0, 0.0, 0.0, 0.0, 0.0, 0.0, 0.0, 0.0, 0.0, 0.0, 0.0, 0.0, 0.0, 0.0, 0.0, 1.0], "bins": [-0.0021132947877049446, -0.001844542333856225, -0.0015757899964228272, -0.0013070376589894295, -0.0010382852051407099, -0.0007695328094996512, -0.0005007804138585925, -0.00023202801821753383, 3.6724377423524857e-05, 0.00030547677306458354, 0.0005742291687056422, 0.0008429815643467009, 0.0011117339599877596, 0.0013804864138364792, 0.001649238751269877, 0.0019179910887032747, 0.0021867435425519943, 0.002455495996400714, 0.0027242484502494335, 0.0029930006712675095, 0.003261753125116229, 0.0035305055789649487, 0.0037992577999830246, 0.004068010486662388, 0.004336762707680464, 0.00460551492869854, 0.004874267615377903, 0.005143019836395979, 0.005411772057414055, 0.005680524744093418, 0.005949276965111494, 0.006218029651790857, 0.006486782804131508, 0.006755535025149584, 0.007024287711828947, 0.007293039932847023, 0.007561792619526386, 0.007830544374883175, 0.008099297061562538, 0.008368049748241901, 0.008636802434921265, 0.008905554190278053, 0.009174306876957417, 0.00944305956363678, 0.009711811318993568, 0.009980564005672932, 0.010249316692352295, 0.010518068447709084, 0.010786821134388447, 0.01105557382106781, 0.011324325576424599, 0.011593078263103962, 0.011861830949783325, 0.012130582705140114, 0.012399335391819477, 0.01266808807849884, 0.012936839833855629, 0.013205592520534992, 0.013474345207214355, 0.013743097893893719, 0.014011849649250507, 0.01428060233592987, 0.014549355022609234, 0.014818106777966022, 0.015086859464645386]}, "gradients/fc1.weight": {"_type": "histogram", "values": [1.0, 0.0, 0.0, 0.0, 0.0, 0.0, 0.0, 0.0, 0.0, 0.0, 0.0, 0.0, 0.0, 0.0, 0.0, 0.0, 0.0, 0.0, 0.0, 0.0, 0.0, 0.0, 0.0, 0.0, 0.0, 0.0, 0.0, 0.0, 0.0, 0.0, 0.0, 1.0, 0.0, 0.0, 0.0, 0.0, 0.0, 0.0, 0.0, 0.0, 0.0, 0.0, 0.0, 0.0, 0.0, 1.0, 0.0, 0.0, 0.0, 1.0, 0.0, 0.0, 0.0, 0.0, 0.0, 0.0, 0.0, 0.0, 0.0, 8184.0, 3.0, 0.0, 0.0, 1.0], "bins": [-0.001979200169444084, -0.001945878961123526, -0.001912557752802968, -0.00187923654448241, -0.0018459153361618519, -0.0018125941278412938, -0.0017792729195207357, -0.0017459517112001777, -0.0017126305028796196, -0.0016793094109743834, -0.0016459882026538253, -0.0016126669943332672, -0.0015793457860127091, -0.001546024577692151, -0.001512703369371593, -0.001479382161051035, -0.0014460609527304769, -0.0014127397444099188, -0.0013794185360893607, -0.0013460973277688026, -0.0013127761194482446, -0.0012794549111276865, -0.0012461337028071284, -0.0012128124944865704, -0.0011794914025813341, -0.001146170194260776, -0.001112848985940218, -0.00107952777761966, -0.0010462065692991018, -0.0010128853609785438, -0.0009795641526579857, -0.0009462429443374276, -0.0009129217360168695, -0.0008796005859039724, -0.0008462793775834143, -0.0008129581692628562, -0.0007796369609422982, -0.0007463157526217401, -0.000712994544301182, -0.000679673335980624, -0.0006463521858677268, -0.0006130309775471687, -0.0005797097692266107, -0.0005463885609060526, -0.0005130673525854945, -0.00047974614426493645, -0.0004464249359443784, -0.00041310375672765076, -0.0003797825484070927, -0.0003464613400865346, -0.000313140160869807, -0.00027981895254924893, -0.00024649774422869086, -0.0002131765359081328, -0.00017985534213948995, -0.0001465341483708471, -0.00011321294005028903, -7.989173900568858e-05, -4.657053796108812e-05, -1.3249336916487664e-05, 2.0071864128112793e-05, 5.339306517271325e-05, 8.671426621731371e-05, 0.00012003546726191416, 0.00015335666830651462]}, "gradients/fc1.bias": {"_type": "histogram", "values": [1.0, 0.0, 0.0, 0.0, 0.0, 0.0, 0.0, 0.0, 0.0, 0.0, 0.0, 0.0, 0.0, 0.0, 0.0, 0.0, 0.0, 0.0, 0.0, 0.0, 0.0, 0.0, 0.0, 0.0, 0.0, 0.0, 0.0, 0.0, 0.0, 0.0, 0.0, 0.0, 0.0, 0.0, 0.0, 0.0, 0.0, 0.0, 0.0, 0.0, 0.0, 0.0, 0.0, 0.0, 0.0, 0.0, 0.0, 0.0, 0.0, 0.0, 0.0, 0.0, 0.0, 0.0, 0.0, 0.0, 0.0, 0.0, 0.0, 126.0, 0.0, 0.0, 0.0, 1.0], "bins": [-0.0005894011701457202, -0.0005795526085421443, -0.0005697039887309074, -0.0005598554271273315, -0.0005500068073160946, -0.0005401582457125187, -0.0005303096259012818, -0.0005204610642977059, -0.000510612444486469, -0.0005007638828828931, -0.0004909152630716562, -0.0004810667014680803, -0.0004712181107606739, -0.0004613695200532675, -0.0004515209293458611, -0.0004416723386384547, -0.00043182377703487873, -0.00042197518632747233, -0.00041212659562006593, -0.0004022780049126595, -0.0003924294142052531, -0.0003825808234978467, -0.0003727322327904403, -0.0003628836420830339, -0.0003530350513756275, -0.0003431864606682211, -0.0003333378699608147, -0.00032348930835723877, -0.00031364071764983237, -0.00030379212694242597, -0.00029394353623501956, -0.00028409494552761316, -0.00027424635482020676, -0.00026439776411280036, -0.00025454917340539396, -0.00024470058269798756, -0.00023485200654249638, -0.00022500341583508998, -0.00021515482512768358, -0.00020530623442027718, -0.000195457658264786, -0.0001856090675573796, -0.0001757604768499732, -0.0001659118861425668, -0.0001560632954351604, -0.000146214704727754, -0.00013636612857226282, -0.00012651753786485642, -0.00011666894715745002, -0.00010682035645004362, -9.697177301859483e-05, -8.712318231118843e-05, -7.727459887973964e-05, -6.742600817233324e-05, -5.757741746492684e-05, -4.7728830395499244e-05, -3.788024332607165e-05, -2.8031656256644055e-05, -1.8183067368227057e-05, -8.33447938930476e-06, 1.5141085896175355e-06, 1.1362696568539832e-05, 2.1211284547462128e-05, 3.1059873435879126e-05, 4.090846050530672e-05]}, "gradients/fc_vehicle_count.weight": {"_type": "histogram",