{"reward": 9.274855554103851, "episode": 399, "_timestamp": 1721236052.832225, "epsilon": 0.05, "mean_reward": 9.196395874023438, "_runtime": 1214.677008152008, "_step": 399, "_wandb": {"runtime": 1214}, "sum_of_rewards": 8.738284125007116}