{"reward": 7.125838816165924, "_timestamp": 1721224697.336869, "_runtime": 60.545018911361694, "_step": 14, "epsilon": 0.6041749082600573, "mean_reward": 6.6216301918029785, "_wandb": {"runtime": 70}}