{"_wandb": {"runtime": 5}, "reward": 8.910011172294617, "episode": 0, "_timestamp": 1721233657.537005, "epsilon": 0.05, "mean_reward": 8.903295516967773, "_runtime": 4.812265872955322, "_step": 0}