{"reward": 9.390864491462708, "episode": 399, "_timestamp": 1721255983.113707, "epsilon": 0.05, "_runtime": 2193.4621760845184, "_step": 399, "mean_reward": 9.33726978302002, "_wandb": {"runtime": 2193}, "sum_of_rewards": 9.258148319274188}