{"reward": 9.554243266582489, "episode": 399, "_timestamp": 1721257140.813108, "epsilon": 0.050000000019524156, "_runtime": 2078.4142949581146, "_step": 399, "mean_reward": 9.387497901916504, "_wandb": {"runtime": 2078}, "sum_of_rewards": 9.2720427826792}