{"reward": 8.99672544002533, "_timestamp": 1721229863.362169, "_runtime": 5083.740505933762, "_step": 1100, "epsilon": 0.050096448925225134, "mean_reward": 8.737547874450684, "gradients/fc2.weight": {"_type": "histogram", "values": [1.0, 0.0, 0.0, 0.0, 0.0, 0.0, 0.0, 2.0, 0.0, 0.0, 0.0, 0.0, 0.0, 0.0, 0.0, 0.0, 0.0, 1.0, 0.0, 0.0, 0.0, 0.0, 0.0, 0.0, 0.0, 0.0, 0.0, 2.0, 0.0, 0.0, 0.0, 0.0, 0.0, 1.0, 1.0, 2.0, 0.0, 1.0, 1.0, 1.0, 0.0, 1.0, 2.0, 4.0, 4.0, 8.0, 4.0, 2.0, 15.0, 12.0, 26.0, 16.0, 1210.0, 9.0, 10.0, 2.0, 1.0, 1.0, 2.0, 0.0, 0.0, 0.0, 1.0, 1.0], "bins": [-0.1350185126066208, -0.1324373036623001, -0.12985609471797943, -0.12727488577365875, -0.12469367682933807, -0.12211247533559799, -0.11953126639127731, -0.11695005744695663, -0.11436884850263596, -0.11178763955831528, -0.1092064306139946, -0.10662522166967392, -0.10404402017593384, -0.10146281123161316, -0.09888160228729248, -0.0963003933429718, -0.09371918439865112, -0.09113797545433044, -0.08855676651000977, -0.08597555756568909, -0.08339434862136841, -0.08081314712762833, -0.07823193818330765, -0.07565072923898697, -0.07306952029466629, -0.07048831135034561, -0.06790710240602493, -0.06532589346170425, -0.06274469196796417, -0.060163479298353195, -0.057582274079322815, -0.055001065135002136, -0.05241985619068146, -0.04983864724636078, -0.0472574383020401, -0.04467623308300972, -0.04209502413868904, -0.03951381519436836, -0.03693260997533798, -0.0343514010310173, -0.031770192086696625, -0.029188983142375946, -0.026607776060700417, -0.024026568979024887, -0.02144536003470421, -0.01886415109038353, -0.016282944008708, -0.013701735995709896, -0.011120527982711792, -0.008539319969713688, -0.005958111956715584, -0.0033769039437174797, -0.0007956959307193756, 0.0017855120822787285, 0.004366720095276833, 0.006947928108274937, 0.00952913612127304, 0.012110344134271145, 0.014691552147269249, 0.01727275922894478, 0.019853968173265457, 0.022435177117586136, 0.025016384199261665, 0.027597591280937195, 0.030178800225257874]}, "gradients/fc2.bias": {"_type": "histogram", "values": [1.0, 0.0, 0.0, 0.0, 0.0, 0.0, 0.0, 0.0, 0.0, 0.0, 0.0, 0.0, 0.0, 0.0, 0.0, 0.0, 0.0, 0.0, 0.0, 0.0, 0.0, 0.0, 0.0, 0.0, 0.0, 0.0, 0.0, 0.0, 0.0, 0.0, 0.0, 0.0, 0.0, 0.0, 0.0, 0.0, 0.0, 0.0, 0.0, 0.0, 0.0, 0.0, 2.0, 0.0, 0.0, 0.0, 1.0, 0.0, 1.0, 0.0, 2.0, 0.0, 0.0, 1.0, 0.0, 0.0, 11.0, 0.0, 1.0, 0.0, 0.0, 0.0, 0.0, 1.0], "bins": [-0.05020894855260849, -0.049313023686409, -0.0484171025454998, -0.04752117767930031, -0.04662525653839111, -0.04572933167219162, -0.044833406805992126, -0.04393748566508293, -0.04304156079888344, -0.042145635932683945, -0.04124971479177475, -0.040353789925575256, -0.03945786505937576, -0.03856194391846657, -0.037666019052267075, -0.03677009791135788, -0.035874173045158386, -0.03497824817895889, -0.0340823270380497, -0.033186402171850204, -0.03229048103094101, -0.031394556164741516, -0.030498631298542023, -0.02960270829498768, -0.028706785291433334, -0.02781086228787899, -0.026914939284324646, -0.026019014418125153, -0.02512309141457081, -0.024227168411016464, -0.02333124354481697, -0.022435320541262627, -0.021539397537708282, -0.02064347453415394, -0.019747551530599594, -0.0188516266644001, -0.017955703660845757, -0.017059780657291412, -0.01616385579109192, -0.015267932787537575, -0.01437200978398323, -0.013476086780428886, -0.012580162845551968, -0.011684238910675049, -0.010788315907120705, -0.00989239290356636, -0.008996468968689442, -0.008100545033812523, -0.007204622030258179, -0.006308698561042547, -0.005412775091826916, -0.004516851622611284, -0.0036209281533956528, -0.0027250046841800213, -0.0018290812149643898, -0.0009331577457487583, -3.723427653312683e-05, 0.0008586891926825047, 0.0017546126618981361, 0.0026505361311137676, 0.003546459600329399, 0.004442383069545031, 0.005338306538760662, 0.0062342300079762936, 0.007130153477191925]}, "gradients/fc1.weight": {"_type": "histogram", "values": [1.0, 0.0, 0.0, 0.0, 0.0, 0.0, 0.0, 0.0, 0.0, 0.0, 0.0, 0.0, 1.0, 0.0, 0.0, 0.0, 1.0, 0.0, 1.0, 0.0, 0.0, 0.0, 0.0, 0.0, 1.0, 2.0, 0.0, 0.0, 0.0, 1.0, 2.0, 0.0, 1.0, 0.0, 3.0, 0.0, 1.0, 0.0, 1.0, 4.0, 0.0, 2.0, 2.0, 3.0, 3.0, 5.0, 3.0, 4.0, 5.0, 7.0, 3.0, 9.0, 6.0, 7.0, 11.0, 9.0, 22.0, 43.0, 1842.0, 26.0, 9.0, 6.0, 0.0, 1.0], "bins": [-0.10680500417947769, -0.104983389377594, -0.1031617820262909, -0.1013401672244072, -0.0995185524225235, -0.0976969450712204, -0.0958753302693367, -0.094053715467453, -0.0922321081161499, -0.0904104933142662, -0.08858887851238251, -0.0867672711610794, -0.08494565635919571, -0.08312404155731201, -0.08130243420600891, -0.07948081940412521, -0.07765920460224152, -0.07583759725093842, -0.07401598244905472, -0.07219436764717102, -0.07037276029586792, -0.06855114549398422, -0.06672953069210052, -0.06490792334079742, -0.06308630853891373, -0.06126469373703003, -0.05944308266043663, -0.05762147158384323, -0.055799856781959534, -0.053978245705366135, -0.052156634628772736, -0.05033501982688904, -0.04851340502500534, -0.04669179394841194, -0.04487018287181854, -0.043048568069934845, -0.041226956993341446, -0.03940534591674805, -0.03758373111486435, -0.03576212003827095, -0.03394050896167755, -0.032118894159793854, -0.030297283083200455, -0.028475670143961906, -0.026654057204723358, -0.02483244612812996, -0.02301083318889141, -0.021189220249652863, -0.019367609173059464, -0.017545996233820915, -0.015724383294582367, -0.013902771286666393, -0.01208115927875042, -0.010259546339511871, -0.008437934331595898, -0.006616321858018637, -0.004794709384441376, -0.0029730969108641148, -0.0011514846701174974, 0.0006701276870444417, 0.002491740044206381, 0.004313352517783642, 0.0061349645256996155, 0.007956577464938164, 0.009778189472854137]}, "gradients/fc1.bias": {"_type": "histogram", "values": [1.0, 0.0, 0.0, 0.0, 0.0, 0.0, 0.0, 0.0, 0.0, 0.0, 0.0, 0.0, 0.0, 0.0, 0.0, 0.0, 1.0, 0.0, 0.0, 0.0, 0.0, 1.0, 0.0, 0.0, 1.0, 0.0, 0.0, 0.0, 0.0, 0.0, 0.0, 0.0, 0.0, 0.0, 0.0, 0.0, 1.0, 0.0, 0.0, 0.0, 0.0, 0.0, 1.0, 1.0, 0.0, 0.0, 1.0, 0.0, 0.0, 0.0, 0.0, 0.0, 1.0, 0.0, 3.0, 0.0, 0.0, 1.0, 4.0, 41.0, 3.0, 2.0, 0.0, 1.0], "bins": [-0.022430047392845154, -0.022055888548493385, -0.021681729704141617, -0.02130757085978985, -0.02093341015279293, -0.020559251308441162, -0.020185092464089394, -0.019810933619737625, -0.019436774775385857, -0.019062615931034088, -0.01868845708668232, -0.018314296379685402, -0.017940137535333633, -0.017565978690981865, -0.017191819846630096, -0.016817661002278328, -0.01644350215792656, -0.01606934331357479, -0.015695182606577873, -0.01532102469354868, -0.014946864917874336, -0.014572706073522568, -0.0141985472291708, -0.01382438838481903, -0.013450228609144688, -0.01307606976479292, -0.01270191092044115, -0.012327751144766808, -0.011953592300415039, -0.01157943345606327, -0.011205274611711502, -0.010831114836037159, -0.01045695599168539, -0.010082797147333622, -0.009708638302981853, -0.00933447852730751, -0.008960319682955742, -0.008586160838603973, -0.008212001994252205, -0.007837842218577862, -0.007463683374226093, -0.0070895240642130375, -0.006715365219861269, -0.006341205909848213, -0.005967047065496445, -0.005592887755483389, -0.00521872891113162, -0.004844569601118565, -0.004470410756766796, -0.00409625144675374, -0.003722092369571328, -0.003347933292388916, -0.00297377398237586, -0.002599614905193448, -0.002225455828011036, -0.0018512967508286238, -0.0014771376736462116, -0.0011029785964637995, -0.0007288194610737264, -0.0003546603547874838, 1.9498751498758793e-05, 0.0003936578577850014, 0.000767816964071244, 0.001141976099461317, 0.0015161351766437292]}, "gradients/fc_vehicle_count.weight": {"_type": "histogram", "values": [1.0, 0.0, 0.0, 0.0, 0.0, 0.0, 0.0, 0.0, 0.0, 0.0, 0.0, 0.0, 0.0, 0.0, 0.0, 0.0, 0.0, 0.0, 0.0, 0.0, 0.0, 0.0, 0.0, 1.0, 1.0, 1.0, 0.0, 1.0, 0.0, 0.0, 0.0, 0.0, 1.0, 1.0, 0.0, 0.0, 0.0, 0.0, 0.0, 0.0, 1.0, 0.0, 0.0, 2.0, 1.0, 3.0, 0.0, 1.0, 1.0, 2.0, 1.0, 0.0, 0.0, 2.0, 1.0, 0.0, 2.0, 0.0, 0.0, 2.0, 58.0, 6.0, 1.0, 5.0],