{"reward": 9.46342420578003, "episode": 549, "_timestamp": 1721279708.271782, "epsilon": 0.05, "_runtime": 2871.571167945862, "_step": 549, "mean_reward": 9.363381385803223, "_wandb": {"runtime": 2870}, "sum_of_rewards": 9.231378470767629}