{"reward": 9.08568924665451, "episode": 59, "_timestamp": 1721232336.191145, "epsilon": 0.24985452861804436, "_runtime": 133.9438178539276, "_step": 59, "mean_reward": 7.895495414733887, "_wandb": {"runtime": 133}, "sum_of_rewards": 7.895496211449305}