{"reward": 9.264483153820038, "episode": 399, "_timestamp": 1721236518.366706, "epsilon": 0.05, "mean_reward": 9.132698059082031, "_runtime": 1227.5879797935486, "_step": 399, "_wandb": {"runtime": 1227}, "sum_of_rewards": 9.101452028229833}