{"reward": 40.74460056424141, "_timestamp": 1721221056.9191658, "_runtime": 578.255117893219, "_step": 19, "epsilon": 0.3497521747183709}