{"reward": 7.388022631406784, "episode": 49, "_timestamp": 1721232729.8918579, "epsilon": 0.05000053442481746, "mean_reward": 8.241363525390625, "_runtime": 103.5050117969513, "_step": 49, "_wandb": {"runtime": 103}, "sum_of_rewards": 8.037387692539589}