{"reward": 7.128888159990311, "_timestamp": 1721224701.32587, "_runtime": 43.10116004943848, "_step": 5, "epsilon": 0.49301955075232345, "mean_reward": 6.767322063446045, "_wandb": {"runtime": 49}}