{"reward": 7.990756571292877, "_timestamp": 1721224695.804501, "_runtime": 59.292092084884644, "_step": 14, "epsilon": 0.16438677589560946, "mean_reward": 7.38065242767334, "_wandb": {"runtime": 71}}