{"reward": 9.554243266582489, "episode": 399, "_timestamp": 1721243731.768682, "epsilon": 0.05000000002642486, "_runtime": 1934.692575931549, "_step": 399, "mean_reward": 9.303518295288086, "_wandb": {"runtime": 1934}, "sum_of_rewards": 9.245853149816394}