{"reward": 9.554243266582489, "episode": 249, "_timestamp": 1721243078.279967, "epsilon": 0.05000000000004387, "_runtime": 1219.768450975418, "_step": 249, "mean_reward": 9.386280059814453, "_wandb": {"runtime": 1217}, "sum_of_rewards": 9.22466968858242}