{"action": 15, "_timestamp": 1721654378.234227, "_runtime": 194.34548783302307, "_step": 1121, "_wandb": {"runtime": 193}}