{"action": 9, "_timestamp": 1721657763.013407, "_runtime": 359.2806770801544, "_step": 3230, "reward": 12.200258612632751, "episode": 217, "epsilon": 0.05433885299247549, "mean_reward_value": 10.609862327575684, "_wandb": {"runtime": 358}}