{"reward": 9.025601744651794, "episode": 249, "_timestamp": 1721234839.262124, "epsilon": 0.051706184752802246, "_runtime": 797.0937230587006, "_step": 249, "mean_reward": 9.309457778930664, "_wandb": {"runtime": 796}, "sum_of_rewards": 8.888859576821327}