{"reward": 9.418011248111725, "episode": 399, "_timestamp": 1721235279.904774, "epsilon": 0.05655404596853026, "_runtime": 1268.8355479240417, "_step": 399, "mean_reward": 9.280466079711914, "_wandb": {"runtime": 1268}, "sum_of_rewards": 8.74833693087101}