{"reward": 8.93124970793724, "episode": 499, "_timestamp": 1721290707.327513, "epsilon": 0.05, "_runtime": 2762.540832042694, "_step": 499, "mean_reward": 9.397741317749023, "_wandb": {"runtime": 2762}, "sum_of_rewards": 9.251948168456554}