{"reward": 8.568462818861008, "_timestamp": 1721229863.309213, "_runtime": 5082.625427007675, "_step": 1076, "epsilon": 0.05, "mean_reward": 9.161218643188477, "gradients/fc2.weight": {"_type": "histogram", "values": [1.0, 1.0, 3.0, 4.0, 9.0, 16.0, 1150.0, 67.0, 33.0, 11.0, 9.0, 4.0, 3.0, 1.0, 4.0, 3.0, 1.0, 6.0, 3.0, 2.0, 0.0, 0.0, 3.0, 1.0, 0.0, 1.0, 0.0, 1.0, 1.0, 0.0, 3.0, 0.0, 0.0, 0.0, 0.0, 0.0, 0.0, 0.0, 0.0, 0.0, 0.0, 0.0, 1.0, 0.0, 0.0, 0.0, 1.0, 0.0, 0.0, 0.0, 0.0, 0.0, 0.0, 0.0, 0.0, 0.0, 0.0, 0.0, 0.0, 0.0, 0.0, 0.0, 0.0, 1.0], "bins": [-0.009803730063140392, -0.008375508710741997, -0.006947288289666176, -0.005519067402929068, -0.004090846516191959, -0.002662625629454851, -0.001234404742717743, 0.0001938161440193653, 0.0016220370307564735, 0.0030502579174935818, 0.00447847880423069, 0.005906699690967798, 0.0073349205777049065, 0.008763141930103302, 0.010191362351179123, 0.011619582772254944, 0.01304780412465334, 0.014476025477051735, 0.015904245898127556, 0.017332466319203377, 0.018760688602924347, 0.020188909024000168, 0.02161712944507599, 0.02304534986615181, 0.02447357028722763, 0.0259017925709486, 0.02733001299202442, 0.028758233413100243, 0.030186455696821213, 0.031614676117897034, 0.033042896538972855, 0.034471116960048676, 0.035899341106414795, 0.037327561527490616, 0.03875578194856644, 0.04018400236964226, 0.04161222279071808, 0.0430404469370842, 0.04446866735816002, 0.04589688777923584, 0.04732510820031166, 0.04875332862138748, 0.0501815490424633, 0.051609769463539124, 0.05303799360990524, 0.054466214030981064, 0.055894434452056885, 0.057322654873132706, 0.05875087529420853, 0.06017909571528435, 0.06160731613636017, 0.06303554028272629, 0.06446375697851181, 0.06589198112487793, 0.06732019782066345, 0.06874842196702957, 0.07017664611339569, 0.07160486280918121, 0.07303308695554733, 0.07446130365133286, 0.07588952779769897, 0.0773177444934845, 0.07874596863985062, 0.08017418533563614, 0.08160240948200226]}, "gradients/fc2.bias": {"_type": "histogram", "values": [1.0, 0.0, 0.0, 1.0, 1.0, 0.0, 1.0, 10.0, 0.0, 0.0, 1.0, 2.0, 1.0, 0.0, 0.0, 1.0, 0.0, 0.0, 0.0, 0.0, 0.0, 0.0, 0.0, 0.0, 0.0, 0.0, 0.0, 0.0, 0.0, 0.0, 0.0, 0.0, 0.0, 0.0, 0.0, 0.0, 1.0, 0.0, 0.0, 0.0, 0.0, 0.0, 0.0, 0.0, 0.0, 0.0, 0.0, 0.0, 0.0, 0.0, 0.0, 0.0, 0.0, 0.0, 0.0, 0.0, 0.0, 0.0, 0.0, 0.0, 0.0, 0.0, 0.0, 1.0], "bins": [-0.002589831128716469, -0.002242301357910037, -0.0018947715871036053, -0.0015472416998818517, -0.00119971192907542, -0.0008521821582689881, -0.0005046523292548954, -0.00015712252934463322, 0.000190407270565629, 0.0005379370413720608, 0.0008854668703861535, 0.0012329966994002461, 0.001580526470206678, 0.0019280562410131097, 0.0022755861282348633, 0.002623115899041295, 0.002970645669847727, 0.0033181754406541586, 0.0036657052114605904, 0.004013235215097666, 0.004360764753073454, 0.004708294756710529, 0.0050558242946863174, 0.005403354298323393, 0.005750884301960468, 0.006098413839936256, 0.006445943843573332, 0.00679347338154912, 0.007141003385186195, 0.0074885329231619835, 0.007836062461137772, 0.008183592930436134, 0.008531122468411922, 0.00887865200638771, 0.009226182475686073, 0.009573712013661861, 0.00992124155163765, 0.010268771089613438, 0.0106163015589118, 0.010963831096887589, 0.011311360634863377, 0.01165889110416174, 0.012006420642137527, 0.012353950180113316, 0.012701479718089104, 0.013049010187387466, 0.013396539725363255, 0.013744069263339043, 0.014091599732637405, 0.014439129270613194, 0.014786658808588982, 0.01513418834656477, 0.015481718815863132, 0.01582924835383892, 0.016176778823137283, 0.016524307429790497, 0.01687183789908886, 0.017219368368387222, 0.017566896975040436, 0.0179144274443388, 0.018261956050992012, 0.018609486520290375, 0.018957016989588737, 0.01930454559624195, 0.019652076065540314]}, "gradients/fc1.weight": {"_type": "histogram", "values": [4.0, 0.0, 0.0, 0.0, 0.0, 2.0, 0.0, 3.0, 1.0, 2.0, 1.0, 2.0, 2.0, 11.0, 12.0, 26.0, 90.0, 3437.0, 134.0, 73.0, 40.0, 37.0, 25.0, 23.0, 20.0, 19.0, 13.0, 16.0, 12.0, 13.0, 7.0, 3.0, 2.0, 4.0, 7.0, 7.0, 7.0, 5.0, 8.0, 1.0, 6.0, 2.0, 1.0, 2.0, 1.0, 1.0, 1.0, 0.0, 0.0, 0.0, 5.0, 4.0, 0.0, 1.0, 1.0, 0.0, 0.0, 1.0, 0.0, 0.0, 0.0, 0.0, 0.0, 1.0], "bins": [-0.015679076313972473, -0.014775183983147144, -0.013871291652321815, -0.012967398390173912, -0.012063506059348583, -0.011159613728523254, -0.010255720466375351, -0.009351828135550022, -0.008447935804724693, -0.0075440434738993645, -0.006640150677412748, -0.005736257880926132, -0.004832365550100803, -0.0039284732192754745, -0.0030245804227888584, -0.002120687859132886, -0.0012167952954769135, -0.00031290273182094097, 0.0005909898318350315, 0.001494882395491004, 0.0023987749591469765, 0.003302667522802949, 0.004206560086458921, 0.005110452882945538, 0.006014345213770866, 0.006918237544596195, 0.007822129875421524, 0.008726023137569427, 0.009629915468394756, 0.010533807799220085, 0.011437701061367989, 0.012341593392193317, 0.013245485723018646, 0.014149378053843975, 0.015053270384669304, 0.015957163646817207, 0.01686105504631996, 0.017764948308467865, 0.01866884157061577, 0.019572732970118523, 0.020476626232266426, 0.02138051949441433, 0.022284410893917084, 0.023188304156064987, 0.02409219741821289, 0.024996088817715645, 0.02589998207986355, 0.026803873479366302, 0.027707766741514206, 0.02861166000366211, 0.029515551403164864, 0.030419444665312767, 0.03132333606481552, 0.032227229326963425, 0.03313112258911133, 0.03403501585125923, 0.034938909113407135, 0.03584279865026474, 0.03674669191241264, 0.03765058517456055, 0.03855447843670845, 0.039458371698856354, 0.04036226123571396, 0.04126615449786186, 0.042170047760009766]}, "gradients/fc1.bias": {"_type": "histogram", "values": [1.0, 0.0, 2.0, 0.0, 0.0, 0.0, 0.0, 1.0, 2.0, 0.0, 0.0, 0.0, 2.0, 1.0, 32.0, 3.0, 1.0, 0.0, 0.0, 0.0, 0.0, 1.0, 1.0, 1.0, 0.0, 1.0, 0.0, 2.0, 0.0, 0.0, 0.0, 0.0, 0.0, 1.0, 1.0, 0.0, 0.0, 1.0, 0.0, 0.0, 1.0, 0.0, 0.0, 0.0, 1.0, 1.0, 1.0, 1.0, 2.0, 0.0, 0.0, 0.0, 0.0, 0.0, 0.0, 0.0, 0.0, 0.0, 1.0, 1.0, 0.0, 0.0, 0.0, 1.0], "bins": [-0.0007389651145786047, -0.0006875555263832211, -0.0006361459381878376, -0.000584736349992454, -0.0005333267617970705, -0.00048191717360168695, -0.0004305075854063034, -0.00037909799721091986, -0.0003276884090155363, -0.00027627882082015276, -0.0002248692326247692, -0.00017345964442938566, -0.00012205005623400211, -7.064046803861856e-05, -1.9230879843235016e-05, 3.217870835214853e-05, 8.358829654753208e-05, 0.00013499788474291563, 0.00018640747293829918, 0.00023781706113368273, 0.0002892266493290663, 0.0003406362375244498, 0.0003920458257198334, 0.0004434554139152169, 0.0004948650021106005, 0.000546274590305984, 0.0005976841785013676, 0.0006490937666967511, 0.0007005033548921347, 0.0007519129430875182, 0.0008033225312829018, 0.0008547321194782853, 0.0009061417076736689, 0.0009575512958690524, 0.001008960884064436, 0.0010603704722598195, 0.001111780060455203, 0.0011631896486505866, 0.0012145992368459702, 0.0012660088250413537, 0.0013174184132367373, 0.0013688280014321208, 0.0014202375896275043, 0.001471647177822888, 0.0015230567660182714, 0.001574466354213655, 0.0016258759424090385, 0.001677285530604422, 0.0017286951187998056, 0.0017801047069951892, 0.0018315142951905727, 0.0018829238833859563, 0.0019343334715813398, 0.001985743176192045, 0.002037152647972107, 0.0020885621197521687, 0.002139971824362874, 0.0021913815289735794, 0.002242791000753641, 0.002294200472533703, 0.0023456101771444082, 0.0023970198817551136, 0.0024484293535351753, 0.002499838825315237, 0.0025512485299259424]}, "gradients/fc_vehicle_count.weight": {"_type": "histogram", "values": [1.0, 0.0, 1.0, 0.0, 1.0, 1.0, 0.0, 2.0, 1.0, 4.0, 11.0, 8.0, 98.0, 9.0, 5.0, 7.0, 7.0, 7.0, 3.0, 3.0, 7.0, 0.0, 4.0, 3.0, 0.0, 0.0, 1.0, 0.0, 0.0, 0.0, 0.0, 1.0, 1.0, 1.0, 0.0, 0.0, 1.0, 0.0, 0.0, 1.0, 0.0, 0.0, 0.0, 0.0, 0.0, 0.0, 0.0, 1.0, 0.0, 0.0, 0.0, 0.0, 0.0, 0.0, 0.0, 0.0, 0.0, 0.0, 1.0, 0.0, 0.0, 0.0, 0.0, 1.0],