{"reward": 9.399105250835419, "episode": 499, "_timestamp": 1721282659.7827148, "epsilon": 0.05, "_runtime": 2634.9727947711945, "_step": 499, "mean_reward": 9.462021827697754, "_wandb": {"runtime": 2634}, "sum_of_rewards": 9.236734743833543}