{"reward": 8.377618849277496, "episode": 399, "_timestamp": 1721235251.4740381, "epsilon": 0.05005755306166023, "_runtime": 1240.422021150589, "_step": 399, "mean_reward": 9.118438720703125, "_wandb": {"runtime": 1239}, "sum_of_rewards": 8.810925460606814}