{"reward": 9.47461986541748, "episode": 599, "_timestamp": 1721267297.992181, "epsilon": 0.05, "_runtime": 3229.110057115555, "_step": 599, "mean_reward": 9.381241798400879, "_wandb": {"runtime": 3228}, "sum_of_rewards": 9.324494288166363}