{"reward": 9.205238699913025, "episode": 260, "_timestamp": 1721240502.633686, "epsilon": 0.05, "mean_reward": 9.104924201965332, "_runtime": 836.8627061843872, "_step": 260, "_wandb": {"runtime": 837}}