{"reward": 9.550740957260132, "episode": 129, "_timestamp": 1721582973.545032, "epsilon": 0.09128169320714385, "_runtime": 517.3963301181793, "_step": 129, "mean_reward": 8.898818016052246}