{"reward": 9.132644683122635, "episode": 499, "_timestamp": 1721577627.185726, "epsilon": 0.05, "_runtime": 867.736310005188, "_step": 499, "mean_reward": 9.400520324707031, "_wandb": {"runtime": 867}, "sum_of_rewards": 9.188749978363514}