{"reward": 9.554243266582489, "episode": 599, "_timestamp": 1721286692.616535, "epsilon": 0.05, "_runtime": 3344.2579329013824, "_step": 599, "mean_reward": 9.438302993774414, "_wandb": {"runtime": 3343}, "sum_of_rewards": 9.248222819368044}