{"reward": 8.719695717096329, "episode": 399, "_timestamp": 1721259397.1320362, "epsilon": 0.050028035631056234, "_runtime": 2017.8174982070923, "_step": 399, "mean_reward": 9.308849334716797, "_wandb": {"runtime": 2017}, "sum_of_rewards": 9.168556674942375}