{"reward": 9.629076659679413, "episode": 599, "_timestamp": 1721302222.833879, "epsilon": 0.05, "_runtime": 3534.582123041153, "_step": 599, "mean_reward": 9.399444580078125, "_wandb": {"runtime": 3533}, "sum_of_rewards": 9.24068344399333}