{"reward": 9.277122676372528, "episode": 59, "_timestamp": 1721232456.130107, "epsilon": 0.08847938940406946, "mean_reward": 7.703290939331055, "_runtime": 123.68025493621826, "_step": 59, "_wandb": {"runtime": 123}, "sum_of_rewards": 7.661739950288426}