{"reward": 34.79198196530342, "_timestamp": 1721221233.513814, "_runtime": 109.2959930896759, "_step": 3, "epsilon": 0.701095516264136}