{"reward": 9.590424478054047, "episode": 399, "_timestamp": 1721266264.825949, "epsilon": 0.05, "_runtime": 2195.468610048294, "_step": 399, "mean_reward": 9.377542495727539, "_wandb": {"runtime": 2195}, "sum_of_rewards": 9.196731363609434}