{"reward": 40.67623123526573, "_timestamp": 1721221039.789046, "_runtime": 561.3033080101013, "_step": 19, "epsilon": 0.45473223672553564}