{"reward": 8.92980495095253, "episode": 49, "_timestamp": 1721232682.698133, "epsilon": 0.050000000005850496, "mean_reward": 7.747869968414307, "_runtime": 106.97918391227722, "_step": 49, "_wandb": {"runtime": 106}, "sum_of_rewards": 7.929380567300887}