{"reward": 9.32177847623825, "episode": 549, "_timestamp": 1721308405.5759912, "epsilon": 0.05, "_runtime": 2902.2017340660095, "_step": 549, "mean_reward": 9.331801414489746, "_wandb": {"runtime": 2901}, "sum_of_rewards": 9.332443031939594}