{"reward": 8.189598351716995, "episode": 249, "_timestamp": 1721246933.218828, "epsilon": 0.050000000000079196, "_runtime": 1220.8190219402313, "_step": 249, "mean_reward": 9.25103759765625, "_wandb": {"runtime": 1219}, "sum_of_rewards": 9.144734713077545}