{"reward": 9.521865248680115, "episode": 382, "_timestamp": 1721579444.831671, "epsilon": 0.05, "_runtime": 801.9556860923767, "_step": 382, "mean_reward": 9.358024597167969, "_wandb": {"runtime": 802}}