{"reward": 8.025620311498642, "_timestamp": 1721224703.244871, "_runtime": 67.23607683181763, "_step": 20, "epsilon": 0.16291149346072037, "mean_reward": 7.78301477432251, "_wandb": {"runtime": 71}}