{"reward": 9.561915695667267, "episode": 249, "_timestamp": 1721239929.071894, "epsilon": 0.05000000029804898, "mean_reward": 9.215303421020508, "_runtime": 774.8982779979706, "_step": 249, "_wandb": {"runtime": 774}, "sum_of_rewards": 8.883733502295282}