{"reward": 6.959735989570618, "episode": 49, "_timestamp": 1721232573.377391, "epsilon": 0.06336550554329291, "mean_reward": 8.166004180908203, "_runtime": 106.19335007667542, "_step": 49, "_wandb": {"runtime": 105}, "sum_of_rewards": 7.782773749530316}