{"reward": 7.1967567801475525, "_timestamp": 1721224166.326014, "_runtime": 599.9600269794464, "_step": 320, "epsilon": 0.5141039181157772, "mean_reward": 7.411003589630127, "gradients/fc2.weight": {"_type": "histogram", "values": [1344.0], "bins": [0.0, 0.0]}, "gradients/fc2.bias": {"_type": "histogram", "values": [1.0, 0.0, 0.0, 0.0, 1.0, 0.0, 3.0, 1.0, 0.0, 0.0, 1.0, 0.0, 0.0, 0.0, 1.0, 1.0, 8.0, 2.0, 0.0, 0.0, 0.0, 1.0, 0.0, 0.0, 0.0, 0.0, 0.0, 0.0, 0.0, 0.0, 0.0, 0.0, 0.0, 0.0, 0.0, 0.0, 0.0, 0.0, 0.0, 0.0, 0.0, 0.0, 0.0, 0.0, 0.0, 0.0, 0.0, 0.0, 0.0, 0.0, 0.0, 0.0, 0.0, 0.0, 0.0, 0.0, 0.0, 0.0, 0.0, 0.0, 0.0, 0.0, 0.0, 1.0], "bins": [-0.01725274696946144, -0.016177693381905556, -0.01510263979434967, -0.01402758527547121, -0.012952531687915325, -0.01187747810035944, -0.01080242358148098, -0.009727369993925095, -0.00865231640636921, -0.007577262818813324, -0.006502208765596151, -0.005427154712378979, -0.004352101124823093, -0.0032770473044365644, -0.0022019934840500355, -0.0011269396636635065, -5.188584327697754e-05, 0.0010231679771095514, 0.0020982217974960804, 0.0031732756178826094, 0.004248329438269138, 0.005323383025825024, 0.006398437079042196, 0.007473491132259369, 0.008548544719815254, 0.00962359830737114, 0.010698651894927025, 0.011773706413805485, 0.01284876000136137, 0.013923813588917255, 0.014998868107795715, 0.0160739216953516, 0.017148979008197784, 0.01822403259575367, 0.019299086183309555, 0.02037413977086544, 0.021449193358421326, 0.02252424880862236, 0.023599302396178246, 0.02467435598373413, 0.025749409571290016, 0.0268244631588459, 0.027899516746401787, 0.028974570333957672, 0.030049625784158707, 0.031124679371714592, 0.03219973295927048, 0.03327478468418121, 0.03434984013438225, 0.03542489558458328, 0.03649994730949402, 0.03757500275969505, 0.03865005448460579, 0.039725109934806824, 0.04080016165971756, 0.041875217109918594, 0.04295027256011963, 0.044025324285030365, 0.0451003797352314, 0.046175431460142136, 0.04725048691034317, 0.048325538635253906, 0.04940059408545494, 0.05047564581036568, 0.05155070126056671]}, "gradients/fc1.weight": {"_type": "histogram", "values": [2048.0], "bins": [0.0, 0.0]}, "gradients/fc1.bias": {"_type": "histogram", "values": [64.0], "bins": [0.0, 0.0]}, "gradients/fc_vehicle_count.weight": {"_type": "histogram", "values": [96.0], "bins": [0.0, 0.0]}, "gradients/fc_vehicle_count.bias": {"_type": "histogram", "values": [16.0], "bins": [0.0, 0.0]}, "gradients/fc_occupancy.weight": {"_type": "histogram", "values": [96.0], "bins": [0.0, 0.0]}, "gradients/fc_occupancy.bias": {"_type": "histogram", "values": [16.0], "bins": [0.0, 0.0]}}