{"reward": 9.554243266582489, "episode": 144, "_timestamp": 1721582974.866279, "epsilon": 0.05000002476304706, "_runtime": 566.9907968044281, "_step": 144, "mean_reward": 9.385241508483887}