{"reward": 28.4224394261837, "_timestamp": 1721221225.669823, "_runtime": 110.57496190071106, "_step": 3, "epsilon": 0.42494621778666497}