{"reward": 9.54068374633789, "episode": 399, "_timestamp": 1721245693.169371, "epsilon": 0.05121458788472853, "_runtime": 1946.2044689655304, "_step": 399, "mean_reward": 9.146140098571777, "_wandb": {"runtime": 1945}, "sum_of_rewards": 9.044652621746064}