{"reward": 8.782408982515335, "episode": 43, "_timestamp": 1721233980.921658, "epsilon": 0.12275024154678753, "_runtime": 175.33119702339172, "_step": 43, "mean_reward": 8.517884254455566, "_wandb": {"runtime": 177}}