{"reward": 9.535208702087402, "episode": 249, "_timestamp": 1721241792.3800042, "epsilon": 0.050000000000087405, "_runtime": 1213.3295922279358, "_step": 249, "mean_reward": 9.052339553833008, "_wandb": {"runtime": 1212}, "sum_of_rewards": 8.954209102034568}