{"reward": 9.541107654571533, "episode": 399, "_timestamp": 1721244462.838903, "epsilon": 0.05000000003485293, "_runtime": 1950.0764918327332, "_step": 399, "mean_reward": 9.087247848510742, "_wandb": {"runtime": 1949}, "sum_of_rewards": 8.848934208974242}