{"reward": 8.877096772193909, "episode": 249, "_timestamp": 1721243087.569153, "epsilon": 0.05214731533917753, "_runtime": 1213.9196770191193, "_step": 249, "mean_reward": 8.977017402648926, "_wandb": {"runtime": 1212}, "sum_of_rewards": 8.500152959108352}