{"reward": 9.394690155982971, "episode": 399, "_timestamp": 1721257987.956189, "epsilon": 0.050035171505303316, "_runtime": 1979.7540628910065, "_step": 399, "mean_reward": 9.396905899047852, "_wandb": {"runtime": 1979}, "sum_of_rewards": 9.070521183609962}