{"reward": 8.500857889652252, "episode": 212, "_timestamp": 1721261183.685117, "epsilon": 0.051127862141003705, "_runtime": 1194.4192819595337, "_step": 212, "mean_reward": 9.319665908813477, "_wandb": {"runtime": 1198}}