{"reward": 9.469722270965576, "episode": 170, "_timestamp": 1721240500.1516721, "epsilon": 0.050000000015223464, "mean_reward": 8.896332740783691, "_runtime": 541.8825280666351, "_step": 170, "_wandb": {"runtime": 545}}