{"reward": 9.344128787517548, "episode": 399, "_timestamp": 1721236536.842965, "epsilon": 0.05, "mean_reward": 9.345280647277832, "_runtime": 1248.6415688991547, "_step": 399, "_wandb": {"runtime": 1248}, "sum_of_rewards": 8.956943363510073}