{"reward": 9.5003662109375, "episode": 749, "_timestamp": 1721294161.479636, "epsilon": 0.05, "_runtime": 4106.297347068787, "_step": 749, "mean_reward": 9.30833911895752, "_wandb": {"runtime": 4105}, "sum_of_rewards": 9.165846218427022}