{"reward": 9.087642639875412, "episode": 323, "_timestamp": 1721261185.042235, "epsilon": 0.05131326504538232, "_runtime": 1773.6347649097443, "_step": 323, "mean_reward": 9.402856826782227, "_wandb": {"runtime": 1776}}