{"reward": 7.790405571460724, "episode": 19, "_timestamp": 1721581252.281525, "epsilon": 0.1074883367341111, "_runtime": 45.58294892311096, "_step": 19, "_wandb": {"runtime": 504}}