{"reward": 9.466040849685669, "episode": 399, "_timestamp": 1721292666.422847, "epsilon": 0.05, "_runtime": 2194.6566231250763, "_step": 399, "mean_reward": 9.34261703491211, "_wandb": {"runtime": 2194}, "sum_of_rewards": 9.239463387653231}