{"reward": 9.554243266582489, "episode": 399, "_timestamp": 1721255760.303554, "epsilon": 0.050000000035075355, "_runtime": 2193.179638147354, "_step": 399, "mean_reward": 9.355428695678711, "_wandb": {"runtime": 2192}, "sum_of_rewards": 9.224557317644358}