{"reward": 9.485891044139862, "episode": 369, "_timestamp": 1721579445.0730429, "epsilon": 0.05, "_runtime": 802.1970589160919, "_step": 369, "mean_reward": 9.375455856323242, "_wandb": {"runtime": 801}}