{"reward": 9.04312914609909, "episode": 749, "_timestamp": 1721279743.89999, "epsilon": 0.05, "_runtime": 4013.617593050003, "_step": 749, "mean_reward": 9.223699569702148, "_wandb": {"runtime": 4012}, "sum_of_rewards": 9.219206145485241}