{"reward": 7.81181937456131, "episode": 249, "_timestamp": 1721241798.3523352, "epsilon": 0.05069022581822196, "_runtime": 1219.4837381839752, "_step": 249, "mean_reward": 8.333215713500977, "_wandb": {"runtime": 1219}, "sum_of_rewards": 8.115753057479859}