{"reward": 5.797759681940079, "_timestamp": 1721224487.9486668, "_runtime": 182.38062691688538, "_step": 47, "epsilon": 0.7203758567432759, "mean_reward": 6.527492523193359, "_wandb": {"runtime": 191}}