{"reward": 8.48382019996643, "_timestamp": 1721224708.1733491, "_runtime": 49.8379020690918, "_step": 5, "epsilon": 0.39216008643352135, "mean_reward": 7.758647918701172, "_wandb": {"runtime": 49}}