{"reward": 9.629076659679413, "episode": 599, "_timestamp": 1721304813.601224, "epsilon": 0.05, "_runtime": 3345.9693150520325, "_step": 599, "mean_reward": 9.397546768188477, "_wandb": {"runtime": 3345}, "sum_of_rewards": 9.18822991674145}