{"reward": 7.294924020767212, "episode": 1, "_timestamp": 1721230330.460596, "epsilon": 0.9418049760402452, "mean_reward": 6.849910259246826, "_runtime": 11.665102005004883, "_step": 1, "_wandb": {"runtime": 11}}