{"reward": 9.535971641540527, "episode": 181, "_timestamp": 1721261183.588465, "epsilon": 0.05000209954239491, "_runtime": 1023.5241510868073, "_step": 181, "mean_reward": 9.329157829284668, "_wandb": {"runtime": 1027}}