{"reward": 25.59488633275032, "_timestamp": 1721221210.9745998, "_runtime": 86.99054193496704, "_step": 1, "epsilon": 0.2673289598299275}