{"reward": 9.591638565063477, "episode": 399, "_timestamp": 1721258046.836061, "epsilon": 0.05281993017623441, "_runtime": 2033.4868640899658, "_step": 399, "mean_reward": 9.333334922790527, "_wandb": {"runtime": 2032}, "sum_of_rewards": 9.086309792473912}