{"reward": 9.191279411315918, "_timestamp": 1721229415.703008, "_runtime": 4626.7037308216095, "_step": 749, "epsilon": 0.05126355324979298, "mean_reward": 9.091778755187988, "gradients/fc2.weight": {"_type": "histogram", "values": [1.0, 0.0, 0.0, 1.0, 0.0, 0.0, 1.0, 0.0, 0.0, 1.0, 0.0, 0.0, 0.0, 0.0, 0.0, 0.0, 0.0, 1.0, 0.0, 0.0, 0.0, 1.0, 0.0, 0.0, 0.0, 0.0, 0.0, 0.0, 0.0, 0.0, 0.0, 1.0, 0.0, 1.0, 0.0, 1.0, 1.0, 0.0, 0.0, 0.0, 0.0, 0.0, 0.0, 0.0, 4.0, 6.0, 4.0, 644.0, 0.0, 0.0, 0.0, 1.0, 1.0, 0.0, 0.0, 0.0, 0.0, 0.0, 0.0, 0.0, 0.0, 1.0, 0.0, 1.0], "bins": [-0.011680634692311287, -0.011433369480073452, -0.011186104267835617, -0.010938839055597782, -0.010691573843359947, -0.010444308631122112, -0.010197043418884277, -0.009949778206646442, -0.009702512994408607, -0.009455246850848198, -0.009207981638610363, -0.008960716426372528, -0.008713451214134693, -0.008466186001896858, -0.008218920789659023, -0.007971655577421188, -0.007724390365183353, -0.0074771251529455185, -0.0072298599407076836, -0.006982594728469849, -0.006735329516232014, -0.0064880638383328915, -0.0062407986260950565, -0.005993533413857222, -0.005746268201619387, -0.005499002989381552, -0.005251737777143717, -0.005004472564905882, -0.00475720688700676, -0.004509941674768925, -0.00426267646253109, -0.004015411250293255, -0.0037681455723941326, -0.0035208803601562977, -0.0032736151479184628, -0.003026349702849984, -0.0027790844906121492, -0.0025318192783743143, -0.0022845538333058357, -0.002037288621068001, -0.0017900234088301659, -0.001542758196592331, -0.0012954928679391742, -0.0010482275392860174, -0.0008009623270481825, -0.0005536970566026866, -0.0003064317861571908, -5.9166515711694956e-05, 0.0001880987547338009, 0.00043536402517929673, 0.0006826292956247926, 0.0009298945660702884, 0.0011771598365157843, 0.0014244250487536192, 0.001671690377406776, 0.0019189557060599327, 0.0021662209182977676, 0.0024134861305356026, 0.0026607513427734375, 0.002908016787841916, 0.003155282000079751, 0.003402547212317586, 0.0036498126573860645, 0.0038970778696238995, 0.004144343081861734]}, "gradients/fc2.bias": {"_type": "histogram", "values": [1.0, 0.0, 0.0, 1.0, 0.0, 0.0, 0.0, 0.0, 0.0, 0.0, 0.0, 0.0, 0.0, 0.0, 0.0, 0.0, 0.0, 1.0, 0.0, 0.0, 0.0, 0.0, 0.0, 0.0, 0.0, 0.0, 0.0, 0.0, 0.0, 0.0, 0.0, 1.0, 0.0, 0.0, 0.0, 1.0, 0.0, 0.0, 0.0, 0.0, 0.0, 0.0, 0.0, 0.0, 2.0, 3.0, 2.0, 7.0, 0.0, 0.0, 0.0, 0.0, 1.0, 0.0, 0.0, 0.0, 0.0, 0.0, 0.0, 0.0, 0.0, 0.0, 0.0, 1.0], "bins": [-0.030111733824014664, -0.029474303126335144, -0.028836874291300774, -0.028199443593621254, -0.027562014758586884, -0.026924584060907364, -0.026287153363227844, -0.025649724528193474, -0.025012293830513954, -0.024374864995479584, -0.023737434297800064, -0.023100003600120544, -0.022462574765086174, -0.021825144067406654, -0.021187715232372284, -0.020550284534692764, -0.019912853837013245, -0.019275425001978874, -0.018637994304299355, -0.018000565469264984, -0.017363134771585464, -0.016725705936551094, -0.016088275238871574, -0.01545084547251463, -0.014813415706157684, -0.014175985008478165, -0.01353855524212122, -0.012901125475764275, -0.01226369570940733, -0.011626265943050385, -0.010988835245370865, -0.01035140547901392, -0.009713975712656975, -0.00907654594630003, -0.008439116179943085, -0.007801685947924852, -0.00716425571590662, -0.006526825949549675, -0.00588939618319273, -0.005251965951174498, -0.004614536184817553, -0.0039771064184606075, -0.003339676186442375, -0.00270224642008543, -0.0020648164208978415, -0.0014273864217102528, -0.0007899565389379859, -0.00015252659795805812, 0.00048490334302186966, 0.0011223333422094584, 0.0017597632249817252, 0.002397193107753992, 0.0030346231069415808, 0.0036720531061291695, 0.0043094828724861145, 0.004946913104504347, 0.005584342870861292, 0.006221772637218237, 0.006859202869236469, 0.007496632635593414, 0.00813406240195036, 0.008771492168307304, 0.009408922865986824, 0.010046352632343769, 0.010683782398700714]}, "gradients/fc1.weight": {"_type": "histogram", "values": [2048.0], "bins": [0.0, 0.0]}, "gradients/fc1.bias": {"_type": "histogram", "values": [1.0, 0.0, 0.0, 0.0, 0.0, 0.0, 0.0, 0.0, 1.0, 0.0, 0.0, 0.0, 0.0, 0.0, 0.0, 0.0, 0.0, 0.0, 0.0, 0.0, 0.0, 0.0, 0.0, 0.0, 0.0, 0.0, 0.0, 0.0, 0.0, 0.0, 0.0, 0.0, 0.0, 0.0, 0.0, 0.0, 0.0, 0.0, 0.0, 0.0, 0.0, 0.0, 0.0, 0.0, 0.0, 0.0, 0.0, 0.0, 0.0, 0.0, 0.0, 0.0, 0.0, 0.0, 0.0, 0.0, 0.0, 0.0, 0.0, 0.0, 0.0, 0.0, 0.0, 30.0], "bins": [-0.029385387897491455, -0.028926242142915726, -0.028467094525694847, -0.02800794690847397, -0.02754880115389824, -0.02708965539932251, -0.02663050778210163, -0.026171360164880753, -0.025712214410305023, -0.025253068655729294, -0.024793921038508415, -0.024334773421287537, -0.023875627666711807, -0.023416481912136078, -0.0229573342949152, -0.02249818667769432, -0.02203904092311859, -0.021579895168542862, -0.021120747551321983, -0.020661599934101105, -0.020202454179525375, -0.019743308424949646, -0.019284160807728767, -0.01882501319050789, -0.01836586743593216, -0.01790672168135643, -0.01744757406413555, -0.016988426446914673, -0.016529280692338943, -0.016070134937763214, -0.015610987320542336, -0.015151840634644032, -0.014692693948745728, -0.014233547262847424, -0.01377440057694912, -0.013315253891050816, -0.012856107205152512, -0.012396960519254208, -0.011937813833355904, -0.0114786671474576, -0.011019520461559296, -0.010560373775660992, -0.010101227089762688, -0.009642080403864384, -0.00918293371796608, -0.008723787032067776, -0.008264640346169472, -0.007805493660271168, -0.007346346974372864, -0.00688720028847456, -0.006428053602576256, -0.005968906916677952, -0.005509760230779648, -0.005050613544881344, -0.00459146685898304, -0.004132320173084736, -0.003673173487186432, -0.003214026801288128, -0.002754880115389824, -0.00229573342949152, -0.001836586743593216, -0.001377440057694912, -0.000918293371796608, -0.000459146685898304, 0.0]}, "gradients/fc_vehicle_count.weight": {"_type": "histogram", "values": [192.0], "bins": [0.0, 0.0]}, "gradients/fc_vehicle_count.bias": {"_type": "histogram", "values": [32.0], "bins": [0.0, 0.0]}, "gradients/fc_occupancy.weight": {"_type": "histogram", "values": [192.0], "bins": [0.0, 0.0]}, "gradients/fc_occupancy.bias": {"_type": "histogram", "values": [32.0], "bins": [0.0, 0.0]}, "_wandb": {"runtime": 4626}}