{"reward": 7.121994346380234, "_timestamp": 1721224494.339135, "_runtime": 183.01939702033997, "_step": 47, "epsilon": 0.5711644208403512, "mean_reward": 6.874925136566162, "_wandb": {"runtime": 186}}