{"reward": 9.323531925678253, "episode": 399, "_timestamp": 1721239145.047935, "epsilon": 0.050000007759547445, "mean_reward": 9.30943489074707, "_runtime": 1234.1326379776, "_step": 399, "_wandb": {"runtime": 1233}, "sum_of_rewards": 8.863260441499373}