{"reward": 8.901336789131165, "episode": 399, "_timestamp": 1721257266.279068, "epsilon": 0.05, "_runtime": 2095.165384054184, "_step": 399, "mean_reward": 9.337446212768555, "_wandb": {"runtime": 2094}, "sum_of_rewards": 9.2247519877553}