{"reward": 8.81069666147232, "episode": 249, "_timestamp": 1721241799.2181408, "epsilon": 0.05000025887984955, "_runtime": 1220.342669725418, "_step": 249, "mean_reward": 8.540681838989258, "_wandb": {"runtime": 1220}, "sum_of_rewards": 8.267578461885453}