{"reward": 9.47461986541748, "episode": 399, "_timestamp": 1721257140.505148, "epsilon": 0.05, "_runtime": 2071.0087490081787, "_step": 399, "mean_reward": 9.265705108642578, "_wandb": {"runtime": 2070}, "sum_of_rewards": 9.224334888234734}