{"reward": 6.122525185346603, "episode": 59, "_timestamp": 1721232825.1001549, "epsilon": 0.05130330466035809, "mean_reward": 7.650324821472168, "_runtime": 126.1839349269867, "_step": 59, "_wandb": {"runtime": 125}, "sum_of_rewards": 7.720221313171916}