{"reward": 9.183438003063202, "episode": 19, "_timestamp": 1721580731.133994, "epsilon": 0.1074883367341111, "_runtime": 79.5456612110138, "_step": 19, "_wandb": {"runtime": 472}}