{"reward": 33.75838020443916, "_timestamp": 1721166017.559079, "_runtime": 22.399804830551147, "_step": 1, "epsilon": 0.8949997651975068, "_wandb": {"runtime": 22}}