{"reward": 7.876354932785034, "_timestamp": 1721224166.690588, "_runtime": 600.3653481006622, "_step": 317, "epsilon": 0.5348703238130759, "mean_reward": 7.630489349365234, "gradients/fc2.weight": {"_type": "histogram", "values": [1.0, 0.0, 0.0, 0.0, 0.0, 0.0, 0.0, 0.0, 1.0, 0.0, 0.0, 0.0, 0.0, 0.0, 0.0, 0.0, 1.0, 0.0, 0.0, 1.0, 0.0, 0.0, 0.0, 2.0, 0.0, 0.0, 2.0, 1.0, 0.0, 3.0, 2.0, 3.0, 4.0, 7.0, 11.0, 2636.0, 3.0, 2.0, 3.0, 0.0, 0.0, 0.0, 0.0, 1.0, 2.0, 1.0, 0.0, 0.0, 0.0, 0.0, 0.0, 0.0, 0.0, 0.0, 0.0, 0.0, 0.0, 0.0, 0.0, 0.0, 0.0, 0.0, 0.0, 1.0], "bins": [-0.00179737014696002, -0.0017461258685216308, -0.0016948817064985633, -0.001643637428060174, -0.0015923931496217847, -0.0015411488711833954, -0.001489904709160328, -0.0014386604307219386, -0.0013874161522835493, -0.0013361719902604818, -0.0012849277118220925, -0.0012336834333837032, -0.001182439154945314, -0.0011311949929222465, -0.0010799507144838572, -0.0010287064360454679, -0.0009774621576070786, -0.0009262179955840111, -0.0008749737171456218, -0.0008237294969148934, -0.0007724852184765041, -0.0007212409982457757, -0.0006699967198073864, -0.000618752499576658, -0.0005675082793459296, -0.0005162640009075403, -0.0004650197515729815, -0.00041377550223842263, -0.00036253128200769424, -0.0003112870326731354, -0.00026004278333857656, -0.0002087985340040177, -0.00015755428466945887, -0.00010631003533490002, -5.506579327629879e-05, -3.821547579718754e-06, 4.7422698116861284e-05, 9.866694745142013e-05, 0.00014991118223406374, 0.0002011554315686226, 0.00025239968090318143, 0.0003036439302377403, 0.0003548881795722991, 0.00040613242890685797, 0.00045737664913758636, 0.0005086209275759757, 0.000559865147806704, 0.0006111094262450933, 0.0006623536464758217, 0.0007135978667065501, 0.0007648421451449394, 0.0008160863653756678, 0.0008673306438140571, 0.0009185748640447855, 0.0009698191424831748, 0.001021063420921564, 0.0010723075829446316, 0.0011235518613830209, 0.0011747961398214102, 0.0012260403018444777, 0.001277284580282867, 0.0013285288587212563, 0.0013797731371596456, 0.001431017299182713, 0.0014822615776211023]}, "gradients/fc2.bias": {"_type": "histogram", "values": [1.0, 0.0, 0.0, 0.0, 0.0, 0.0, 0.0, 0.0, 1.0, 0.0, 0.0, 0.0, 0.0, 0.0, 0.0, 0.0, 1.0, 0.0, 0.0, 1.0, 0.0, 0.0, 0.0, 1.0, 0.0, 0.0, 1.0, 1.0, 0.0, 1.0, 2.0, 1.0, 1.0, 1.0, 0.0, 3.0, 0.0, 1.0, 0.0, 0.0, 0.0, 0.0, 0.0, 1.0, 1.0, 1.0, 0.0, 0.0, 0.0, 0.0, 0.0, 0.0, 0.0, 0.0, 0.0, 0.0, 0.0, 0.0, 0.0, 0.0, 0.0, 0.0, 0.0, 1.0], "bins": [-0.006644929759204388, -0.006455478258430958, -0.006266026757657528, -0.006076575256884098, -0.005887123756110668, -0.005697672255337238, -0.0055082207545638084, -0.005318769253790379, -0.005129317753016949, -0.004939866717904806, -0.004750415217131376, -0.004560963716357946, -0.0043715122155845165, -0.004182060714811087, -0.003992609214037657, -0.003803157713264227, -0.003613706212490797, -0.003424254711717367, -0.0032348032109439373, -0.0030453517101705074, -0.0028559002093970776, -0.0026664489414542913, -0.0024769974406808615, -0.0022875459399074316, -0.0020980944391340017, -0.0019086429383605719, -0.001719191437587142, -0.001529740053229034, -0.001340288552455604, -0.0011508370516821742, -0.0009613856091164052, -0.0007719341665506363, -0.0005824826657772064, -0.000393031194107607, -0.0002035797224380076, -1.412825076840818e-05, 0.00017532322090119123, 0.00036477469257079065, 0.0005542261642403901, 0.000743677606806159, 0.0009331291075795889, 0.0011225806083530188, 0.0013120321091264486, 0.0015014834934845567, 0.0016909349942579865, 0.0018803864950314164, 0.0020698378793895245, 0.0022592893801629543, 0.002448740880936384, 0.002638192381709814, 0.002827643882483244, 0.003017095383256674, 0.0032065468840301037, 0.00339599815197289, 0.0035854496527463198, 0.0037749011535197496, 0.003964352421462536, 0.004153803922235966, 0.004343255423009396, 0.0045327069237828255, 0.004722158424556255, 0.004911609925329685, 0.005101061426103115, 0.005290512926876545, 0.005479964427649975]}, "gradients/fc1.weight": {"_type": "histogram", "values": [16384.0], "bins": [0.0, 0.0]}, "gradients/fc1.bias": {"_type": "histogram", "values": [1.0, 0.0, 0.0, 0.0, 0.0, 0.0, 0.0, 0.0, 0.0, 0.0, 0.0, 0.0, 0.0, 0.0, 0.0, 0.0, 0.0, 0.0, 0.0, 0.0, 0.0, 0.0, 0.0, 0.0, 0.0, 0.0, 0.0, 0.0, 0.0, 0.0, 0.0, 0.0, 0.0, 0.0, 0.0, 1.0, 0.0, 0.0, 0.0, 0.0, 0.0, 0.0, 0.0, 0.0, 0.0, 0.0, 0.0, 0.0, 0.0, 125.0, 0.0, 0.0, 0.0, 0.0, 0.0, 0.0, 0.0, 0.0, 0.0, 0.0, 0.0, 0.0, 0.0, 1.0], "bins": [-0.004055340774357319, -0.0039736307226121426, -0.0038919211365282536, -0.0038102110847830772, -0.0037285012658685446, -0.003646791446954012, -0.0035650816280394793, -0.003483371576294303, -0.0034016617573797703, -0.0033199519384652376, -0.003238242119550705, -0.0031565323006361723, -0.003074822248890996, -0.0029931124299764633, -0.0029114026110619307, -0.002829692792147398, -0.0027479827404022217, -0.002666272921487689, -0.0025845631025731564, -0.0025028532836586237, -0.002421143464744091, -0.0023394334129989147, -0.002257723594084382, -0.0021760137751698494, -0.0020943039562553167, -0.002012594137340784, -0.0019308842020109296, -0.001849174266681075, -0.0017674644477665424, -0.001685754512436688, -0.0016040446935221553, -0.0015223347581923008, -0.0014406249392777681, -0.0013589151203632355, -0.001277205185033381, -0.0011954953661188483, -0.0011137854307889938, -0.0010320756118744612, -0.0009503657347522676, -0.000868655857630074, -0.0007869459805078804, -0.0007052361033856869, -0.0006235262262634933, -0.0005418163491412997, -0.0004601065011229366, -0.00037839662400074303, -0.0002966867759823799, -0.00021497689886018634, -0.00013326702173799276, -5.15571518917568e-05, 3.0152717954479158e-05, 0.00011186258780071512, 0.00019357245764695108, 0.00027528233476914465, 0.00035699218278750777, 0.00043870205990970135, 0.0005204119370318949, 0.0006021218141540885, 0.0006838316912762821, 0.0007655415683984756, 0.0008472513873130083, 0.0009289612644352019, 0.0010106711415573955, 0.00109238107688725, 0.0011740908958017826]}, "gradients/fc_vehicle_count.weight": {"_type": "histogram", "values": [384.0], "bins": [0.0, 0.0]}, "gradients/fc_vehicle_count.bias": {"_type": "histogram", "values": [64.0], "bins": [0.0, 0.0]}, "gradients/fc_occupancy.weight": {"_type": "histogram", "values": [384.0], "bins": [0.0, 0.0]}, "gradients/fc_occupancy.bias": {"_type": "histogram", "values": [64.0], "bins": [0.0, 0.0]}}