{"reward": 9.443380117416382, "episode": 249, "_timestamp": 1721256913.0016901, "epsilon": 0.052860182498464865, "_runtime": 1253.4999742507935, "_step": 249, "mean_reward": 8.871687889099121, "_wandb": {"runtime": 1253}, "sum_of_rewards": 8.39926532459259}