{"reward": 9.114098370075226, "episode": 249, "_timestamp": 1721246219.06959, "epsilon": 0.07227684785199272, "_runtime": 1193.0301229953766, "_step": 249, "mean_reward": 9.053346633911133, "_wandb": {"runtime": 1192}, "sum_of_rewards": 8.747427177667618}