{"reward": 32.27380809187889, "_timestamp": 1721221224.91818, "_runtime": 109.82038688659668, "_step": 3, "epsilon": 0.9720062258144353}