{"reward": 8.75093674659729, "episode": 249, "_timestamp": 1721244207.178441, "epsilon": 0.050000000000083804, "_runtime": 1215.492112159729, "_step": 249, "mean_reward": 9.472782135009766, "_wandb": {"runtime": 1214}, "sum_of_rewards": 9.197463764548301}