{"reward": 9.165990889072418, "episode": 249, "_timestamp": 1721241803.112285, "epsilon": 0.08946329276367368, "_runtime": 1224.1993408203125, "_step": 249, "mean_reward": 9.02619743347168, "_wandb": {"runtime": 1260}, "sum_of_rewards": 8.415665135502815}