{"reward": 9.540472984313965, "episode": 749, "_timestamp": 1721306928.38784, "epsilon": 0.05, "_runtime": 4298.540720939636, "_step": 749, "mean_reward": 9.438673973083496, "_wandb": {"runtime": 4298}, "sum_of_rewards": 9.327142574429512}