{"reward": 7.419850081205368, "_timestamp": 1721224496.238368, "_runtime": 190.30452513694763, "_step": 56, "epsilon": 0.06798659202416812, "mean_reward": 7.8014912605285645, "_wandb": {"runtime": 191}}