{"reward": 8.52759176492691, "_timestamp": 1721224166.824882, "_runtime": 600.5636191368103, "_step": 326, "epsilon": 0.16066423777357833, "mean_reward": 8.054581642150879, "gradients/fc2.weight": {"_type": "histogram", "values": [1.0, 0.0, 0.0, 0.0, 0.0, 1.0, 0.0, 0.0, 0.0, 1.0, 1.0, 0.0, 3.0, 1.0, 2.0, 2.0, 1.0, 5.0, 2643.0, 3.0, 5.0, 2.0, 1.0, 1.0, 2.0, 2.0, 2.0, 1.0, 0.0, 1.0, 1.0, 0.0, 0.0, 0.0, 0.0, 0.0, 0.0, 0.0, 0.0, 0.0, 0.0, 0.0, 0.0, 0.0, 0.0, 0.0, 1.0, 0.0, 1.0, 0.0, 1.0, 0.0, 0.0, 0.0, 0.0, 0.0, 0.0, 1.0, 0.0, 0.0, 1.0, 0.0, 0.0, 1.0], "bins": [-0.007925830781459808, -0.0075065274722874165, -0.007087224628776312, -0.00666792131960392, -0.006248618476092815, -0.0058293151669204235, -0.005410012323409319, -0.004990709014236927, -0.0045714061707258224, -0.0041521028615534306, -0.0037327997852116823, -0.003313496708869934, -0.002894193399697542, -0.002474890323355794, -0.0020555872470140457, -0.0016362841706722975, -0.0012169810943305492, -0.000797678017988801, -0.00037837488343939185, 4.092822200618684e-05, 0.00046023132745176554, 0.0008795344037935138, 0.0012988375965505838, 0.001718140672892332, 0.0021374437492340803, 0.0025567468255758286, 0.002976049901917577, 0.003395352978259325, 0.003814656287431717, 0.0042339591309428215, 0.004653262440115213, 0.005072565283626318, 0.00549186859279871, 0.005911171901971102, 0.006330474745482206, 0.006749778054654598, 0.007169080898165703, 0.007588384207338095, 0.008007687516510487, 0.008426990360021591, 0.008846293203532696, 0.009265596978366375, 0.00968489982187748, 0.010104202665388584, 0.010523505508899689, 0.010942809283733368, 0.011362112127244473, 0.011781414970755577, 0.012200718745589256, 0.012620021589100361, 0.013039324432611465, 0.01345862727612257, 0.01387793105095625, 0.014297233894467354, 0.014716536737978458, 0.015135839581489563, 0.015555143356323242, 0.01597444713115692, 0.01639374904334545, 0.01681305281817913, 0.01723235473036766, 0.01765165850520134, 0.01807096228003502, 0.01849026419222355, 0.018909567967057228]}, "gradients/fc2.bias": {"_type": "histogram", "values": [1.0, 0.0, 0.0, 0.0, 0.0, 0.0, 0.0, 0.0, 0.0, 1.0, 1.0, 0.0, 1.0, 1.0, 1.0, 0.0, 0.0, 1.0, 5.0, 0.0, 1.0, 1.0, 0.0, 1.0, 0.0, 0.0, 1.0, 0.0, 0.0, 1.0, 1.0, 0.0, 0.0, 0.0, 0.0, 0.0, 0.0, 0.0, 0.0, 0.0, 0.0, 0.0, 0.0, 0.0, 0.0, 0.0, 0.0, 0.0, 0.0, 0.0, 0.0, 0.0, 0.0, 0.0, 0.0, 0.0, 0.0, 1.0, 0.0, 0.0, 1.0, 0.0, 0.0, 1.0], "bins": [-0.013098247349262238, -0.012405306100845337, -0.011712364852428436, -0.011019423604011536, -0.010326482355594635, -0.00963354017585516, -0.008940598927438259, -0.008247657679021358, -0.007554716430604458, -0.006861775182187557, -0.006168833933770657, -0.005475892219692469, -0.004782950971275568, -0.004090009722858667, -0.003397068241611123, -0.002704126760363579, -0.002011185511946678, -0.0013182441471144557, -0.0006253027822822332, 6.763858254998922e-05, 0.0007605799473822117, 0.0014535213122144341, 0.0021464626770466566, 0.002839404158294201, 0.0035323454067111015, 0.004225286655128002, 0.004918227903544903, 0.005611169617623091, 0.006304110866039991, 0.006997052114456892, 0.00768999382853508, 0.00838293507695198, 0.009075876325368881, 0.009768817573785782, 0.010461758822202682, 0.011154700070619583, 0.011847641319036484, 0.012540583498775959, 0.01323352474719286, 0.01392646599560976, 0.014619407244026661, 0.015312348492443562, 0.016005290672183037, 0.016698231920599937, 0.017391173169016838, 0.01808411441743374, 0.01877705566585064, 0.01946999691426754, 0.02016293816268444, 0.02085587941110134, 0.021548820659518242, 0.022241761907935143, 0.022934703156352043, 0.023627644404768944, 0.024320585653185844, 0.025013526901602745, 0.025706470012664795, 0.026399411261081696, 0.027092352509498596, 0.027785293757915497, 0.028478235006332397, 0.029171176254749298, 0.0298641175031662, 0.0305570587515831, 0.03125]}, "gradients/fc1.weight": {"_type": "histogram", "values": [16384.0], "bins": [0.0, 0.0]}, "gradients/fc1.bias": {"_type": "histogram", "values": [125.0, 0.0, 0.0, 0.0, 0.0, 0.0, 0.0, 0.0, 0.0, 0.0, 0.0, 0.0, 0.0, 0.0, 0.0, 0.0, 1.0, 0.0, 0.0, 0.0, 0.0, 0.0, 0.0, 0.0, 0.0, 0.0, 0.0, 0.0, 0.0, 0.0, 0.0, 0.0, 0.0, 0.0, 0.0, 0.0, 0.0, 0.0, 0.0, 0.0, 0.0, 0.0, 0.0, 0.0, 0.0, 0.0, 0.0, 0.0, 0.0, 0.0, 0.0, 0.0, 0.0, 0.0, 0.0, 0.0, 1.0, 0.0, 0.0, 0.0, 0.0, 0.0, 0.0, 1.0], "bins": [0.0, 0.0006602496141567826, 0.0013204992283135653, 0.0019807489588856697, 0.0026409984566271305, 0.0033012479543685913, 0.003961497917771339, 0.0046217474155128, 0.005281996913254261, 0.005942246410995722, 0.006602495908737183, 0.007262745872139931, 0.007922995835542679, 0.008583244867622852, 0.0092434948310256, 0.009903743863105774, 0.010563993826508522, 0.01122424378991127, 0.011884492821991444, 0.012544742785394192, 0.013204991817474365, 0.013865241780877113, 0.014525491744279861, 0.015185740776360035, 0.015845991671085358, 0.016506239771842957, 0.017166489735245705, 0.017826739698648453, 0.0184869896620512, 0.01914723962545395, 0.019807487726211548, 0.020467737689614296, 0.021127987653017044, 0.021788237616419792, 0.02244848757982254, 0.02310873568058014, 0.023768985643982887, 0.024429235607385635, 0.025089485570788383, 0.02574973553419113, 0.02640998363494873, 0.02707023359835148, 0.027730483561754227, 0.028390733525156975, 0.029050983488559723, 0.02971123345196247, 0.03037148155272007, 0.031031731516122818, 0.031691983342170715, 0.032352231442928314, 0.03301247954368591, 0.03367273136973381, 0.03433297947049141, 0.03499323129653931, 0.035653479397296906, 0.036313727498054504, 0.0369739793241024, 0.03763422742486, 0.0382944792509079, 0.0389547273516655, 0.039614975452423096, 0.04027522727847099, 0.04093547537922859, 0.04159572720527649, 0.04225597530603409]}, "gradients/fc_vehicle_count.weight": {"_type": "histogram", "values": [384.0], "bins": [0.0, 0.0]}, "gradients/fc_vehicle_count.bias": {"_type": "histogram", "values": [64.0], "bins": [0.0, 0.0]}, "gradients/fc_occupancy.weight": {"_type": "histogram", "values": [384.0], "bins": [0.0, 0.0]}, "gradients/fc_occupancy.bias": {"_type": "histogram", "values": [64.0], "bins": [0.0, 0.0]}}