{"reward": 9.397045075893402, "_timestamp": 1721224488.294632, "_runtime": 182.36205005645752, "_step": 38, "epsilon": 0.10214422526772335, "mean_reward": 7.432472229003906, "_wandb": {"runtime": 191}}