{"reward": 9.152843713760376, "episode": 749, "_timestamp": 1721284072.964758, "epsilon": 0.05, "_runtime": 4101.494377851486, "_step": 749, "mean_reward": 9.341787338256836, "_wandb": {"runtime": 4100}, "sum_of_rewards": 9.346091329932213}