{"reward": 9.521763265132904, "episode": 549, "_timestamp": 1721296749.801887, "epsilon": 0.05, "_runtime": 3243.2944390773773, "_step": 549, "mean_reward": 9.39391803741455, "_wandb": {"runtime": 3242}, "sum_of_rewards": 9.266259872479873}