{"reward": 7.5406098663806915, "episode": 59, "_timestamp": 1721232964.335489, "epsilon": 0.05009204834685201, "mean_reward": 8.211874961853027, "_runtime": 128.0350000858307, "_step": 59, "_wandb": {"runtime": 127}, "sum_of_rewards": 7.926232918103536}