{"reward": 36.76180663704872, "_timestamp": 1721167733.088452, "_runtime": 1641.6416230201721, "_step": 165, "epsilon": 0.5666348555695855, "gradients/fc2.weight": {"_type": "histogram", "values": [2.0, 4.0, 3.0, 2.0, 7.0, 6.0, 6.0, 10.0, 9.0, 11.0, 17.0, 17.0, 23.0, 25.0, 27.0, 32.0, 38.0, 47.0, 69.0, 89.0, 119.0, 179.0, 370.0, 2649.0, 471.0, 248.0, 200.0, 147.0, 112.0, 96.0, 84.0, 67.0, 30.0, 31.0, 20.0, 15.0, 10.0, 15.0, 12.0, 5.0, 8.0, 5.0, 5.0, 4.0, 3.0, 3.0, 7.0, 3.0, 3.0, 0.0, 1.0, 2.0, 0.0, 0.0, 2.0, 0.0, 2.0, 2.0, 0.0, 0.0, 1.0, 0.0, 0.0, 1.0], "bins": [-0.2657856047153473, -0.254526287317276, -0.2432669997215271, -0.232007697224617, -0.2207483947277069, -0.20948907732963562, -0.19822977483272552, -0.18697047233581543, -0.17571116983890533, -0.16445186734199524, -0.15319256484508514, -0.14193326234817505, -0.13067394495010376, -0.11941464990377426, -0.10815533995628357, -0.09689603745937347, -0.08563673496246338, -0.07437743246555328, -0.06311812996864319, -0.051858820021152496, -0.0405995175242424, -0.029340213164687157, -0.018080908805131912, -0.006821604445576668, 0.004437699913978577, 0.01569700427353382, 0.026956308633089066, 0.03821561485528946, 0.049474917352199554, 0.06073421984910965, 0.07199352979660034, 0.08325283229351044, 0.09451210498809814, 0.10577140748500824, 0.11703070998191833, 0.12829001247882843, 0.13954931497573853, 0.15080863237380981, 0.1620679348707199, 0.17332723736763, 0.1845865398645401, 0.1958458423614502, 0.2071051448583603, 0.21836444735527039, 0.22962376475334167, 0.24088306725025177, 0.25214236974716187, 0.26340165734291077, 0.27466097474098206, 0.28592029213905334, 0.29717957973480225, 0.30843889713287354, 0.31969818472862244, 0.3309575021266937, 0.3422167897224426, 0.3534761071205139, 0.3647354245185852, 0.3759947121143341, 0.3872540295124054, 0.3985133171081543, 0.4097726345062256, 0.4210319221019745, 0.4322912395000458, 0.4435505270957947, 0.45480984449386597]}, "gradients/fc2.bias": {"_type": "histogram", "values": [1.0, 0.0, 0.0, 0.0, 0.0, 0.0, 0.0, 0.0, 0.0, 0.0, 1.0, 0.0, 1.0, 0.0, 0.0, 0.0, 0.0, 0.0, 1.0, 0.0, 0.0, 1.0, 0.0, 0.0, 0.0, 1.0, 2.0, 1.0, 1.0, 2.0, 0.0, 2.0, 0.0, 0.0, 0.0, 1.0, 1.0, 1.0, 0.0, 1.0, 0.0, 0.0, 0.0, 1.0, 0.0, 0.0, 0.0, 0.0, 1.0, 0.0, 0.0, 0.0, 0.0, 0.0, 0.0, 0.0, 0.0, 0.0, 0.0, 0.0, 0.0, 0.0, 0.0, 1.0], "bins": [-0.012902975082397461, -0.01244596391916275, -0.01198895275592804, -0.011531942524015903, -0.011074931360781193, -0.010617920197546482, -0.010160909965634346, -0.009703898802399635, -0.009246887639164925, -0.008789876475930214, -0.008332865312695503, -0.007875855080783367, -0.0074188439175486565, -0.006961832754313946, -0.006504822056740522, -0.006047811359167099, -0.005590800195932388, -0.005133789032697678, -0.004676778335124254, -0.004219767637550831, -0.00376275647431612, -0.003305745543912053, -0.002848734613507986, -0.002391723683103919, -0.001934712752699852, -0.001477701822295785, -0.001020690891891718, -0.0005636799614876509, -0.00010666903108358383, 0.0003503418993204832, 0.0008073528297245502, 0.0012643637601286173, 0.0017213746905326843, 0.0021783856209367514, 0.0026353965513408184, 0.0030924074817448854, 0.0035494184121489525, 0.004006429575383663, 0.0044634402729570866, 0.00492045097053051, 0.005377462133765221, 0.005834473296999931, 0.006291483994573355, 0.006748494692146778, 0.007205505855381489, 0.0076625170186161995, 0.008119527250528336, 0.008576538413763046, 0.009033549576997757, 0.009490560740232468, 0.009947571903467178, 0.010404582135379314, 0.010861593298614025, 0.011318604461848736, 0.011775614693760872, 0.012232625856995583, 0.012689637020230293, 0.013146648183465004, 0.013603659346699715, 0.01406066957861185, 0.014517680741846561, 0.014974691905081272, 0.015431702136993408, 0.01588871330022812, 0.01634572446346283]}, "gradients/fc1.weight": {"_type": "histogram", "values": [1.0, 1.0, 1.0, 0.0, 4.0, 2.0, 9.0, 7.0, 9.0, 8.0, 19.0, 12.0, 18.0, 24.0, 35.0, 36.0, 45.0, 51.0, 54.0, 66.0, 103.0, 113.0, 150.0, 219.0, 230.0, 290.0, 359.0, 482.0, 1004.0, 20017.0, 4512.0, 1325.0, 780.0, 494.0, 411.0, 321.0, 266.0, 218.0, 177.0, 170.0, 142.0, 122.0, 87.0, 68.0, 54.0, 38.0, 46.0, 54.0, 20.0, 30.0, 12.0, 14.0, 7.0, 4.0, 9.0, 6.0, 3.0, 2.0, 2.0, 1.0, 2.0, 1.0, 0.0, 1.0], "bins": [-0.0809384137392044, -0.07822923362255096, -0.07552006095647812, -0.07281088829040527, -0.07010170817375183, -0.06739252805709839, -0.06468335539102554, -0.0619741789996624, -0.059265002608299255, -0.05655582621693611, -0.05384664982557297, -0.051137473434209824, -0.04842829704284668, -0.045719120651483536, -0.04300994426012039, -0.04030076786875725, -0.037591591477394104, -0.03488241508603096, -0.032173238694667816, -0.029464062303304672, -0.02675488591194153, -0.024045709520578384, -0.02133653312921524, -0.018627356737852097, -0.015918180346488953, -0.013209003955125809, -0.010499827563762665, -0.007790651172399521, -0.005081474781036377, -0.002372298389673233, 0.0003368780016899109, 0.003046054393053055, 0.005755223333835602, 0.008464399725198746, 0.01117357611656189, 0.013882752507925034, 0.016591928899288177, 0.01930110529065132, 0.022010281682014465, 0.02471945807337761, 0.027428634464740753, 0.030137810856103897, 0.03284698724746704, 0.035556163638830185, 0.03826534003019333, 0.04097451642155647, 0.04368369281291962, 0.04639286920428276, 0.049102045595645905, 0.05181122198700905, 0.05452039837837219, 0.057229574769735336, 0.05993875116109848, 0.06264792382717133, 0.06535710394382477, 0.06806628406047821, 0.07077545672655106, 0.0734846293926239, 0.07619380950927734, 0.07890298962593079, 0.08161216229200363, 0.08432133495807648, 0.08703051507472992, 0.08973969519138336, 0.09244886785745621]}, "gradients/fc1.bias": {"_type": "histogram", "values": [1.0, 1.0, 0.0, 0.0, 0.0, 1.0, 2.0, 2.0, 2.0, 0.0, 0.0, 2.0, 4.0, 3.0, 3.0, 8.0, 3.0, 4.0, 4.0, 2.0, 1.0, 3.0, 3.0, 10.0, 2.0, 1.0, 8.0, 4.0, 5.0, 59.0, 2.0, 8.0, 9.0, 9.0, 7.0, 6.0, 6.0, 9.0, 7.0, 5.0, 1.0, 3.0, 10.0, 0.0, 7.0, 5.0, 2.0, 1.0, 3.0, 2.0, 4.0, 3.0, 2.0, 1.0, 2.0, 0.0, 1.0, 1.0, 0.0, 1.0, 0.0, 0.0, 0.0, 1.0], "bins": [-0.0018617415335029364, -0.0017987714381888509, -0.0017358013428747654, -0.0016728313639760017, -0.0016098612686619163, -0.0015468911733478308, -0.0014839211944490671, -0.0014209510991349816, -0.0013579810038208961, -0.0012950109085068107, -0.0012320408131927252, -0.0011690708342939615, -0.001106100738979876, -0.0010431306436657906, -0.000980160664767027, -0.0009171905694529414, -0.0008542204741388559, -0.0007912503788247705, -0.0007282803417183459, -0.0006653103046119213, -0.0006023402092978358, -0.0005393701139837503, -0.0004764000768773258, -0.00041343001066707075, -0.0003504599444568157, -0.0002874898782465607, -0.00022451981203630567, -0.00016154974582605064, -9.857967961579561e-05, -3.5609613405540586e-05, 2.736045280471444e-05, 9.033051901496947e-05, 0.00015330081805586815, 0.00021627088426612318, 0.0002792409504763782, 0.00034221101668663323, 0.00040518108289688826, 0.0004681511491071433, 0.0005311212153173983, 0.0005940912524238229, 0.0006570613477379084, 0.0007200314430519938, 0.0007830014801584184, 0.000845971517264843, 0.0009089416125789285, 0.000971911707893014, 0.0010348816867917776, 0.001097851782105863, 0.0011608218774199486, 0.001223791972734034, 0.0012867620680481195, 0.0013497320469468832, 0.0014127021422609687, 0.0014756722375750542, 0.0015386422164738178, 0.0016016123117879033, 0.0016645824071019888, 0.0017275525024160743, 0.0017905225977301598, 0.0018534925766289234, 0.001916462671943009, 0.0019794327672570944, 0.002042402746155858, 0.0021053729578852654, 0.002168342936784029]}, "gradients/fc_vehicle_count.weight": {"_type": "histogram", "values": [1.0, 0.0, 0.0, 0.0, 0.0, 0.0, 0.0, 0.0, 0.0, 0.0, 0.0, 0.0, 0.0, 1.0, 0.0, 4.0, 1.0, 2.0, 1.0, 6.0, 4.0, 5.0, 14.0, 14.0, 29.0, 143.0, 32.0, 28.0, 23.0, 17.0, 14.0, 8.0, 6.0, 3.0, 4.0, 7.0, 1.0, 3.0, 3.0, 2.0, 3.0, 1.0, 1.0, 0.0, 0.0, 0.0, 0.0, 0.0, 0.0, 1.0, 0.0, 0.0, 0.0, 0.0, 0.0, 0.0, 0.0, 1.0, 0.0, 0.0, 0.0, 0.0, 0.0, 1.0],