{"reward": 6.956535309553146, "episode": 41, "_timestamp": 1721233980.6569548, "epsilon": 0.33316826477212513, "_runtime": 175.09722685813904, "_step": 41, "mean_reward": 6.895599365234375, "_wandb": {"runtime": 177}}