{"reward": 8.617475092411041, "episode": 9, "_timestamp": 1721233657.1034691, "epsilon": 0.05, "mean_reward": 8.457033157348633, "_runtime": 21.62918519973755, "_step": 9, "_wandb": {"runtime": 22}}