{"reward": 8.943427234888077, "episode": 249, "_timestamp": 1721253762.991928, "epsilon": 0.09340728677180915, "_runtime": 1366.0858011245728, "_step": 249, "mean_reward": 9.033332824707031, "_wandb": {"runtime": 1365}, "sum_of_rewards": 8.396668335199356}