{"reward": 7.139187872409821, "_timestamp": 1721224695.189881, "_runtime": 58.927570104599, "_step": 14, "epsilon": 0.7440133463456564, "mean_reward": 6.527218818664551, "_wandb": {"runtime": 71}}