{"reward": 7.978766918182373, "_timestamp": 1721224167.9143932, "_runtime": 601.585972070694, "_step": 320, "epsilon": 0.4724366976696754, "mean_reward": 7.296238899230957, "gradients/fc2.weight": {"_type": "histogram", "values": [1.0, 0.0, 0.0, 0.0, 0.0, 1.0, 0.0, 1.0, 0.0, 0.0, 0.0, 1.0, 0.0, 0.0, 0.0, 0.0, 1.0, 0.0, 0.0, 1.0, 0.0, 1.0, 0.0, 1.0, 0.0, 1.0, 2.0, 1.0, 0.0, 0.0, 636.0, 0.0, 2.0, 4.0, 2.0, 0.0, 0.0, 0.0, 1.0, 2.0, 0.0, 1.0, 0.0, 0.0, 1.0, 2.0, 0.0, 1.0, 0.0, 2.0, 0.0, 0.0, 3.0, 0.0, 0.0, 0.0, 0.0, 0.0, 1.0, 1.0, 0.0, 0.0, 0.0, 1.0], "bins": [-0.03557269275188446, -0.034415509551763535, -0.03325832262635231, -0.032101139426231384, -0.03094395622611046, -0.029786771163344383, -0.028629586100578308, -0.027472402900457382, -0.026315217837691307, -0.025158032774925232, -0.024000849574804306, -0.02284366451203823, -0.021686479449272156, -0.02052929624915123, -0.019372111186385155, -0.01821492798626423, -0.017057742923498154, -0.01590055786073208, -0.014743374660611153, -0.013586189597845078, -0.012429005466401577, -0.011271821334958076, -0.010114636272192001, -0.0089574521407485, -0.007800268009305, -0.0066430838778615, -0.005485899280756712, -0.004328714683651924, -0.0031715305522084236, -0.0020143461879342794, -0.0008571618236601353, 0.0003000225406140089, 0.001457206904888153, 0.0026143912691622972, 0.0037715756334364414, 0.004928760230541229, 0.00608594436198473, 0.00724312849342823, 0.008400313556194305, 0.009557497687637806, 0.010714681819081306, 0.011871865950524807, 0.013029050081968307, 0.014186235144734383, 0.015343419276177883, 0.016500603407621384, 0.01765778847038746, 0.018814971670508385, 0.01997215673327446, 0.021129341796040535, 0.02228652499616146, 0.023443710058927536, 0.024600893259048462, 0.025758078321814537, 0.026915263384580612, 0.028072446584701538, 0.029229631647467613, 0.03038681671023369, 0.031543999910354614, 0.03270118311047554, 0.033858370035886765, 0.03501555323600769, 0.036172736436128616, 0.03732992336153984, 0.03848710656166077]}, "gradients/fc2.bias": {"_type": "histogram", "values": [1.0, 0.0, 0.0, 0.0, 0.0, 0.0, 0.0, 1.0, 0.0, 0.0, 0.0, 0.0, 0.0, 0.0, 0.0, 0.0, 1.0, 0.0, 0.0, 0.0, 0.0, 1.0, 0.0, 0.0, 0.0, 1.0, 1.0, 0.0, 0.0, 0.0, 3.0, 0.0, 1.0, 2.0, 1.0, 0.0, 0.0, 0.0, 0.0, 1.0, 1.0, 0.0, 0.0, 0.0, 0.0, 1.0, 0.0, 1.0, 0.0, 0.0, 0.0, 0.0, 2.0, 0.0, 0.0, 0.0, 0.0, 1.0, 0.0, 0.0, 0.0, 0.0, 0.0, 1.0], "bins": [-0.012166187167167664, -0.011767487041652203, -0.011368786916136742, -0.01097008679062128, -0.01057138666510582, -0.010172685608267784, -0.009773985482752323, -0.009375285357236862, -0.008976585231721401, -0.00857788510620594, -0.00817918498069048, -0.007780484389513731, -0.00738178426399827, -0.006983084138482809, -0.006584383547306061, -0.0061856834217906, -0.005786983296275139, -0.005388283170759678, -0.004989583045244217, -0.004590882454067469, -0.004192182328552008, -0.0037934822030365467, -0.003394781844690442, -0.0029960814863443375, -0.0025973813608288765, -0.0021986812353134155, -0.001799980876967311, -0.0014012806350365281, -0.0010025803931057453, -0.0006038801511749625, -0.00020517990924417973, 0.00019352033268660307, 0.0005922205746173859, 0.0009909208165481687, 0.0013896210584789515, 0.0017883213004097342, 0.002187021542340517, 0.002585721667855978, 0.0029844220262020826, 0.0033831223845481873, 0.0037818225100636482, 0.004180522635579109, 0.00457922276109457, 0.0049779233522713184, 0.005376623477786779, 0.00577532360330224, 0.006174024194478989, 0.00657272431999445, 0.006971424445509911, 0.0073701245710253716, 0.0077688246965408325, 0.008167524822056293, 0.008566224947571754, 0.00896492600440979, 0.009363626129925251, 0.009762326255440712, 0.010161026380956173, 0.010559726506471634, 0.010958426631987095, 0.011357126757502556, 0.011755827814340591, 0.012154527939856052, 0.012553228065371513, 0.012951928190886974, 0.013350628316402435]}, "gradients/fc1.weight": {"_type": "histogram", "values": [2.0, 1020.0, 0.0, 0.0, 0.0, 0.0, 0.0, 0.0, 0.0, 0.0, 0.0, 0.0, 0.0, 0.0, 0.0, 0.0, 0.0, 0.0, 0.0, 0.0, 0.0, 0.0, 0.0, 0.0, 0.0, 0.0, 0.0, 0.0, 0.0, 0.0, 0.0, 0.0, 0.0, 0.0, 1.0, 0.0, 0.0, 0.0, 0.0, 0.0, 0.0, 0.0, 0.0, 0.0, 0.0, 0.0, 0.0, 0.0, 0.0, 0.0, 0.0, 0.0, 0.0, 0.0, 0.0, 0.0, 0.0, 0.0, 0.0, 0.0, 0.0, 0.0, 0.0, 1.0], "bins": [-0.0011917368974536657, -3.7659076042473316e-05, 0.001116418745368719, 0.0022704964503645897, 0.003424574388191104, 0.004578652326017618, 0.005732730031013489, 0.006886807736009359, 0.00804088544100523, 0.009194963611662388, 0.010349040850996971, 0.011503119021654129, 0.012657197192311287, 0.01381127443164587, 0.014965352602303028, 0.01611942984163761, 0.01727350801229477, 0.018427586182951927, 0.019581664353609085, 0.020735742524266243, 0.02188981883227825, 0.02304389700293541, 0.024197975173592567, 0.025352053344249725, 0.026506131514906883, 0.027660207822918892, 0.02881428599357605, 0.029968364164233208, 0.031122442334890366, 0.032276518642902374, 0.03343059867620468, 0.03458467498421669, 0.035738755017519, 0.036892831325531006, 0.03804691135883331, 0.03920098766684532, 0.04035506770014763, 0.04150914400815964, 0.042663220316171646, 0.04381730034947395, 0.04497137665748596, 0.04612545669078827, 0.04727953299880028, 0.048433609306812286, 0.049587689340114594, 0.0507417656481266, 0.05189584568142891, 0.05304992198944092, 0.054204002022743225, 0.055358078330755234, 0.05651215463876724, 0.05766623467206955, 0.05882031098008156, 0.059974391013383865, 0.061128467321395874, 0.06228254362940788, 0.06343661993741989, 0.0645906999707222, 0.0657447800040245, 0.06689885258674622, 0.06805293262004852, 0.06920701265335083, 0.07036109268665314, 0.07151516526937485, 0.07266924530267715]}, "gradients/fc1.bias": {"_type": "histogram", "values": [30.0, 0.0, 0.0, 0.0, 0.0, 0.0, 0.0, 0.0, 0.0, 0.0, 0.0, 0.0, 0.0, 0.0, 0.0, 0.0, 0.0, 0.0, 0.0, 0.0, 0.0, 0.0, 0.0, 0.0, 0.0, 0.0, 0.0, 1.0, 0.0, 0.0, 0.0, 0.0, 0.0, 0.0, 0.0, 0.0, 0.0, 0.0, 0.0, 0.0, 0.0, 0.0, 0.0, 0.0, 0.0, 0.0, 0.0, 0.0, 0.0, 0.0, 0.0, 0.0, 0.0, 0.0, 0.0, 0.0, 0.0, 0.0, 0.0, 0.0, 0.0, 0.0, 0.0, 1.0], "bins": [0.0, 0.0005929896724410355, 0.001185979344882071, 0.0017789690755307674, 0.002371958689764142, 0.0029649483039975166, 0.003557938151061535, 0.004150927532464266, 0.004743917379528284, 0.005336907226592302, 0.005929896607995033, 0.0065228864550590515, 0.00711587630212307, 0.007708865683525801, 0.008301855064928532, 0.00889484491199255, 0.009487834759056568, 0.010080824606120586, 0.010673814453184605, 0.011266803368926048, 0.011859793215990067, 0.012452783063054085, 0.013045772910118103, 0.013638762757182121, 0.01423175260424614, 0.014824741519987583, 0.015417731367051601, 0.016010720282793045, 0.016603710129857063, 0.01719669997692108, 0.0177896898239851, 0.018382679671049118, 0.018975669518113136, 0.019568659365177155, 0.020161649212241173, 0.02075463905930519, 0.02134762890636921, 0.021940618753433228, 0.022533606737852097, 0.023126596584916115, 0.023719586431980133, 0.02431257627904415, 0.02490556612610817, 0.025498555973172188, 0.026091545820236206, 0.026684535667300224, 0.027277525514364243, 0.02787051536142826, 0.02846350520849228, 0.029056493192911148, 0.029649483039975166, 0.030242472887039185, 0.030835462734103203, 0.03142845258116722, 0.03202144056558609, 0.03261443227529526, 0.03320742025971413, 0.033800411969423294, 0.03439339995384216, 0.03498639166355133, 0.0355793796479702, 0.03617237135767937, 0.036765359342098236, 0.037358351051807404, 0.03795133903622627]}, "gradients/fc_vehicle_count.weight": {"_type": "histogram", "values": [1.0, 0.0, 0.0, 0.0, 90.0, 0.0, 0.0, 0.0, 0.0, 0.0, 0.0, 0.0, 0.0, 0.0, 0.0, 0.0, 0.0, 0.0, 0.0, 0.0, 0.0, 0.0, 0.0, 0.0, 0.0, 1.0, 0.0, 0.0, 0.0, 0.0, 0.0, 0.0, 0.0, 0.0, 0.0, 0.0, 0.0, 0.0, 0.0, 0.0, 0.0, 0.0, 0.0, 0.0, 0.0, 0.0, 0.0, 0.0, 0.0, 0.0, 0.0, 2.0, 0.0, 1.0, 0.0, 0.0, 0.0, 0.0, 0.0, 0.0, 0.0, 0.0, 0.0, 1.0],