{"reward": 9.11865097284317, "episode": 399, "_timestamp": 1721258740.473855, "epsilon": 0.05249634762471615, "_runtime": 2014.583552122116, "_step": 399, "mean_reward": 9.106996536254883, "_wandb": {"runtime": 2013}, "sum_of_rewards": 8.771763243973256}