{"reward": 8.94513288140297, "episode": 39, "_timestamp": 1721230671.504929, "epsilon": 0.050095965595770495, "mean_reward": 7.460418224334717, "_runtime": 71.67205309867859, "_step": 39, "_wandb": {"runtime": 71}}