{"reward": 9.07002517580986, "episode": 549, "_timestamp": 1721266999.337143, "epsilon": 0.05, "_runtime": 2930.501382827759, "_step": 549, "mean_reward": 9.32363510131836, "_wandb": {"runtime": 2930}, "sum_of_rewards": 9.274837797717614}