{"reward": 9.096366941928864, "episode": 58, "_timestamp": 1721230945.003849, "epsilon": 0.061757654524524, "_runtime": 118.16033506393433, "_step": 58, "mean_reward": 8.916953086853027, "_wandb": {"runtime": 118}}