{"reward": 9.44238793849945, "episode": 249, "_timestamp": 1721237868.852407, "epsilon": 0.05, "mean_reward": 9.367781639099121, "_runtime": 985.2854318618774, "_step": 249, "_wandb": {"runtime": 984}, "sum_of_rewards": 9.059193403047065}