{"reward": 7.042784422636032, "_timestamp": 1721224165.702081, "_runtime": 599.3682479858398, "_step": 311, "epsilon": 0.10883662619853687, "mean_reward": 6.948631763458252, "gradients/fc2.weight": {"_type": "histogram", "values": [2.0, 0.0, 2.0, 2.0, 0.0, 0.0, 0.0, 1.0, 4.0, 3.0, 2.0, 2.0, 3.0, 6.0, 3.0, 8.0, 10.0, 17.0, 13.0, 18.0, 22.0, 27.0, 32.0, 61.0, 96.0, 1749.0, 125.0, 101.0, 61.0, 51.0, 48.0, 37.0, 28.0, 23.0, 20.0, 17.0, 13.0, 13.0, 13.0, 9.0, 4.0, 9.0, 2.0, 3.0, 3.0, 6.0, 1.0, 5.0, 1.0, 1.0, 0.0, 0.0, 1.0, 0.0, 2.0, 3.0, 2.0, 0.0, 0.0, 0.0, 1.0, 1.0, 0.0, 1.0], "bins": [-0.21551735699176788, -0.20711147785186768, -0.19870558381080627, -0.19029970467090607, -0.18189381062984467, -0.17348793148994446, -0.16508203744888306, -0.15667615830898285, -0.14827027916908264, -0.13986438512802124, -0.13145850598812103, -0.12305261194705963, -0.11464673280715942, -0.10624084621667862, -0.09783495962619781, -0.08942907303571701, -0.0810231864452362, -0.0726172998547554, -0.0642114132642746, -0.05580553039908409, -0.04739964380860329, -0.03899375721812248, -0.030587872490286827, -0.022181987762451172, -0.013776101171970367, -0.005370215512812138, 0.0030356701463460922, 0.011441555805504322, 0.019847441464662552, 0.028253328055143356, 0.03665921092033386, 0.04506509751081467, 0.053470999002456665, 0.06187688559293747, 0.07028277218341827, 0.07868865877389908, 0.08709454536437988, 0.09550042450428009, 0.1039063110947609, 0.1123121976852417, 0.1207180842757225, 0.1291239708662033, 0.13752985000610352, 0.14593574404716492, 0.15434162318706512, 0.16274751722812653, 0.17115339636802673, 0.17955929040908813, 0.18796516954898834, 0.19637104868888855, 0.20477694272994995, 0.21318282186985016, 0.22158871591091156, 0.22999459505081177, 0.23840048909187317, 0.24680636823177338, 0.2552122473716736, 0.263618141412735, 0.2720240354537964, 0.2804298996925354, 0.2888357937335968, 0.2972416877746582, 0.3056475818157196, 0.3140534460544586, 0.32245934009552]}, "gradients/fc2.bias": {"_type": "histogram", "values": [1.0, 0.0, 0.0, 0.0, 1.0, 0.0, 0.0, 1.0, 2.0, 0.0, 0.0, 0.0, 0.0, 0.0, 0.0, 0.0, 0.0, 1.0, 0.0, 0.0, 0.0, 0.0, 0.0, 0.0, 1.0, 1.0, 1.0, 0.0, 0.0, 0.0, 0.0, 1.0, 0.0, 0.0, 0.0, 2.0, 0.0, 1.0, 0.0, 1.0, 0.0, 0.0, 0.0, 0.0, 0.0, 0.0, 1.0, 0.0, 1.0, 0.0, 2.0, 0.0, 0.0, 0.0, 0.0, 0.0, 0.0, 0.0, 1.0, 1.0, 0.0, 0.0, 0.0, 1.0], "bins": [-0.017814815044403076, -0.017125502228736877, -0.016436191275715828, -0.01574688032269478, -0.01505756750702858, -0.014368255622684956, -0.013678943738341331, -0.012989631853997707, -0.012300319969654083, -0.01161100808531046, -0.010921696200966835, -0.010232384316623211, -0.009543072432279587, -0.008853760547935963, -0.008164448663592339, -0.0074751367792487144, -0.00678582489490509, -0.006096513010561466, -0.005407201126217842, -0.004717889241874218, -0.004028577357530594, -0.0033392654731869698, -0.0026499535888433456, -0.0019606417044997215, -0.0012713298201560974, -0.0005820179358124733, 0.00010729394853115082, 0.0007966058328747749, 0.001485917717218399, 0.002175229601562023, 0.0028645414859056473, 0.0035538533702492714, 0.0042431652545928955, 0.00493247713893652, 0.005621789023280144, 0.006311100907623768, 0.007000412791967392, 0.007689724676311016, 0.00837903656065464, 0.009068348444998264, 0.009757660329341888, 0.010446972213685513, 0.011136284098029137, 0.01182559598237276, 0.012514907866716385, 0.013204219751060009, 0.013893531635403633, 0.014582843519747257, 0.015272155404090881, 0.01596146821975708, 0.01665077917277813, 0.01734009012579918, 0.018029402941465378, 0.018718715757131577, 0.019408026710152626, 0.020097337663173676, 0.020786650478839874, 0.021475963294506073, 0.022165274247527122, 0.022854585200548172, 0.02354389801621437, 0.02423321083188057, 0.02492252178490162, 0.02561183273792267, 0.026301145553588867]}, "gradients/fc1.weight": {"_type": "histogram", "values": [1.0, 0.0, 0.0, 0.0, 0.0, 0.0, 0.0, 0.0, 1.0, 0.0, 0.0, 1.0, 0.0, 2.0, 1.0, 1.0, 0.0, 0.0, 5.0, 5.0, 2.0, 7.0, 3.0, 8.0, 7.0, 6.0, 23.0, 38.0, 81.0, 186.0, 2926.0, 262.0, 143.0, 77.0, 48.0, 51.0, 44.0, 24.0, 26.0, 23.0, 27.0, 12.0, 11.0, 6.0, 6.0, 5.0, 2.0, 5.0, 5.0, 3.0, 2.0, 0.0, 3.0, 3.0, 0.0, 1.0, 0.0, 0.0, 0.0, 1.0, 1.0, 0.0, 0.0, 1.0], "bins": [-0.23525992035865784, -0.22746063768863678, -0.21966135501861572, -0.21186207234859467, -0.20406277477741241, -0.19626349210739136, -0.1884642094373703, -0.18066492676734924, -0.17286564409732819, -0.16506636142730713, -0.15726706385612488, -0.14946778118610382, -0.14166849851608276, -0.1338692158460617, -0.12606993317604065, -0.118270643055439, -0.11047136038541794, -0.10267207771539688, -0.09487278759479523, -0.08707350492477417, -0.07927422225475311, -0.07147493213415146, -0.0636756494641304, -0.055876366794109344, -0.04807708039879799, -0.04027779400348663, -0.032478511333465576, -0.02467922493815422, -0.016879940405488014, -0.009080655872821808, -0.0012813704088330269, 0.006517914589494467, 0.01431719958782196, 0.022116484120488167, 0.029915768653154373, 0.03771505504846573, 0.045514337718486786, 0.05331362411379814, 0.0611129105091095, 0.06891219317913055, 0.07671147584915161, 0.08451076596975327, 0.09231004863977432, 0.10010933130979538, 0.10790862143039703, 0.11570790410041809, 0.12350718677043915, 0.1313064694404602, 0.13910576701164246, 0.1469050496816635, 0.15470433235168457, 0.16250361502170563, 0.17030289769172668, 0.17810218036174774, 0.1859014630317688, 0.19370076060295105, 0.2015000432729721, 0.20929932594299316, 0.21709860861301422, 0.22489789128303528, 0.23269717395305634, 0.2404964715242386, 0.24829575419425964, 0.2560950219631195, 0.26389431953430176]}, "gradients/fc1.bias": {"_type": "histogram", "values": [1.0, 0.0, 0.0, 0.0, 0.0, 0.0, 0.0, 0.0, 0.0, 0.0, 1.0, 0.0, 1.0, 0.0, 0.0, 1.0, 0.0, 1.0, 3.0, 1.0, 2.0, 1.0, 1.0, 2.0, 2.0, 1.0, 54.0, 4.0, 5.0, 5.0, 2.0, 3.0, 2.0, 4.0, 2.0, 2.0, 1.0, 1.0, 2.0, 1.0, 3.0, 0.0, 2.0, 1.0, 0.0, 3.0, 4.0, 1.0, 2.0, 0.0, 0.0, 1.0, 2.0, 1.0, 0.0, 0.0, 0.0, 0.0, 1.0, 0.0, 0.0, 0.0, 0.0, 1.0], "bins": [-0.010518642142415047, -0.01011744886636734, -0.009716255590319633, -0.009315062314271927, -0.00891386903822422, -0.008512675762176514, -0.008111482486128807, -0.0077102892100811005, -0.007309095934033394, -0.0069079021923244, -0.006506708916276693, -0.006105515640228987, -0.00570432236418128, -0.0053031290881335735, -0.004901935812085867, -0.00450074253603816, -0.004099549259990454, -0.003698355983942747, -0.0032971627078950405, -0.002895969431847334, -0.0024947761557996273, -0.002093582646921277, -0.0016923893708735704, -0.0012911960948258638, -0.0008900028187781572, -0.0004888095427304506, -8.761620847508311e-05, 0.00031357709667645395, 0.000714770401827991, 0.0011159636778756976, 0.001517157070338726, 0.0019183503463864326, 0.0023195436224341393, 0.002720736898481846, 0.0031219301745295525, 0.003523123450577259, 0.003924316726624966, 0.004325510002672672, 0.004726703278720379, 0.0051278965547680855, 0.005529089830815792, 0.005930283572524786, 0.006331476848572493, 0.006732670124620199, 0.007133863400667906, 0.007535056676715612, 0.007936249487102032, 0.008337442763149738, 0.00873863697052002, 0.009139830246567726, 0.009541023522615433, 0.00994221679866314, 0.010343410074710846, 0.010744603350758553, 0.01114579662680626, 0.011546989902853966, 0.011948183178901672, 0.012349376454949379, 0.012750569730997086, 0.013151763007044792, 0.013552956283092499, 0.013954149559140205, 0.014355342835187912, 0.014756536111235619, 0.015157729387283325]}, "gradients/fc_vehicle_count.weight": {"_type": "histogram", "values": [1.0, 0.0, 0.0, 0.0, 0.0, 0.0, 0.0, 0.0, 0.0, 0.0, 0.0, 0.0, 1.0, 1.0, 3.0, 3.0, 1.0, 1.0, 3.0, 10.0, 23.0, 3.0, 1.0, 3.0, 5.0, 4.0, 0.0, 0.0, 3.0, 6.0, 3.0, 1.0, 2.0, 3.0, 0.0, 2.0, 1.0, 0.0, 0.0, 2.0, 1.0, 0.0, 0.0, 3.0, 1.0, 0.0, 1.0, 1.0, 0.0, 0.0, 1.0, 0.0, 0.0, 0.0, 0.0, 0.0, 0.0, 0.0, 0.0, 1.0, 0.0, 0.0, 0.0, 1.0],