{"reward": 9.397063434123993, "episode": 105, "_timestamp": 1721577820.4452999, "epsilon": 0.050853974209670805, "_runtime": 181.84346175193787, "_step": 105, "mean_reward": 8.91366195678711}