{"reward": 9.468862116336823, "episode": 249, "_timestamp": 1721246919.980321, "epsilon": 0.05099624818507664, "_runtime": 1207.7465770244598, "_step": 249, "mean_reward": 9.38113021850586, "_wandb": {"runtime": 1206}, "sum_of_rewards": 9.096427942991257}