{"reward": 8.803101509809494, "episode": 399, "_timestamp": 1721252865.0313668, "epsilon": 0.05000000003334575, "_runtime": 2065.535910844803, "_step": 399, "mean_reward": 9.298675537109375, "_wandb": {"runtime": 2064}, "sum_of_rewards": 9.191043217480182}