{"reward": 9.2055703997612, "episode": 649, "_timestamp": 1721271039.119227, "epsilon": 0.05, "_runtime": 3916.4473769664764, "_step": 649, "mean_reward": 9.395129203796387, "_wandb": {"runtime": 3916}, "sum_of_rewards": 9.26656320292216}