{"reward": 5.348593145608902, "_timestamp": 1721224704.0174851, "_runtime": 67.17016816139221, "_step": 14, "epsilon": 0.1819805335523616, "mean_reward": 5.393125534057617, "_wandb": {"runtime": 70}}