{"reward": 9.554243266582489, "episode": 249, "_timestamp": 1721259315.8401191, "epsilon": 0.07641718596049724, "_runtime": 1312.6606621742249, "_step": 249, "mean_reward": 9.280858993530273, "_wandb": {"runtime": 1312}, "sum_of_rewards": 8.861079770207406}