{"reward": 9.131482005119324, "episode": 249, "_timestamp": 1721236952.216158, "epsilon": 0.05000000019610828, "mean_reward": 8.971002578735352, "_runtime": 831.305083990097, "_step": 249, "_wandb": {"runtime": 830}, "sum_of_rewards": 8.966252408789265}