{"reward": 6.91434508562088, "_timestamp": 1721224496.9088058, "_runtime": 191.07453083992004, "_step": 47, "epsilon": 0.2354797458712668, "mean_reward": 7.000718116760254, "_wandb": {"runtime": 191}}