{"action": 5, "_timestamp": 1721654096.823437, "_runtime": 95.22644805908203, "_step": 154806, "_wandb": {"runtime": 94}}