{"reward": 9.663871943950653, "episode": 649, "_timestamp": 1721276798.304366, "epsilon": 0.05, "_runtime": 3429.128385066986, "_step": 649, "mean_reward": 9.38736343383789, "_wandb": {"runtime": 3428}, "sum_of_rewards": 9.08800919326452}