{"reward": 9.629076659679413, "episode": 649, "_timestamp": 1721586107.345686, "epsilon": 0.05, "_runtime": 2732.6261990070343, "_step": 649, "mean_reward_value": 9.465092658996582, "_wandb": {"runtime": 2732}, "last_mean_reward": 9.465092658996582, "sum_of_rewards": 9.34337043289955}