{"reward": 8.665681898593903, "_timestamp": 1721229400.485721, "_runtime": 4619.833905220032, "_step": 749, "epsilon": 0.051415159295648154, "mean_reward": 8.293270111083984, "gradients/fc2.weight": {"_type": "histogram", "values": [1.0, 0.0, 0.0, 0.0, 1.0, 0.0, 0.0, 0.0, 0.0, 0.0, 0.0, 0.0, 0.0, 0.0, 0.0, 1.0, 0.0, 0.0, 0.0, 0.0, 0.0, 0.0, 0.0, 0.0, 0.0, 0.0, 0.0, 0.0, 1.0, 1.0, 1.0, 1.0, 1.0, 0.0, 0.0, 659.0, 0.0, 1.0, 0.0, 0.0, 0.0, 0.0, 0.0, 0.0, 0.0, 0.0, 0.0, 0.0, 1.0, 1.0, 0.0, 1.0, 0.0, 0.0, 0.0, 0.0, 0.0, 0.0, 0.0, 0.0, 0.0, 0.0, 0.0, 1.0], "bins": [-0.0618029460310936, -0.06006406247615814, -0.05832517892122269, -0.05658629164099693, -0.05484740808606148, -0.05310852453112602, -0.05136963725090027, -0.04963075369596481, -0.04789187014102936, -0.0461529865860939, -0.04441410303115845, -0.042675215750932693, -0.04093633219599724, -0.03919744864106178, -0.03745856136083603, -0.035719677805900574, -0.03398079425096512, -0.03224191069602966, -0.03050302527844906, -0.028764139860868454, -0.027025256305933, -0.025286372750997543, -0.02354748733341694, -0.021808601915836334, -0.02006971836090088, -0.018330834805965424, -0.01659194938838482, -0.014853064902126789, -0.01311418041586876, -0.01137529592961073, -0.0096364114433527, -0.00789752695709467, -0.006158642470836639, -0.0044197579845786095, -0.0026808734983205795, -0.0009419890120625496, 0.0007968954741954803, 0.0025357799604535103, 0.00427466444671154, 0.00601354893296957, 0.0077524334192276, 0.00949131790548563, 0.01123020239174366, 0.01296908687800169, 0.01470797136425972, 0.016446854919195175, 0.01818574033677578, 0.019924625754356384, 0.02166350930929184, 0.023402392864227295, 0.0251412782818079, 0.026880163699388504, 0.02861904725432396, 0.030357930809259415, 0.03209681808948517, 0.033835701644420624, 0.03557458519935608, 0.037313468754291534, 0.03905235230922699, 0.040791239589452744, 0.0425301231443882, 0.044269006699323654, 0.04600789397954941, 0.04774677753448486, 0.04948566108942032]}, "gradients/fc2.bias": {"_type": "histogram", "values": [1.0, 0.0, 0.0, 0.0, 1.0, 0.0, 0.0, 0.0, 0.0, 0.0, 0.0, 0.0, 0.0, 0.0, 0.0, 1.0, 0.0, 0.0, 0.0, 0.0, 0.0, 0.0, 0.0, 0.0, 0.0, 0.0, 0.0, 0.0, 1.0, 1.0, 1.0, 1.0, 1.0, 0.0, 0.0, 8.0, 0.0, 1.0, 0.0, 0.0, 0.0, 0.0, 0.0, 0.0, 0.0, 0.0, 0.0, 0.0, 1.0, 1.0, 0.0, 1.0, 0.0, 0.0, 0.0, 0.0, 0.0, 0.0, 0.0, 0.0, 0.0, 0.0, 0.0, 1.0], "bins": [-0.019514158368110657, -0.018965108320116997, -0.018416060134768486, -0.017867010086774826, -0.017317961901426315, -0.016768911853432655, -0.016219861805438995, -0.015670813620090485, -0.015121763572096825, -0.01457271445542574, -0.014023665338754654, -0.013474615290760994, -0.012925566174089909, -0.012376517057418823, -0.011827467009425163, -0.011278417892754078, -0.010729368776082993, -0.010180319659411907, -0.009631270542740822, -0.009082220494747162, -0.008533171378076077, -0.007984122261404991, -0.0074350726790726185, -0.006886023096740246, -0.0063369739800691605, -0.005787924863398075, -0.0052388752810657024, -0.00468982569873333, -0.004140776582062244, -0.0035917272325605154, -0.0030426778830587864, -0.0024936285335570574, -0.0019445791840553284, -0.0013955298345535994, -0.0008464804850518703, -0.00029743113555014133, 0.0002516182139515877, 0.0008006675634533167, 0.0013497169129550457, 0.0018987662624567747, 0.0024478156119585037, 0.0029968649614602327, 0.0035459143109619617, 0.004094963893294334, 0.00464401300996542, 0.005193062126636505, 0.005742111708968878, 0.0062911612913012505, 0.006840210407972336, 0.007389259524643421, 0.007938308641314507, 0.008487358689308167, 0.009036407805979252, 0.009585456922650337, 0.010134506970643997, 0.010683556087315083, 0.011232605203986168, 0.011781654320657253, 0.012330703437328339, 0.012879753485321999, 0.013428802601993084, 0.01397785171866417, 0.01452690176665783, 0.015075950883328915, 0.015625]}, "gradients/fc1.weight": {"_type": "histogram", "values": [2048.0], "bins": [0.0, 0.0]}, "gradients/fc1.bias": {"_type": "histogram", "values": [1.0, 0.0, 0.0, 0.0, 0.0, 0.0, 0.0, 0.0, 0.0, 0.0, 0.0, 0.0, 0.0, 0.0, 0.0, 0.0, 0.0, 0.0, 0.0, 0.0, 0.0, 0.0, 0.0, 0.0, 0.0, 0.0, 0.0, 0.0, 0.0, 0.0, 0.0, 0.0, 0.0, 0.0, 0.0, 0.0, 0.0, 0.0, 0.0, 0.0, 0.0, 0.0, 0.0, 0.0, 0.0, 0.0, 0.0, 0.0, 0.0, 0.0, 0.0, 0.0, 0.0, 0.0, 0.0, 0.0, 0.0, 0.0, 0.0, 0.0, 0.0, 0.0, 0.0, 31.0], "bins": [-0.01960550621151924, -0.01929917000234127, -0.0189928337931633, -0.01868649758398533, -0.018380161374807358, -0.018073825165629387, -0.017767490819096565, -0.017461154609918594, -0.017154818400740623, -0.016848482191562653, -0.01654214598238468, -0.01623580977320671, -0.01592947356402874, -0.015623137354850769, -0.015316802076995373, -0.015010465867817402, -0.014704129658639431, -0.01439779344946146, -0.01409145724028349, -0.013785121962428093, -0.013478785753250122, -0.013172449544072151, -0.01286611333489418, -0.01255977712571621, -0.012253440916538239, -0.011947105638682842, -0.011640769429504871, -0.0113344332203269, -0.01102809701114893, -0.010721760801970959, -0.010415425524115562, -0.010109089314937592, -0.00980275310575962, -0.00949641689658165, -0.009190080687403679, -0.008883745409548283, -0.008577409200370312, -0.00827107299119234, -0.00796473678201437, -0.007658401038497686, -0.0073520648293197155, -0.007045728620141745, -0.006739392876625061, -0.00643305666744709, -0.006126720458269119, -0.005820384714752436, -0.005514048505574465, -0.005207712762057781, -0.00490137655287981, -0.0045950403437018394, -0.004288704600185156, -0.003982368391007185, -0.0036760324146598577, -0.0033696964383125305, -0.0030633602291345596, -0.0027570242527872324, -0.002450688276439905, -0.002144352300092578, -0.0018380162073299289, -0.0015316801145672798, -0.0012253441382199526, -0.0009190081036649644, -0.0006126720691099763, -0.00030633603455498815, 0.0]}, "gradients/fc_vehicle_count.weight": {"_type": "histogram", "values": [192.0], "bins": [0.0, 0.0]}, "gradients/fc_vehicle_count.bias": {"_type": "histogram", "values": [32.0], "bins": [0.0, 0.0]}, "gradients/fc_occupancy.weight": {"_type": "histogram", "values": [192.0], "bins": [0.0, 0.0]}, "gradients/fc_occupancy.bias": {"_type": "histogram", "values": [32.0], "bins": [0.0, 0.0]}, "_wandb": {"runtime": 4619}}