{"reward": 9.554243266582489, "_timestamp": 1721229861.263903, "_runtime": 5081.030035018921, "_step": 1064, "epsilon": 0.05000000008249926, "mean_reward": 9.304314613342285, "gradients/fc2.weight": {"_type": "histogram", "values": [672.0], "bins": [0.0, 0.0]}, "gradients/fc2.bias": {"_type": "histogram", "values": [1.0, 0.0, 0.0, 0.0, 0.0, 0.0, 0.0, 0.0, 0.0, 0.0, 0.0, 0.0, 0.0, 0.0, 0.0, 0.0, 0.0, 0.0, 0.0, 0.0, 0.0, 0.0, 0.0, 0.0, 0.0, 0.0, 0.0, 0.0, 0.0, 0.0, 0.0, 1.0, 0.0, 1.0, 0.0, 17.0, 0.0, 0.0, 0.0, 0.0, 0.0, 0.0, 0.0, 0.0, 0.0, 0.0, 0.0, 0.0, 0.0, 0.0, 0.0, 0.0, 0.0, 0.0, 0.0, 0.0, 0.0, 0.0, 0.0, 0.0, 0.0, 0.0, 0.0, 1.0], "bins": [-0.005170231685042381, -0.005025801714509726, -0.00488137174397707, -0.004736941773444414, -0.004592511802911758, -0.004448081832379103, -0.004303651861846447, -0.004159221891313791, -0.0040147919207811356, -0.003870361717417836, -0.0037259317468851805, -0.0035815017763525248, -0.0034370715729892254, -0.0032926416024565697, -0.003148211631923914, -0.0030037816613912582, -0.0028593516908586025, -0.002714921720325947, -0.002570491749793291, -0.0024260617792606354, -0.0022816318087279797, -0.0021372016053646803, -0.0019927716348320246, -0.0018483416642993689, -0.0017039116937667131, -0.0015594817232340574, -0.0014150517527014017, -0.0012706216657534242, -0.0011261916952207685, -0.0009817617246881127, -0.0008373316959477961, -0.0006929016672074795, -0.0005484716966748238, -0.0004040416970383376, -0.0002596116974018514, -0.00011518169776536524, 2.924830187112093e-05, 0.0001736783015076071, 0.0003181083011440933, 0.00046253830078057945, 0.0006069683004170656, 0.0007513982709497213, 0.000895828299690038, 0.0010402583284303546, 0.0011846882989630103, 0.001329118269495666, 0.0014735483564436436, 0.0016179783269762993, 0.001762408297508955, 0.0019068382680416107, 0.0020512682385742664, 0.002195698209106922, 0.002340128179639578, 0.0024845583830028772, 0.002628988353535533, 0.0027734183240681887, 0.0029178482946008444, 0.0030622782651335, 0.003206708235666156, 0.0033511382061988115, 0.003495568409562111, 0.0036399983800947666, 0.0037844283506274223, 0.003928858321160078, 0.004073288291692734]}, "gradients/fc1.weight": {"_type": "histogram", "values": [4096.0], "bins": [0.0, 0.0]}, "gradients/fc1.bias": {"_type": "histogram", "values": [32.0], "bins": [0.0, 0.0]}, "gradients/fc_vehicle_count.weight": {"_type": "histogram", "values": [384.0], "bins": [0.0, 0.0]}, "gradients/fc_vehicle_count.bias": {"_type": "histogram", "values": [64.0], "bins": [0.0, 0.0]}, "gradients/fc_occupancy.weight": {"_type": "histogram", "values": [384.0], "bins": [0.0, 0.0]}, "gradients/fc_occupancy.bias": {"_type": "histogram", "values": [64.0], "bins": [0.0, 0.0]}, "_wandb": {"runtime": 5082}}