{"reward": 9.109951674938202, "episode": 249, "_timestamp": 1721243055.919654, "epsilon": 0.05000000000001954, "_runtime": 1195.3152258396149, "_step": 249, "mean_reward": 9.221434593200684, "_wandb": {"runtime": 1194}, "sum_of_rewards": 9.041233606696128}