{"reward": 8.473879337310791, "_timestamp": 1721224497.685573, "_runtime": 192.11135816574097, "_step": 47, "epsilon": 0.2703979310974265, "mean_reward": 7.871037483215332, "_wandb": {"runtime": 191}}