{"reward": 7.19560644030571, "_timestamp": 1721224489.0337632, "_runtime": 183.30159425735474, "_step": 47, "epsilon": 0.6114858730902684, "mean_reward": 6.931142807006836, "_wandb": {"runtime": 191}}