{"action": 5, "_timestamp": 1721657296.615934, "_runtime": 524.3473420143127, "_step": 4036, "reward": 8.63864180445671, "episode": 271, "epsilon": 0.23273805204751302, "mean_reward_value": 8.597762107849121}