{"reward": 6.270397931337357, "_timestamp": 1721224167.917421, "_runtime": 601.6652901172638, "_step": 317, "epsilon": 0.6570146289616682, "mean_reward": 6.751831531524658, "gradients/fc2.weight": {"_type": "histogram", "values": [1.0, 0.0, 1.0, 0.0, 0.0, 0.0, 0.0, 0.0, 1.0, 0.0, 0.0, 1.0, 0.0, 0.0, 1.0, 0.0, 1.0, 0.0, 1.0, 2.0, 2.0, 4.0, 0.0, 7.0, 4.0, 4.0, 2.0, 2.0, 6.0, 7.0, 5.0, 7.0, 16.0, 12.0, 25.0, 28.0, 472.0, 7.0, 7.0, 3.0, 1.0, 6.0, 2.0, 6.0, 2.0, 2.0, 2.0, 3.0, 3.0, 1.0, 1.0, 2.0, 2.0, 2.0, 2.0, 1.0, 0.0, 1.0, 0.0, 1.0, 0.0, 0.0, 0.0, 3.0], "bins": [-0.10071517527103424, -0.09792220592498779, -0.09512924402952194, -0.0923362746834755, -0.08954331278800964, -0.0867503434419632, -0.08395737409591675, -0.0811644122004509, -0.07837144285440445, -0.075578473508358, -0.07278551161289215, -0.0699925422668457, -0.06719957292079926, -0.0644066110253334, -0.06161364167928696, -0.05882067605853081, -0.05602771043777466, -0.05323474481701851, -0.05044177919626236, -0.04764880985021591, -0.04485584422945976, -0.04206287860870361, -0.039269909262657166, -0.036476943641901016, -0.03368397802114487, -0.030891012400388718, -0.02809804491698742, -0.02530507743358612, -0.02251211181282997, -0.019719146192073822, -0.016926178708672523, -0.0141332121565938, -0.011340238153934479, -0.008547271601855755, -0.005754305049777031, -0.002961338497698307, -0.00016837194561958313, 0.0026245946064591408, 0.005417561158537865, 0.008210527710616589, 0.011003494262695312, 0.013796460814774036, 0.01658942736685276, 0.01938239485025406, 0.022175360471010208, 0.024968326091766357, 0.027761293575167656, 0.030554261058568954, 0.033347226679325104, 0.03614019230008125, 0.0389331579208374, 0.04172612726688385, 0.04451909288764, 0.04731205850839615, 0.050105027854442596, 0.052897993475198746, 0.055690959095954895, 0.058483924716711044, 0.061276890337467194, 0.06406985968351364, 0.06686282157897949, 0.06965579092502594, 0.07244876027107239, 0.07524172216653824, 0.07803469151258469]}, "gradients/fc2.bias": {"_type": "histogram", "values": [1.0, 0.0, 0.0, 0.0, 1.0, 0.0, 0.0, 0.0, 0.0, 0.0, 0.0, 0.0, 0.0, 1.0, 1.0, 1.0, 0.0, 0.0, 0.0, 0.0, 0.0, 1.0, 2.0, 1.0, 0.0, 0.0, 1.0, 0.0, 1.0, 0.0, 1.0, 0.0, 1.0, 0.0, 1.0, 0.0, 0.0, 2.0, 1.0, 0.0, 0.0, 0.0, 0.0, 0.0, 0.0, 0.0, 0.0, 0.0, 0.0, 0.0, 0.0, 0.0, 0.0, 1.0, 1.0, 0.0, 0.0, 0.0, 0.0, 0.0, 1.0, 0.0, 0.0, 1.0], "bins": [-0.022512290626764297, -0.021830078214406967, -0.021147863939404488, -0.020465651527047157, -0.019783437252044678, -0.019101224839687347, -0.018419010564684868, -0.017736798152327538, -0.017054583877325058, -0.016372371464967728, -0.015690159052610397, -0.015007944777607918, -0.014325732365250587, -0.013643519021570683, -0.012961305677890778, -0.012279092334210873, -0.011596878990530968, -0.010914665646851063, -0.010232452303171158, -0.009550238959491253, -0.008868025615811348, -0.008185813203454018, -0.007503599859774113, -0.006821386516094208, -0.006139173172414303, -0.005456959828734398, -0.004774746485054493, -0.004092533607035875, -0.0034103202633559704, -0.0027281069196760654, -0.002045893808826804, -0.001363680581562221, -0.0006814654916524887, 7.477356120944023e-07, 0.0006829609628766775, 0.0013651741901412606, 0.0020473874174058437, 0.0027296007610857487, 0.00341181387193501, 0.004094026982784271, 0.004776240326464176, 0.005458453670144081, 0.006140667013823986, 0.006822879891842604, 0.007505093235522509, 0.008187306113541126, 0.008869519457221031, 0.009551732800900936, 0.010233946144580841, 0.010916159488260746, 0.011598372831940651, 0.012280586175620556, 0.01296279951930046, 0.013645011931657791, 0.014327225275337696, 0.015009438619017601, 0.01569165289402008, 0.01637386530637741, 0.01705607771873474, 0.01773829199373722, 0.01842050440609455, 0.01910271868109703, 0.01978493109345436, 0.02046714536845684, 0.02114935778081417]}, "gradients/fc1.weight": {"_type": "histogram", "values": [1.0, 0.0, 0.0, 0.0, 0.0, 0.0, 0.0, 1.0, 0.0, 1.0, 1.0, 1.0, 0.0, 0.0, 0.0, 1.0, 1.0, 1.0, 4.0, 3.0, 1.0, 5.0, 1.0, 2.0, 2.0, 0.0, 0.0, 4.0, 2.0, 3.0, 4.0, 9.0, 10.0, 4.0, 9.0, 14.0, 24.0, 20.0, 857.0, 10.0, 7.0, 5.0, 3.0, 2.0, 2.0, 2.0, 1.0, 1.0, 0.0, 1.0, 0.0, 0.0, 0.0, 0.0, 1.0, 0.0, 0.0, 0.0, 1.0, 0.0, 0.0, 0.0, 1.0, 1.0], "bins": [-0.09914430230855942, -0.09657338261604309, -0.09400245547294617, -0.09143153578042984, -0.08886061608791351, -0.08628968894481659, -0.08371876925230026, -0.08114784210920334, -0.07857692241668701, -0.07600600272417068, -0.07343507558107376, -0.07086415588855743, -0.06829322874546051, -0.06572230905294418, -0.06315138936042786, -0.06058046594262123, -0.058009542524814606, -0.05543861910700798, -0.052867695689201355, -0.05029677599668503, -0.0477258525788784, -0.04515492916107178, -0.04258400946855545, -0.040013086050748825, -0.0374421626329422, -0.034871239215135574, -0.03230031579732895, -0.029729396104812622, -0.027158472687005997, -0.02458754926919937, -0.022016627714037895, -0.01944570615887642, -0.016874782741069794, -0.014303860254585743, -0.011732937768101692, -0.009162015281617641, -0.006591092795133591, -0.00402017030864954, -0.0014492478221654892, 0.0011216746643185616, 0.0036925971508026123, 0.006263519637286663, 0.008834442123770714, 0.011405364610254765, 0.013976287096738815, 0.01654721051454544, 0.019118132069706917, 0.021689053624868393, 0.02425997704267502, 0.026830900460481644, 0.02940182201564312, 0.031972743570804596, 0.03454366698861122, 0.03711459040641785, 0.039685510098934174, 0.0422564335167408, 0.044827356934547424, 0.04739828035235405, 0.049969203770160675, 0.052540123462677, 0.05511104688048363, 0.05768197029829025, 0.06025288999080658, 0.0628238171339035, 0.06539473682641983]}, "gradients/fc1.bias": {"_type": "histogram", "values": [1.0, 1.0, 0.0, 0.0, 0.0, 0.0, 0.0, 0.0, 0.0, 0.0, 0.0, 0.0, 0.0, 0.0, 0.0, 0.0, 0.0, 0.0, 0.0, 2.0, 1.0, 0.0, 0.0, 0.0, 1.0, 1.0, 0.0, 0.0, 1.0, 0.0, 1.0, 0.0, 0.0, 0.0, 0.0, 1.0, 0.0, 0.0, 2.0, 0.0, 0.0, 1.0, 0.0, 0.0, 18.0, 0.0, 0.0, 0.0, 0.0, 0.0, 0.0, 0.0, 0.0, 0.0, 0.0, 0.0, 0.0, 0.0, 0.0, 0.0, 0.0, 0.0, 0.0, 1.0], "bins": [-0.010544374585151672, -0.01030595600605011, -0.010067537426948547, -0.009829118847846985, -0.009590700268745422, -0.00935228168964386, -0.009113863110542297, -0.00887544360011816, -0.008637025021016598, -0.008398606441915035, -0.008160187862813473, -0.00792176928371191, -0.007683350704610348, -0.007444932125508785, -0.007206513546407223, -0.00696809496730566, -0.006729676388204098, -0.006491257343441248, -0.0062528387643396854, -0.006014420185238123, -0.0057760016061365604, -0.005537583027034998, -0.0052991644479334354, -0.005060745403170586, -0.004822326824069023, -0.004583908244967461, -0.004345489665865898, -0.004107071086764336, -0.0038686522748321295, -0.003630233695730567, -0.0033918151166290045, -0.0031533963046967983, -0.002914977725595236, -0.0026765591464936733, -0.002438140334561467, -0.0021997217554599047, -0.001961303176358342, -0.0017228844808414578, -0.0014844657853245735, -0.001246047206223011, -0.0010076285107061267, -0.0007692098733969033, -0.0005307912360876799, -0.00029237254057079554, -5.395390326157212e-05, 0.00018446474859956652, 0.00042288340046070516, 0.000661302066873759, 0.0008997207041829824, 0.0011381393996998668, 0.0013765579788014293, 0.0016149766743183136, 0.001853395253419876, 0.0020918140653520823, 0.0023302326444536448, 0.0025686512235552073, 0.0028070700354874134, 0.003045488614588976, 0.0032839071936905384, 0.003522325772792101, 0.003760744584724307, 0.003999163396656513, 0.004237581975758076, 0.004476000554859638, 0.004714419133961201]}, "gradients/fc_vehicle_count.weight": {"_type": "histogram", "values": [1.0, 0.0, 0.0, 0.0, 0.0, 0.0, 0.0, 0.0, 0.0, 0.0, 0.0, 0.0, 0.0, 0.0, 0.0, 0.0, 0.0, 0.0, 0.0, 1.0, 0.0, 0.0, 0.0, 0.0, 0.0, 0.0, 2.0, 2.0, 3.0, 1.0, 0.0, 0.0, 1.0, 0.0, 1.0, 1.0, 0.0, 1.0, 1.0, 1.0, 0.0, 1.0, 1.0, 74.0, 0.0, 0.0, 0.0, 0.0, 2.0, 0.0, 1.0, 0.0, 0.0, 0.0, 0.0, 0.0, 0.0, 0.0, 0.0, 0.0, 0.0, 0.0, 0.0, 1.0],