{"reward": 9.195305287837982, "episode": 399, "_timestamp": 1721258983.0795012, "epsilon": 0.050020288701949474, "_runtime": 2048.472664117813, "_step": 399, "mean_reward": 8.2593412399292, "_wandb": {"runtime": 2047}, "sum_of_rewards": 8.407837577015162}