{"reward": 9.419751346111298, "episode": 399, "_timestamp": 1721242494.432294, "epsilon": 0.05, "_runtime": 1909.3839349746704, "_step": 399, "mean_reward": 9.267716407775879, "_wandb": {"runtime": 1909}, "sum_of_rewards": 9.120072685852646}