{"reward": 8.88784721493721, "episode": 449, "_timestamp": 1721280202.8085299, "epsilon": 0.05, "_runtime": 2328.723087787628, "_step": 449, "mean_reward": 9.299007415771484, "_wandb": {"runtime": 2327}, "sum_of_rewards": 9.237786140706804}