{"reward": 9.030685395002365, "episode": 346, "_timestamp": 1721261184.1362188, "epsilon": 0.05, "_runtime": 1921.7711737155914, "_step": 346, "mean_reward": 9.40090560913086, "_wandb": {"runtime": 1925}}