{"reward": 9.554243266582489, "episode": 749, "_timestamp": 1721296846.334569, "epsilon": 0.05, "_runtime": 4337.2850930690765, "_step": 749, "mean_reward": 9.380163192749023, "_wandb": {"runtime": 4336}, "sum_of_rewards": 9.340969023545583}