{"reward": 9.540570557117462, "episode": 249, "_timestamp": 1721247469.7363222, "epsilon": 0.05000000000005038, "_runtime": 1227.9488282203674, "_step": 249, "mean_reward": 9.022452354431152, "_wandb": {"runtime": 1227}, "sum_of_rewards": 8.662644852638245}