{"action": 10, "_timestamp": 1721654376.540855, "_runtime": 193.98793387413025, "_step": 1131, "_wandb": {"runtime": 193}}