{"reward": 9.27820509672165, "episode": 49, "_timestamp": 1721233618.681247, "epsilon": 0.05, "mean_reward": 8.53683090209961, "_runtime": 101.11613202095032, "_step": 49, "_wandb": {"runtime": 100}, "sum_of_rewards": 8.343343756496907}