{"reward": 9.013556599617004, "episode": 399, "_timestamp": 1721248182.887372, "epsilon": 0.050014208131239406, "_runtime": 1939.5321280956268, "_step": 399, "mean_reward": 8.709056854248047, "_wandb": {"runtime": 1938}, "sum_of_rewards": 8.277682380303741}