{"reward": 9.100939393043518, "episode": 749, "_timestamp": 1721308392.465249, "epsilon": 0.05, "_runtime": 4035.6194801330566, "_step": 749, "mean_reward": 9.391312599182129, "_wandb": {"runtime": 4035}, "sum_of_rewards": 9.30834839216868}