{"reward": 40.92200291156769, "_timestamp": 1721221054.095849, "_runtime": 575.4530799388885, "_step": 21, "epsilon": 0.4501461188152551}