{"reward": 9.554243266582489, "episode": 399, "_timestamp": 1721250251.009307, "epsilon": 0.05000000000850659, "_runtime": 2017.0780339241028, "_step": 399, "mean_reward": 9.39830493927002, "_wandb": {"runtime": 2016}, "sum_of_rewards": 9.293600479662418}