{"reward": 5.731965363025665, "_timestamp": 1721224700.5314188, "_runtime": 42.16905975341797, "_step": 2, "epsilon": 0.2766670082822651, "mean_reward": 5.7319655418396, "_wandb": {"runtime": 49}}