{"reward": 9.03494679927826, "episode": 399, "_timestamp": 1721237494.458573, "epsilon": 0.05000166722380645, "mean_reward": 9.059863090515137, "_runtime": 1432.5910630226135, "_step": 399, "_wandb": {"runtime": 1432}, "sum_of_rewards": 8.81546177140304}