{"reward": 3.9950908422470093, "episode": 29, "_timestamp": 1721230501.6255648, "epsilon": 0.05200799966123826, "mean_reward": 6.645452976226807, "_runtime": 60.084651708602905, "_step": 29, "_wandb": {"runtime": 59}}