{"reward": 9.171719521284103, "episode": 134, "_timestamp": 1721579441.7630908, "epsilon": 0.05023675242060808, "_runtime": 301.65293192863464, "_step": 134, "mean_reward": 9.24447250366211}