{"reward": 9.554243266582489, "_timestamp": 1721229420.7726521, "_runtime": 4631.800261259079, "_step": 749, "epsilon": 0.08394131134583477, "mean_reward": 9.003024101257324, "gradients/fc2.weight": {"_type": "histogram", "values": [1.0, 0.0, 0.0, 0.0, 0.0, 0.0, 0.0, 1.0, 0.0, 0.0, 0.0, 0.0, 0.0, 0.0, 0.0, 0.0, 0.0, 0.0, 0.0, 0.0, 0.0, 0.0, 0.0, 0.0, 1.0, 0.0, 1.0, 0.0, 1.0, 0.0, 0.0, 0.0, 1.0, 0.0, 0.0, 0.0, 0.0, 1.0, 1.0, 1.0, 0.0, 1.0, 0.0, 0.0, 1.0, 6.0, 3.0, 0.0, 1.0, 0.0, 1.0, 0.0, 648.0, 0.0, 0.0, 0.0, 0.0, 0.0, 0.0, 0.0, 0.0, 0.0, 0.0, 2.0], "bins": [-0.00860107596963644, -0.008437554351985455, -0.008274032734334469, -0.008110511116683483, -0.007946989499032497, -0.007783467415720224, -0.007619945798069239, -0.007456424180418253, -0.007292902562767267, -0.0071293809451162815, -0.0069658588618040085, -0.006802337244153023, -0.006638815626502037, -0.006475294008851051, -0.006311772391200066, -0.00614825077354908, -0.005984729155898094, -0.005821207072585821, -0.0056576854549348354, -0.00549416383728385, -0.005330642219632864, -0.005167120601981878, -0.0050035989843308926, -0.0048400769010186195, -0.004676555283367634, -0.004513033665716648, -0.004349512048065662, -0.004185990430414677, -0.004022468812763691, -0.0038589469622820616, -0.003695425344631076, -0.0035319034941494465, -0.0033683814108371735, -0.0032048597931861877, -0.003041338175535202, -0.0028778165578842163, -0.002714294707402587, -0.0025507730897516012, -0.0023872514721006155, -0.002223729621618986, -0.0020602080039680004, -0.0018966862699016929, -0.0017331646522507071, -0.0015696429181843996, -0.0014061213005334139, -0.0012425995664671063, -0.0010790778324007988, -0.0009155561565421522, -0.0007520344806835055, -0.0005885128048248589, -0.0004249910998623818, -0.00026146939489990473, -9.79477190412581e-05, 6.557397136930376e-05, 0.00022909566177986562, 0.0003926173667423427, 0.0005561390426009893, 0.000719660718459636, 0.0008831823943182826, 0.0010467041283845901, 0.0012102257460355759, 0.0013737474801018834, 0.001537269214168191, 0.0017007908318191767, 0.0018643125658854842]}, "gradients/fc2.bias": {"_type": "histogram", "values": [1.0, 0.0, 0.0, 0.0, 0.0, 0.0, 0.0, 0.0, 0.0, 0.0, 0.0, 0.0, 0.0, 0.0, 0.0, 0.0, 0.0, 0.0, 0.0, 0.0, 0.0, 0.0, 0.0, 0.0, 0.0, 0.0, 0.0, 0.0, 0.0, 0.0, 0.0, 0.0, 1.0, 0.0, 1.0, 0.0, 0.0, 0.0, 0.0, 0.0, 0.0, 0.0, 1.0, 0.0, 0.0, 0.0, 0.0, 0.0, 1.0, 1.0, 1.0, 0.0, 0.0, 1.0, 1.0, 2.0, 0.0, 0.0, 0.0, 9.0, 0.0, 0.0, 0.0, 1.0], "bins": [-0.03691556304693222, -0.03629135340452194, -0.035667143762111664, -0.03504293039441109, -0.03441872075200081, -0.03379451110959053, -0.03317030146718025, -0.032546088099479675, -0.0319218784570694, -0.03129766881465912, -0.03067345917224884, -0.030049247667193413, -0.029425038024783134, -0.028800826519727707, -0.02817661687731743, -0.027552405372262, -0.026928195729851723, -0.026303986087441444, -0.025679774582386017, -0.02505556493997574, -0.02443135343492031, -0.023807143792510033, -0.023182932287454605, -0.022558722645044327, -0.02193451300263405, -0.02131030149757862, -0.020686091855168343, -0.020061880350112915, -0.019437670707702637, -0.01881345920264721, -0.01818924956023693, -0.017565038055181503, -0.016940828412771225, -0.016316618770360947, -0.01569240726530552, -0.015068196691572666, -0.014443986117839813, -0.013819776475429535, -0.013195565901696682, -0.012571355327963829, -0.011947144754230976, -0.011322934180498123, -0.01069872360676527, -0.010074513033032417, -0.009450303390622139, -0.008826092816889286, -0.008201882243156433, -0.00757767166942358, -0.006953461095690727, -0.006329250521957874, -0.005705039948225021, -0.005080829840153456, -0.004456619266420603, -0.00383240869268775, -0.0032081983517855406, -0.0025839880108833313, -0.0019597774371504784, -0.0013355669798329473, -0.0007113565225154161, -8.714606519788504e-05, 0.0005370643921196461, 0.0011612748494371772, 0.0017854853067547083, 0.0024096956476569176, 0.0030339062213897705]}, "gradients/fc1.weight": {"_type": "histogram", "values": [1.0, 0.0, 0.0, 0.0, 0.0, 0.0, 0.0, 0.0, 0.0, 0.0, 0.0, 0.0, 0.0, 0.0, 0.0, 0.0, 0.0, 0.0, 0.0, 0.0, 0.0, 0.0, 0.0, 0.0, 1.0, 0.0, 0.0, 0.0, 0.0, 0.0, 0.0, 0.0, 0.0, 0.0, 0.0, 0.0, 0.0, 0.0, 0.0, 0.0, 1.0, 0.0, 0.0, 0.0, 0.0, 0.0, 0.0, 0.0, 2.0, 1018.0, 0.0, 0.0, 0.0, 0.0, 0.0, 0.0, 0.0, 0.0, 0.0, 0.0, 0.0, 0.0, 0.0, 1.0], "bins": [-0.00899516697973013, -0.00881342776119709, -0.008631688542664051, -0.008449949324131012, -0.008268210105597973, -0.00808646995574236, -0.00790473073720932, -0.007722991518676281, -0.007541252300143242, -0.007359513081610203, -0.007177773863077164, -0.006996034644544125, -0.006814294960349798, -0.006632555741816759, -0.00645081652328372, -0.006269077304750681, -0.0060873376205563545, -0.005905598402023315, -0.005723859183490276, -0.005542119964957237, -0.005360380746424198, -0.005178641062229872, -0.004996901843696833, -0.0048151626251637936, -0.0046334234066307545, -0.004451684188097715, -0.004269944503903389, -0.00408820528537035, -0.003906466066837311, -0.003724726615473628, -0.003542987396940589, -0.003361247945576906, -0.003179508727043867, -0.002997769508510828, -0.0028160300571471453, -0.002634290838614106, -0.0024525513872504234, -0.0022708121687173843, -0.0020890727173537016, -0.0019073334988206625, -0.0017255941638723016, -0.0015438548289239407, -0.0013621154939755797, -0.0011803761590272188, -0.0009986369404941797, -0.0008168975473381579, -0.0006351582705974579, -0.00045341893564909697, -0.00027167960070073605, -8.994028030429035e-05, 9.179904009215534e-05, 0.0002735383459366858, 0.0004552776808850467, 0.0006370170158334076, 0.0008187562925741076, 0.0010004956275224686, 0.0011822349624708295, 0.0013639742974191904, 0.0015457136323675513, 0.0017274529673159122, 0.0019091921858489513, 0.002090931637212634, 0.002272670855745673, 0.002454410307109356, 0.002636149525642395]}, "gradients/fc1.bias": {"_type": "histogram", "values": [1.0, 0.0, 0.0, 0.0, 0.0, 0.0, 0.0, 0.0, 0.0, 0.0, 0.0, 0.0, 0.0, 0.0, 0.0, 0.0, 0.0, 0.0, 0.0, 0.0, 0.0, 0.0, 0.0, 0.0, 0.0, 0.0, 0.0, 0.0, 0.0, 0.0, 0.0, 0.0, 0.0, 0.0, 0.0, 0.0, 0.0, 0.0, 0.0, 0.0, 0.0, 0.0, 0.0, 0.0, 0.0, 0.0, 0.0, 0.0, 0.0, 1.0, 0.0, 0.0, 0.0, 0.0, 0.0, 0.0, 0.0, 0.0, 0.0, 0.0, 0.0, 0.0, 0.0, 30.0], "bins": [-0.014694269746541977, -0.014464671723544598, -0.014235073700547218, -0.014005475677549839, -0.01377587765455246, -0.01354627963155508, -0.013316681608557701, -0.013087083585560322, -0.012857485562562943, -0.012627888470888138, -0.012398290447890759, -0.01216869242489338, -0.011939094401896, -0.01170949637889862, -0.011479898355901241, -0.011250300332903862, -0.011020702309906483, -0.010791104286909103, -0.010561506263911724, -0.010331908240914345, -0.010102310217916965, -0.009872712194919586, -0.009643114171922207, -0.009413516148924828, -0.009183919057250023, -0.008954321034252644, -0.008724723011255264, -0.008495124988257885, -0.008265526965260506, -0.008035928942263126, -0.007806330919265747, -0.007576732896268368, -0.0073471348732709885, -0.007117536850273609, -0.00688793882727623, -0.0066583408042788506, -0.006428742781281471, -0.006199145223945379, -0.005969547200948, -0.005739949177950621, -0.005510351154953241, -0.005280753131955862, -0.005051155108958483, -0.0048215570859611034, -0.0045919595286250114, -0.004362361505627632, -0.004132763482630253, -0.0039031654596328735, -0.0036735674366354942, -0.003443969413638115, -0.0032143713906407356, -0.002984773600474, -0.0027551755774766207, -0.0025255775544792414, -0.0022959797643125057, -0.0020663817413151264, -0.0018367837183177471, -0.0016071856953203678, -0.0013775877887383103, -0.0011479898821562529, -0.0009183918591588736, -0.0006887938943691552, -0.0004591959295794368, -0.0002295979647897184, 0.0]}, "gradients/fc_vehicle_count.weight": {"_type": "histogram",