{"reward": 9.650885701179504, "episode": 59, "_timestamp": 1721233110.077847, "epsilon": 0.05000000002568639, "mean_reward": 8.373506546020508, "_runtime": 128.7010509967804, "_step": 59, "_wandb": {"runtime": 128}, "sum_of_rewards": 8.374914877936243}