{"reward": 9.05791187286377, "episode": 39, "_timestamp": 1721261186.4399738, "epsilon": 0.05080087928996941, "_runtime": 215.79012084007263, "_step": 39, "mean_reward": 8.678170204162598, "_wandb": {"runtime": 217}}