{"reward": 9.487995982170105, "_timestamp": 1721229389.282558, "_runtime": 4609.673938989639, "_step": 749, "epsilon": 0.0500002780926005, "mean_reward": 9.219538688659668, "gradients/fc2.weight": {"_type": "histogram", "values": [1.0, 0.0, 0.0, 0.0, 0.0, 0.0, 0.0, 0.0, 0.0, 0.0, 0.0, 0.0, 0.0, 0.0, 0.0, 0.0, 0.0, 0.0, 0.0, 0.0, 0.0, 0.0, 0.0, 0.0, 0.0, 0.0, 0.0, 0.0, 0.0, 0.0, 0.0, 0.0, 0.0, 0.0, 1.0, 0.0, 1.0, 0.0, 1.0, 0.0, 0.0, 1.0, 1.0, 1.0, 1.0, 0.0, 1.0, 0.0, 2.0, 4.0, 1.0, 10.0, 1313.0, 0.0, 2.0, 1.0, 0.0, 0.0, 0.0, 0.0, 1.0, 0.0, 0.0, 1.0], "bins": [-0.0023526169825345278, -0.0023074413184076548, -0.002262265421450138, -0.002217089757323265, -0.0021719138603657484, -0.0021267381962388754, -0.0020815622992813587, -0.0020363866351544857, -0.0019912109710276127, -0.001946035074070096, -0.0019008592935279012, -0.0018556835129857063, -0.0018105078488588333, -0.0017653320683166385, -0.0017201562877744436, -0.0016749805072322488, -0.001629804726690054, -0.001584628946147859, -0.0015394531656056643, -0.0014942773850634694, -0.0014491016045212746, -0.0014039259403944016, -0.0013587501598522067, -0.0013135743793100119, -0.001268398598767817, -0.0012232228182256222, -0.0011780470376834273, -0.0011328712571412325, -0.0010876955930143595, -0.0010425198124721646, -0.0009973440319299698, -0.0009521682513877749, -0.000906992529053241, -0.0008618167485110462, -0.0008166410261765122, -0.0007714652456343174, -0.0007262894650921226, -0.0006811136845499277, -0.0006359379040077329, -0.0005907621816731989, -0.0005455864011310041, -0.0005004106205888093, -0.00045523486915044487, -0.0004100591177120805, -0.00036488333716988564, -0.0003197075566276908, -0.0002745318051893264, -0.0002293560391990468, -0.00018418027320876718, -0.00013900450721848756, -9.382874122820795e-05, -4.865297523792833e-05, -3.477209247648716e-06, 4.16985567426309e-05, 8.687432273291051e-05, 0.00013205008872319013, 0.00017722585471346974, 0.00022240162070374936, 0.000267577386694029, 0.00031275313813239336, 0.0003579289186745882, 0.00040310469921678305, 0.00044828045065514743, 0.0004934562020935118, 0.0005386319826357067]}, "gradients/fc2.bias": {"_type": "histogram", "values": [1.0, 0.0, 0.0, 0.0, 0.0, 0.0, 0.0, 0.0, 0.0, 0.0, 0.0, 0.0, 0.0, 0.0, 0.0, 0.0, 0.0, 0.0, 0.0, 0.0, 0.0, 0.0, 0.0, 0.0, 0.0, 0.0, 0.0, 0.0, 0.0, 0.0, 0.0, 0.0, 0.0, 0.0, 1.0, 0.0, 0.0, 0.0, 1.0, 0.0, 0.0, 1.0, 1.0, 1.0, 1.0, 0.0, 0.0, 0.0, 0.0, 1.0, 1.0, 4.0, 5.0, 0.0, 1.0, 0.0, 0.0, 0.0, 0.0, 0.0, 1.0, 0.0, 0.0, 1.0], "bins": [-0.018304388970136642, -0.017952902242541313, -0.017601415514945984, -0.017249926924705505, -0.016898440197110176, -0.016546953469514847, -0.01619546487927437, -0.01584397815167904, -0.01549249142408371, -0.01514100469648838, -0.014789517037570477, -0.014438029378652573, -0.014086542651057243, -0.013735055923461914, -0.01338356826454401, -0.013032080605626106, -0.012680593878030777, -0.012329107150435448, -0.011977619491517544, -0.01162613183259964, -0.01127464510500431, -0.010923158377408981, -0.010571670718491077, -0.010220183059573174, -0.009868696331977844, -0.009517209604382515, -0.009165721945464611, -0.008814234286546707, -0.008462747558951378, -0.008111260831356049, -0.007759773172438145, -0.007408285979181528, -0.007056797854602337, -0.00670531066134572, -0.006353823468089104, -0.006002336274832487, -0.0056508490815758705, -0.005299361888319254, -0.004947874695062637, -0.004596387501806021, -0.004244900308549404, -0.0038934131152927876, -0.003541925922036171, -0.0031904387287795544, -0.0028389515355229378, -0.002487464342266321, -0.0021359771490097046, -0.001784489955753088, -0.0014330027624964714, -0.0010815155692398548, -0.0007300283759832382, -0.00037854118272662163, -2.7053989470005035e-05, 0.00032443320378661156, 0.0006759203970432281, 0.0010274075902998447, 0.0013788947835564613, 0.001730381976813078, 0.0020818691700696945, 0.002433356363326311, 0.0027848435565829277, 0.0031363307498395443, 0.003487817943096161, 0.0038393051363527775, 0.004190792329609394]}, "gradients/fc1.weight": {"_type": "histogram", "values": [4096.0], "bins": [0.0, 0.0]}, "gradients/fc1.bias": {"_type": "histogram", "values": [1.0, 0.0, 0.0, 0.0, 0.0, 0.0, 0.0, 0.0, 0.0, 0.0, 0.0, 1.0, 0.0, 0.0, 0.0, 0.0, 0.0, 0.0, 0.0, 0.0, 0.0, 0.0, 0.0, 0.0, 0.0, 0.0, 0.0, 0.0, 0.0, 0.0, 0.0, 0.0, 0.0, 0.0, 0.0, 0.0, 0.0, 0.0, 0.0, 0.0, 0.0, 0.0, 0.0, 0.0, 0.0, 0.0, 0.0, 0.0, 0.0, 0.0, 0.0, 0.0, 0.0, 0.0, 0.0, 0.0, 0.0, 0.0, 0.0, 0.0, 0.0, 0.0, 0.0, 62.0], "bins": [-0.002920099999755621, -0.0028744733426719904, -0.0028288469184190035, -0.002783220261335373, -0.002737593837082386, -0.0026919671799987555, -0.002646340522915125, -0.002600714098662138, -0.0025550874415785074, -0.0025094610173255205, -0.00246383436024189, -0.0024182077031582594, -0.0023725812789052725, -0.002326954621821642, -0.002281328197568655, -0.0022357015404850245, -0.002190074883401394, -0.002144448459148407, -0.0020988218020647764, -0.0020531953778117895, -0.002007568720728159, -0.001961942296475172, -0.0019163156393915415, -0.0018706890987232327, -0.001825062558054924, -0.0017794359009712934, -0.0017338093603029847, -0.001688182819634676, -0.0016425562789663672, -0.0015969297382980585, -0.001551303081214428, -0.0015056765405461192, -0.0014600499998778105, -0.0014144234592095017, -0.001368796918541193, -0.0013231702614575624, -0.0012775437207892537, -0.001231917180120945, -0.0011862906394526362, -0.0011406640987843275, -0.001095037441700697, -0.0010494109010323882, -0.0010037843603640795, -0.0009581578196957707, -0.000912531279027462, -0.0008669046801514924, -0.0008212781394831836, -0.000775651540607214, -0.0007300249999389052, -0.0006843984592705965, -0.0006387718603946269, -0.0005931453197263181, -0.0005475187208503485, -0.0005018921801820397, -0.000456265639513731, -0.0004106390697415918, -0.0003650124999694526, -0.00031938593019731343, -0.00027375936042517424, -0.0002281328197568655, -0.0001825062499847263, -0.00013687968021258712, -9.125312499236315e-05, -4.562656249618158e-05, 0.0]}, "gradients/fc_vehicle_count.weight": {"_type": "histogram", "values": [192.0], "bins": [0.0, 0.0]}, "gradients/fc_vehicle_count.bias": {"_type": "histogram", "values": [32.0], "bins": [0.0, 0.0]}, "gradients/fc_occupancy.weight": {"_type": "histogram", "values": [192.0], "bins": [0.0, 0.0]}, "gradients/fc_occupancy.bias": {"_type": "histogram", "values": [32.0], "bins": [0.0, 0.0]}, "_wandb": {"runtime": 4609}}