{"reward": 9.554243266582489, "episode": 649, "_timestamp": 1721282035.138912, "epsilon": 0.05, "_runtime": 3341.1398520469666, "_step": 649, "mean_reward": 9.359582901000977, "_wandb": {"runtime": 3340}, "sum_of_rewards": 9.319891030925971}