{"action": 4, "episode": 165, "_timestamp": 1721653834.252845, "_runtime": 312.3340871334076, "_step": 165, "reward": 9.001306265592575, "epsilon": 0.050038935217072034, "mean_reward_value": 9.387055397033691, "_wandb": {"runtime": 306}}