{"reward": 8.946752667427063, "_timestamp": 1721229326.324472, "_runtime": 4546.001754045486, "_step": 749, "epsilon": 0.05130209745305344, "mean_reward": 8.715462684631348, "gradients/fc2.weight": {"_type": "histogram", "values": [1.0, 0.0, 0.0, 1.0, 2.0, 0.0, 0.0, 1.0, 0.0, 1.0, 0.0, 1.0, 2.0, 4.0, 3.0, 2.0, 6.0, 14.0, 17.0, 2573.0, 20.0, 6.0, 4.0, 4.0, 3.0, 7.0, 3.0, 3.0, 2.0, 0.0, 0.0, 1.0, 1.0, 0.0, 1.0, 1.0, 0.0, 0.0, 0.0, 0.0, 0.0, 1.0, 1.0, 0.0, 0.0, 0.0, 0.0, 0.0, 0.0, 0.0, 0.0, 0.0, 0.0, 1.0, 0.0, 0.0, 0.0, 0.0, 0.0, 0.0, 0.0, 0.0, 0.0, 1.0], "bins": [-0.027227235957980156, -0.025832435116171837, -0.024437636137008667, -0.023042835295200348, -0.02164803445339203, -0.02025323547422886, -0.01885843463242054, -0.01746363565325737, -0.01606883481144905, -0.014674034900963306, -0.013279234990477562, -0.011884434148669243, -0.010489634238183498, -0.009094834327697754, -0.007700033951550722, -0.00630523357540369, -0.004910433664917946, -0.0035156335216015577, -0.0021208333782851696, -0.0007260332349687815, 0.0006687669083476067, 0.002063567051663995, 0.003458367194980383, 0.004853167571127415, 0.006247967481613159, 0.007642767392098904, 0.009037567302584648, 0.010432368144392967, 0.011827168054878712, 0.013221967965364456, 0.014616768807172775, 0.016011567786335945, 0.017406370490789413, 0.018801171332597733, 0.020195970311760902, 0.02159077115356922, 0.02298557013273239, 0.02438037097454071, 0.02577517181634903, 0.0271699707955122, 0.02856477163732052, 0.029959572479128838, 0.03135437145829201, 0.03274917230010033, 0.034143973141908646, 0.035538773983716965, 0.036933571100234985, 0.038328371942043304, 0.039723172783851624, 0.04111797362565994, 0.04251277446746826, 0.04390757158398628, 0.0453023724257946, 0.04669717326760292, 0.04809197410941124, 0.04948677495121956, 0.05088157206773758, 0.0522763729095459, 0.05367117375135422, 0.05506597459316254, 0.056460775434970856, 0.057855576276779175, 0.059250373393297195, 0.060645174235105515, 0.062039975076913834]}, "gradients/fc2.bias": {"_type": "histogram", "values": [1.0, 0.0, 0.0, 0.0, 0.0, 0.0, 0.0, 0.0, 0.0, 0.0, 0.0, 0.0, 2.0, 0.0, 0.0, 0.0, 0.0, 0.0, 0.0, 2.0, 0.0, 0.0, 1.0, 1.0, 2.0, 2.0, 1.0, 0.0, 1.0, 1.0, 1.0, 0.0, 0.0, 1.0, 1.0, 0.0, 0.0, 1.0, 0.0, 0.0, 0.0, 0.0, 0.0, 0.0, 0.0, 1.0, 0.0, 0.0, 0.0, 0.0, 0.0, 1.0, 0.0, 0.0, 0.0, 0.0, 0.0, 0.0, 0.0, 0.0, 0.0, 0.0, 0.0, 1.0], "bins": [-0.012586966156959534, -0.01209578663110733, -0.011604607105255127, -0.011113426648080349, -0.010622247122228146, -0.010131067596375942, -0.009639887139201164, -0.009148707613348961, -0.008657528087496758, -0.008166348561644554, -0.0076751685701310635, -0.007183988578617573, -0.006692809052765369, -0.006201629526913166, -0.005710449535399675, -0.005219269543886185, -0.004728090018033981, -0.004236910492181778, -0.0037457305006682873, -0.0032545507419854403, -0.0027633709833025932, -0.002272191224619746, -0.0017810114659368992, -0.0012898317072540522, -0.0007986519485712051, -0.0003074721898883581, 0.0001837075687944889, 0.0006748873274773359, 0.001166067086160183, 0.00165724684484303, 0.002148426603525877, 0.002639606362208724, 0.003130784258246422, 0.003621964016929269, 0.004113143775612116, 0.0046043237671256065, 0.00509550329297781, 0.005586682818830013, 0.006077862810343504, 0.006569042801856995, 0.007060222327709198, 0.007551401853561401, 0.008042581379413605, 0.008533761836588383, 0.009024941362440586, 0.00951612088829279, 0.010007301345467567, 0.01049848087131977, 0.010989660397171974, 0.011480839923024178, 0.011972019448876381, 0.012463199906051159, 0.012954379431903362, 0.013445558957755566, 0.013936739414930344, 0.014427918940782547, 0.01491909846663475, 0.015410277992486954, 0.015901457518339157, 0.01639263704419136, 0.016883816570043564, 0.017374997958540916, 0.01786617748439312, 0.018357357010245323, 0.018848536536097527]}, "gradients/fc1.weight": {"_type": "histogram", "values": [2.0, 0.0, 0.0, 1.0, 0.0, 0.0, 1.0, 0.0, 0.0, 0.0, 1.0, 0.0, 1.0, 1.0, 1.0, 1.0, 5.0, 1.0, 2.0, 2.0, 4.0, 3.0, 6.0, 10.0, 8094.0, 6.0, 4.0, 6.0, 2.0, 4.0, 1.0, 3.0, 2.0, 0.0, 1.0, 4.0, 3.0, 0.0, 4.0, 1.0, 2.0, 0.0, 0.0, 0.0, 0.0, 0.0, 0.0, 1.0, 2.0, 1.0, 1.0, 3.0, 0.0, 0.0, 1.0, 0.0, 0.0, 0.0, 0.0, 0.0, 0.0, 1.0, 0.0, 3.0], "bins": [-0.01813429407775402, -0.017384005710482597, -0.016633719205856323, -0.0158834308385849, -0.015133144333958626, -0.014382856898009777, -0.013632569462060928, -0.01288228202611208, -0.012131994590163231, -0.011381706222891808, -0.010631418786942959, -0.00988113135099411, -0.009130843915045261, -0.008380556479096413, -0.007630269043147564, -0.006879981607198715, -0.0061296941712498665, -0.005379406735301018, -0.004629119299352169, -0.0038788316305726767, -0.003128544194623828, -0.002378256758674979, -0.0016279692063108087, -0.000877681712154299, -0.00012739421799778938, 0.0006228932761587203, 0.00137318077031523, 0.0021234683226794004, 0.002873755758628249, 0.003624043194577098, 0.00437433086335659, 0.005124618299305439, 0.005874905735254288, 0.0066251931712031364, 0.007375480607151985, 0.008125768043100834, 0.008876055479049683, 0.009626342914998531, 0.01037663035094738, 0.011126917786896229, 0.011877205222845078, 0.0126274935901165, 0.01337778102606535, 0.014128068462014198, 0.014878355897963047, 0.015628643333911896, 0.01637892983853817, 0.017129218205809593, 0.017879504710435867, 0.01862979307770729, 0.019380081444978714, 0.020130367949604988, 0.02088065631687641, 0.021630942821502686, 0.02238123118877411, 0.023131517693400383, 0.023881806060671806, 0.02463209256529808, 0.025382380932569504, 0.026132667437195778, 0.0268829558044672, 0.027633242309093475, 0.0283835306763649, 0.029133817180991173, 0.029884105548262596]}, "gradients/fc1.bias": {"_type": "histogram", "values": [1.0, 0.0, 0.0, 0.0, 0.0, 1.0, 0.0, 0.0, 0.0, 0.0, 0.0, 0.0, 0.0, 0.0, 0.0, 0.0, 0.0, 0.0, 118.0, 0.0, 0.0, 0.0, 0.0, 1.0, 1.0, 0.0, 0.0, 0.0, 1.0, 0.0, 0.0, 0.0, 0.0, 0.0, 0.0, 0.0, 0.0, 0.0, 0.0, 0.0, 0.0, 0.0, 0.0, 3.0, 0.0, 0.0, 0.0, 0.0, 0.0, 0.0, 0.0, 0.0, 0.0, 1.0, 0.0, 0.0, 0.0, 0.0, 0.0, 0.0, 0.0, 0.0, 0.0, 1.0], "bins": [-0.0028710307087749243, -0.0027163552585989237, -0.0025616800412535667, -0.002407004591077566, -0.0022523291409015656, -0.002097653690725565, -0.0019429783569648862, -0.0017883030232042074, -0.0016336275730282068, -0.0014789521228522062, -0.0013242767890915275, -0.0011696014553308487, -0.001014926005154848, -0.0008602506131865084, -0.0007055752212181687, -0.000550899829249829, -0.00039622443728148937, -0.0002415490453131497, -8.687365334481001e-05, 6.780173862352967e-05, 0.00022247713059186935, 0.00037715252256020904, 0.0005318279145285487, 0.0006865033064968884, 0.0008411786984652281, 0.0009958541486412287, 0.0011505294824019074, 0.0013052048161625862, 0.0014598802663385868, 0.0016145557165145874, 0.0017692310502752662, 0.001923906384035945, 0.002078581601381302, 0.0022332570515573025, 0.002387932501733303, 0.00254260771907866, 0.0026972831692546606, 0.002851958619430661, 0.003006633836776018, 0.0031613092869520187, 0.0033159847371280193, 0.00347066018730402, 0.0036253356374800205, 0.0037800108548253775, 0.003934686072170734, 0.004089361522346735, 0.004244036972522736, 0.004398712422698736, 0.004553387872874737, 0.004708063323050737, 0.004862738773226738, 0.005017414223402739, 0.005172089673578739, 0.0053267646580934525, 0.005481440108269453, 0.005636115558445454, 0.005790791008621454, 0.005945466458797455, 0.006100141908973455, 0.006254817359149456, 0.006409492343664169, 0.00656416779384017, 0.0067188432440161705, 0.006873518694192171, 0.007028194144368172]}, "gradients/fc_vehicle_count.weight": {"_type": "histogram", "values": [1.0, 0.0, 0.0, 0.0, 0.0, 0.0, 0.0, 0.0, 0.0, 0.0, 0.0, 0.0, 0.0, 0.0, 1.0, 0.0, 0.0, 0.0, 0.0, 1.0, 0.0, 1.0, 0.0, 0.0, 1.0, 168.0, 0.0, 0.0, 2.0, 0.0, 1.0, 4.0, 2.0, 1.0, 1.0, 1.0, 0.0, 0.0, 0.0, 1.0, 0.0, 0.0, 1.0, 1.0, 0.0, 1.0, 0.0, 1.0, 0.0, 0.0, 0.0, 0.0, 0.0, 0.0, 0.0, 0.0, 1.0, 0.0, 0.0, 0.0, 0.0, 0.0, 0.0, 1.0],