{"reward": 9.599628388881683, "episode": 249, "_timestamp": 1721236065.731863, "epsilon": 0.05, "mean_reward": 9.27216625213623, "_runtime": 769.169205904007, "_step": 249, "_wandb": {"runtime": 768}, "sum_of_rewards": 8.791056136305516}