{"reward": 6.484138906002045, "_timestamp": 1721224698.446073, "_runtime": 61.62283205986023, "_step": 14, "epsilon": 0.39050959180055245, "mean_reward": 6.479016304016113, "_wandb": {"runtime": 70}}