{"reward": 9.416403532028198, "episode": 249, "_timestamp": 1721243069.332163, "epsilon": 0.05000016401084652, "_runtime": 1195.5164320468903, "_step": 249, "mean_reward": 9.208237648010254, "_wandb": {"runtime": 1194}, "sum_of_rewards": 8.950803819537162}