{"reward": 30.347418248653412, "_timestamp": 1721165597.348864, "_runtime": 60.0872700214386, "_step": 5, "epsilon": 0.8849203653666297}