{"reward": 8.979949414730072, "episode": 399, "_timestamp": 1721238003.831061, "epsilon": 0.05, "mean_reward": 8.050546646118164, "_runtime": 1475.5407638549805, "_step": 399, "_wandb": {"runtime": 1475}, "sum_of_rewards": 8.711416194935639}