{"reward": 9.245363473892212, "_timestamp": 1721229858.7989151, "_runtime": 5078.200207233429, "_step": 1091, "epsilon": 0.05001084086466481, "mean_reward": 9.022601127624512, "gradients/fc2.weight": {"_type": "histogram", "values": [2688.0], "bins": [0.0, 0.0]}, "gradients/fc2.bias": {"_type": "histogram", "values": [1.0, 0.0, 0.0, 0.0, 0.0, 1.0, 0.0, 0.0, 0.0, 1.0, 0.0, 0.0, 0.0, 0.0, 1.0, 0.0, 0.0, 0.0, 15.0, 0.0, 0.0, 0.0, 0.0, 0.0, 0.0, 0.0, 1.0, 0.0, 0.0, 0.0, 0.0, 0.0, 0.0, 0.0, 0.0, 0.0, 0.0, 0.0, 0.0, 0.0, 0.0, 0.0, 0.0, 0.0, 0.0, 0.0, 0.0, 0.0, 0.0, 0.0, 0.0, 0.0, 0.0, 0.0, 0.0, 0.0, 0.0, 0.0, 0.0, 0.0, 0.0, 0.0, 0.0, 1.0], "bins": [-0.014371184632182121, -0.013609219342470169, -0.012847253121435642, -0.012085286900401115, -0.011323321610689163, -0.010561356320977211, -0.009799390099942684, -0.009037423878908157, -0.008275458589196205, -0.007513492833822966, -0.006751527078449726, -0.005989561323076487, -0.005227595567703247, -0.0044656298123300076, -0.003703664056956768, -0.0029416983015835285, -0.002179732546210289, -0.0014177667908370495, -0.00065580103546381, 0.00010616471990942955, 0.0008681304752826691, 0.0016300962306559086, 0.002392061986029148, 0.0031540277414023876, 0.003915993496775627, 0.004677959252148867, 0.005439925007522106, 0.006201890762895346, 0.006963856518268585, 0.007725822273641825, 0.008487788029015064, 0.009249754250049591, 0.010011717677116394, 0.010773682966828346, 0.011535649187862873, 0.0122976154088974, 0.013059580698609352, 0.013821545988321304, 0.014583512209355831, 0.015345478430390358, 0.01610744372010231, 0.016869409009814262, 0.017631374299526215, 0.018393341451883316, 0.019155306741595268, 0.01991727203130722, 0.020679239183664322, 0.021441204473376274, 0.022203169763088226, 0.02296513505280018, 0.02372710034251213, 0.024489067494869232, 0.025251032784581184, 0.026012998074293137, 0.026774965226650238, 0.02753693051636219, 0.028298895806074142, 0.029060861095786095, 0.029822826385498047, 0.03058479353785515, 0.03134676069021225, 0.03210872411727905, 0.032870691269636154, 0.03363265469670296, 0.03439462184906006]}, "gradients/fc1.weight": {"_type": "histogram", "values": [4096.0], "bins": [0.0, 0.0]}, "gradients/fc1.bias": {"_type": "histogram", "values": [128.0], "bins": [0.0, 0.0]}, "gradients/fc_vehicle_count.weight": {"_type": "histogram", "values": [96.0], "bins": [0.0, 0.0]}, "gradients/fc_vehicle_count.bias": {"_type": "histogram", "values": [16.0], "bins": [0.0, 0.0]}, "gradients/fc_occupancy.weight": {"_type": "histogram", "values": [96.0], "bins": [0.0, 0.0]}, "gradients/fc_occupancy.bias": {"_type": "histogram", "values": [16.0], "bins": [0.0, 0.0]}, "_wandb": {"runtime": 5082}}