{"reward": 9.04727366566658, "_timestamp": 1721224165.938078, "_runtime": 599.5837738513947, "_step": 317, "epsilon": 0.18198351943329372, "mean_reward": 8.242836952209473, "gradients/fc2.weight": {"_type": "histogram", "values": [1.0, 0.0, 0.0, 1.0, 0.0, 0.0, 0.0, 0.0, 0.0, 0.0, 0.0, 0.0, 1.0, 1.0, 1.0, 2.0, 0.0, 0.0, 1.0, 3.0, 0.0, 2.0, 3.0, 8.0, 10.0, 610.0, 4.0, 4.0, 2.0, 3.0, 2.0, 1.0, 1.0, 1.0, 1.0, 0.0, 1.0, 1.0, 1.0, 2.0, 0.0, 1.0, 0.0, 0.0, 1.0, 0.0, 0.0, 0.0, 0.0, 0.0, 0.0, 0.0, 0.0, 1.0, 0.0, 0.0, 0.0, 0.0, 0.0, 0.0, 0.0, 0.0, 0.0, 1.0], "bins": [-0.0037639099173247814, -0.0036147842183709145, -0.0034656585194170475, -0.0033165328204631805, -0.0031674071215093136, -0.003018281189724803, -0.002869155490770936, -0.002720029791817069, -0.002570904092863202, -0.002421778393909335, -0.002272652694955468, -0.0021235269960016012, -0.0019744010642170906, -0.0018252754816785455, -0.0016761496663093567, -0.0015270239673554897, -0.0013778982684016228, -0.0012287725694477558, -0.0010796468704938889, -0.0009305210551247001, -0.0007813953561708331, -0.0006322696572169662, -0.0004831439000554383, -0.00033401817199774086, -0.00018489244394004345, -3.5766715882346034e-05, 0.00011335901217535138, 0.0002624847402330488, 0.0004116104682907462, 0.0005607361672446132, 0.000709861924406141, 0.0008589876815676689, 0.0010081138461828232, 0.0011572395451366901, 0.001306365244090557, 0.0014554910594597459, 0.0016046167584136128, 0.0017537424573674798, 0.0019028682727366686, 0.0020519939716905355, 0.0022011196706444025, 0.0023502453695982695, 0.0024993710685521364, 0.0026484967675060034, 0.002797622699290514, 0.002946748398244381, 0.003095874097198248, 0.003244999796152115, 0.003394125495105982, 0.003543251194059849, 0.0036923768930137157, 0.0038415025919675827, 0.00399062829092145, 0.004139753989875317, 0.004288879688829184, 0.0044380053877830505, 0.004587131552398205, 0.004736257251352072, 0.004885382950305939, 0.005034508649259806, 0.005183634348213673, 0.00533276004716754, 0.0054818857461214066, 0.0056310114450752735, 0.0057801371440291405]}, "gradients/fc2.bias": {"_type": "histogram", "values": [1.0, 0.0, 1.0, 0.0, 0.0, 0.0, 0.0, 0.0, 0.0, 0.0, 0.0, 0.0, 0.0, 0.0, 0.0, 0.0, 0.0, 0.0, 0.0, 0.0, 0.0, 0.0, 1.0, 0.0, 0.0, 0.0, 0.0, 1.0, 0.0, 0.0, 0.0, 2.0, 2.0, 1.0, 2.0, 1.0, 1.0, 1.0, 0.0, 0.0, 0.0, 0.0, 0.0, 0.0, 0.0, 1.0, 0.0, 1.0, 0.0, 0.0, 0.0, 1.0, 0.0, 1.0, 0.0, 0.0, 0.0, 0.0, 1.0, 1.0, 0.0, 0.0, 0.0, 1.0], "bins": [-0.006382861640304327, -0.006200267001986504, -0.006017671898007393, -0.0058350772596895695, -0.005652482621371746, -0.005469887517392635, -0.005287292879074812, -0.0051046982407569885, -0.004922103136777878, -0.004739508498460054, -0.004556913860142231, -0.004374319221824408, -0.004191724117845297, -0.0040091294795274734, -0.0038265346083790064, -0.003643939970061183, -0.003461345098912716, -0.003278750227764249, -0.0030961555894464254, -0.0029135607182979584, -0.002730966079980135, -0.002548371208831668, -0.002365776337683201, -0.0021831816993653774, -0.0020005868282169104, -0.0018179920734837651, -0.0016353973187506199, -0.0014528024476021528, -0.0012702076928690076, -0.0010876129381358624, -0.0009050181251950562, -0.00072242331225425, -0.0005398285575211048, -0.0003572337736841291, -0.00017463898984715343, 7.955793989822268e-06, 0.00019055057782679796, 0.00037314536166377366, 0.0005557401455007493, 0.0007383349584415555, 0.0009209297131747007, 0.001103524467907846, 0.0012861192226409912, 0.0014687140937894583, 0.0016513088485226035, 0.0018339036032557487, 0.002016498474404216, 0.0021990931127220392, 0.0023816879838705063, 0.0025642828550189734, 0.0027468774933367968, 0.002929472364485264, 0.0031120670028030872, 0.0032946618739515543, 0.0034772567451000214, 0.0036598513834178448, 0.003842446254566312, 0.004025041125714779, 0.004207635764032602, 0.004390230402350426, 0.0045728255063295364, 0.00475542014464736, 0.004938014782965183, 0.005120609886944294, 0.005303204525262117]}, "gradients/fc1.weight": {"_type": "histogram", "values": [1.0, 0.0, 0.0, 0.0, 0.0, 0.0, 0.0, 0.0, 0.0, 0.0, 0.0, 0.0, 2.0, 0.0, 0.0, 0.0, 0.0, 1.0, 0.0, 0.0, 0.0, 0.0, 0.0, 1.0, 0.0, 0.0, 0.0, 0.0, 0.0, 1.0, 1.0, 0.0, 5.0, 1002.0, 0.0, 3.0, 1.0, 0.0, 0.0, 0.0, 1.0, 0.0, 0.0, 0.0, 0.0, 0.0, 0.0, 1.0, 1.0, 0.0, 0.0, 1.0, 0.0, 1.0, 0.0, 0.0, 0.0, 0.0, 0.0, 0.0, 0.0, 0.0, 0.0, 1.0], "bins": [-0.004149085376411676, -0.004024196416139603, -0.0038993076886981726, -0.003774418728426099, -0.0036495300009846687, -0.003524641040712595, -0.0033997520804405212, -0.003274863352999091, -0.0031499743927270174, -0.0030250854324549437, -0.0029001967050135136, -0.00277530774474144, -0.002650418784469366, -0.002525530057027936, -0.0024006410967558622, -0.002275752369314432, -0.0021508634090423584, -0.0020259744487702847, -0.0019010857213288546, -0.0017761967610567808, -0.001651307917200029, -0.001526419073343277, -0.0014015301130712032, -0.0012766412692144513, -0.0011517524253576994, -0.0010268635815009475, -0.0009019746794365346, -0.0007770857773721218, -0.0006521969335153699, -0.000527308089658618, -0.00040241918759420514, -0.00027753031463362277, -0.0001526419073343277, -2.7753034373745322e-05, 9.713583858683705e-05, 0.00022202471154741943, 0.0003469135845080018, 0.0004718024574685842, 0.0005966913304291666, 0.0007215802324935794, 0.0008464690763503313, 0.0009713579202070832, 0.0010962467640638351, 0.0012211357243359089, 0.0013460245681926608, 0.0014709134120494127, 0.0015958023723214865, 0.0017206912161782384, 0.0018455800600349903, 0.001970469020307064, 0.002095357747748494, 0.002220246708020568, 0.002345135435461998, 0.0024700243957340717, 0.0025949133560061455, 0.0027198020834475756, 0.0028446910437196493, 0.002969580003991723, 0.003094468731433153, 0.003219357691705227, 0.0033442466519773006, 0.0034691353794187307, 0.0035940243396908045, 0.0037189130671322346, 0.0038438020274043083]}, "gradients/fc1.bias": {"_type": "histogram", "values": [1.0, 0.0, 0.0, 0.0, 0.0, 0.0, 0.0, 0.0, 0.0, 0.0, 0.0, 0.0, 0.0, 0.0, 0.0, 1.0, 0.0, 0.0, 0.0, 0.0, 0.0, 0.0, 0.0, 0.0, 0.0, 0.0, 0.0, 0.0, 0.0, 0.0, 0.0, 0.0, 1.0, 0.0, 0.0, 0.0, 0.0, 27.0, 0.0, 0.0, 0.0, 0.0, 0.0, 1.0, 0.0, 0.0, 0.0, 0.0, 0.0, 0.0, 0.0, 0.0, 0.0, 0.0, 0.0, 0.0, 0.0, 0.0, 0.0, 0.0, 0.0, 0.0, 0.0, 1.0], "bins": [-0.0009012765367515385, -0.0008771942812018096, -0.0008531120838597417, -0.0008290298283100128, -0.000804947572760284, -0.000780865375418216, -0.0007567831198684871, -0.0007327009225264192, -0.0007086186669766903, -0.0006845364114269614, -0.0006604542140848935, -0.0006363719585351646, -0.0006122897611930966, -0.0005882075056433678, -0.0005641252500936389, -0.0005400430527515709, -0.0005159607972018421, -0.0004918785416521132, -0.00046779634431004524, -0.00044371408876031637, -0.00041963186231441796, -0.00039554963586851954, -0.0003714673803187907, -0.00034738515387289226, -0.00032330292742699385, -0.00029922070098109543, -0.000275138474535197, -0.00025105621898546815, -0.00022697399253956974, -0.00020289176609367132, -0.00017880952509585768, -0.00015472728409804404, -0.00013064511585980654, -0.00010656288213795051, -8.248064841609448e-05, -5.8398414694238454e-05, -3.4316180972382426e-05, -1.0233947250526398e-05, 1.384828647132963e-05, 3.793052019318566e-05, 6.201275391504169e-05, 8.609498763689771e-05, 0.00011017722135875374, 0.00013425946235656738, 0.0001583416888024658, 0.0001824239152483642, 0.00020650615624617785, 0.0002305883972439915, 0.0002546706236898899, 0.0002787528501357883, 0.00030283507658168674, 0.0003269173321314156, 0.000350999558577314, 0.00037508178502321243, 0.0003991640405729413, 0.0004232462670188397, 0.00044732849346473813, 0.00047141071991063654, 0.000495492946356535, 0.0005195752019062638, 0.0005436574574559927, 0.0005677396547980607, 0.0005918219103477895, 0.0006159041076898575, 0.0006399863632395864]}, "gradients/fc_vehicle_count.weight": {"_type": "histogram",