{"reward": 9.269311964511871, "episode": 127, "_timestamp": 1721582973.407399, "epsilon": 0.050000000000042816, "_runtime": 518.9699988365173, "_step": 127, "mean_reward": 9.337360382080078}