{"reward": 8.838015526533127, "episode": 43, "_timestamp": 1721233980.603494, "epsilon": 0.1113911197223542, "_runtime": 175.04710483551025, "_step": 43, "mean_reward": 8.563057899475098, "_wandb": {"runtime": 177}}