{"reward": 9.072628885507584, "episode": 399, "_timestamp": 1721246862.505868, "epsilon": 0.05005006248425327, "_runtime": 1905.5860450267792, "_step": 399, "mean_reward": 9.405245780944824, "_wandb": {"runtime": 1904}, "sum_of_rewards": 9.075802214369178}