{"reward": 9.549485385417938, "episode": 399, "_timestamp": 1721252385.939432, "epsilon": 0.05000000001366098, "_runtime": 1983.992635011673, "_step": 399, "mean_reward": 9.19654655456543, "_wandb": {"runtime": 1983}, "sum_of_rewards": 9.04194929741323}