{"reward": 9.513397753238678, "episode": 649, "_timestamp": 1721270799.400435, "epsilon": 0.05, "_runtime": 3998.7996668815613, "_step": 649, "mean_reward": 9.330426216125488, "_wandb": {"runtime": 3998}, "sum_of_rewards": 9.207703049137042}