{"reward": 6.001494795084, "_timestamp": 1721224704.68874, "_runtime": 68.02398705482483, "_step": 11, "epsilon": 0.33303429412492136, "mean_reward": 5.929541110992432, "_wandb": {"runtime": 71}}