{"reward": 9.552403330802917, "episode": 399, "_timestamp": 1721253784.766413, "epsilon": 0.05001081892881042, "_runtime": 2079.3640270233154, "_step": 399, "mean_reward": 9.261054992675781, "_wandb": {"runtime": 2078}, "sum_of_rewards": 9.112349055036903}