{"reward": 31.146207123994827, "_timestamp": 1721221243.664638, "_runtime": 128.22703504562378, "_step": 3, "epsilon": 0.8402677032000283}