{"reward": 8.610439598560333, "episode": 39, "_timestamp": 1721230708.766034, "epsilon": 0.1864794113430568, "mean_reward": 8.261279106140137, "_runtime": 74.20831680297852, "_step": 39, "_wandb": {"runtime": 73}}