{"reward": 9.454428613185883, "episode": 49, "_timestamp": 1721233371.706243, "epsilon": 0.05, "mean_reward": 9.044410705566406, "_runtime": 98.70021200180054, "_step": 49, "_wandb": {"runtime": 105}, "sum_of_rewards": 8.304646406590939}