{"reward": 9.565427303314209, "episode": 59, "_timestamp": 1721233641.967716, "epsilon": 0.05, "mean_reward": 8.909375190734863, "_runtime": 119.64172697067261, "_step": 59, "_wandb": {"runtime": 119}, "sum_of_rewards": 8.431867569498717}