{"reward": 9.554243266582489, "episode": 549, "_timestamp": 1721303547.7265291, "epsilon": 0.05, "_runtime": 3164.250375032425, "_step": 549, "mean_reward": 9.374486923217773, "_wandb": {"runtime": 3163}, "sum_of_rewards": 9.26193024223501}