{"reward": 9.554243266582489, "episode": 249, "_timestamp": 1721250749.53305, "epsilon": 0.05000000000008213, "_runtime": 1264.3208720684052, "_step": 249, "mean_reward": 9.328753471374512, "_wandb": {"runtime": 1263}, "sum_of_rewards": 9.147961851358414}