{"reward": 9.450808465480804, "episode": 128, "_timestamp": 1721582978.7866309, "epsilon": 0.05041227147400082, "_runtime": 519.5970058441162, "_step": 128, "mean_reward": 9.141103744506836}