{"reward": 9.610852420330048, "_timestamp": 1721229861.887682, "_runtime": 5081.251157045364, "_step": 1088, "epsilon": 0.05, "mean_reward": 9.067275047302246, "gradients/fc2.weight": {"_type": "histogram", "values": [1344.0], "bins": [0.0, 0.0]}, "gradients/fc2.bias": {"_type": "histogram", "values": [1.0, 0.0, 0.0, 0.0, 0.0, 0.0, 0.0, 0.0, 0.0, 0.0, 1.0, 0.0, 0.0, 0.0, 0.0, 1.0, 0.0, 0.0, 1.0, 0.0, 0.0, 0.0, 0.0, 0.0, 0.0, 0.0, 0.0, 0.0, 0.0, 0.0, 0.0, 0.0, 0.0, 0.0, 0.0, 0.0, 1.0, 0.0, 0.0, 0.0, 1.0, 0.0, 13.0, 0.0, 0.0, 0.0, 0.0, 1.0, 0.0, 0.0, 0.0, 0.0, 0.0, 0.0, 0.0, 0.0, 0.0, 0.0, 0.0, 0.0, 0.0, 0.0, 0.0, 1.0], "bins": [-0.04060039296746254, -0.03964056074619293, -0.038680728524923325, -0.03772089630365372, -0.03676106780767441, -0.0358012355864048, -0.03484140336513519, -0.033881571143865585, -0.03292173892259598, -0.03196190670132637, -0.031002076342701912, -0.030042244121432304, -0.029082411900162697, -0.02812258154153824, -0.02716274932026863, -0.026202917098999023, -0.025243084877729416, -0.024283254519104958, -0.02332342229783535, -0.022363590076565742, -0.021403759717941284, -0.020443927496671677, -0.01948409527540207, -0.01852426305413246, -0.017564432695508003, -0.016604600474238396, -0.015644768252968788, -0.014684936963021755, -0.013725105673074722, -0.012765273451805115, -0.011805442161858082, -0.010845609940588474, -0.009885778650641441, -0.008925947360694408, -0.007966115139424801, -0.007006283383816481, -0.00604645162820816, -0.0050866203382611275, -0.004126788582652807, -0.003166956827044487, -0.0022071250714361668, -0.0012472933158278465, -0.0002874616766348481, 0.0006723700207658112, 0.0016322017181664705, 0.0025920334737747908, 0.0035518649965524673, 0.004511696752160788, 0.005471528507769108, 0.006431360263377428, 0.007391192018985748, 0.008351023308932781, 0.009310855530202389, 0.010270686820149422, 0.01123051904141903, 0.012190350331366062, 0.013150181621313095, 0.014110013842582703, 0.015069845132529736, 0.01602967642247677, 0.016989508643746376, 0.017949340865015984, 0.01890917308628559, 0.01986900344491005, 0.020828835666179657]}, "gradients/fc1.weight": {"_type": "histogram", "values": [2048.0], "bins": [0.0, 0.0]}, "gradients/fc1.bias": {"_type": "histogram", "values": [64.0], "bins": [0.0, 0.0]}, "gradients/fc_vehicle_count.weight": {"_type": "histogram", "values": [96.0], "bins": [0.0, 0.0]}, "gradients/fc_vehicle_count.bias": {"_type": "histogram", "values": [16.0], "bins": [0.0, 0.0]}, "gradients/fc_occupancy.weight": {"_type": "histogram", "values": [96.0], "bins": [0.0, 0.0]}, "gradients/fc_occupancy.bias": {"_type": "histogram", "values": [16.0], "bins": [0.0, 0.0]}, "_wandb": {"runtime": 5082}}