{"reward": 7.741896867752075, "episode": 59, "_timestamp": 1721232974.1193988, "epsilon": 0.050000000967351015, "mean_reward": 8.463846206665039, "_runtime": 127.24741578102112, "_step": 59, "_wandb": {"runtime": 126}, "sum_of_rewards": 8.367803793093737}