{"reward": 9.554243266582489, "episode": 59, "_timestamp": 1721232703.151304, "epsilon": 0.05451615268663314, "mean_reward": 8.905657768249512, "_runtime": 121.94435811042786, "_step": 59, "_wandb": {"runtime": 121}, "sum_of_rewards": 8.259199201925234}