{"reward": 9.554243266582489, "episode": 599, "_timestamp": 1721295994.402907, "epsilon": 0.05, "_runtime": 3459.83674287796, "_step": 599, "mean_reward": 9.399500846862793, "_wandb": {"runtime": 3459}, "sum_of_rewards": 9.334149057269096}