{"reward": 7.856427013874054, "_timestamp": 1721224164.985488, "_runtime": 598.729630947113, "_step": 320, "epsilon": 0.2034241681292442, "mean_reward": 7.5146050453186035, "gradients/fc2.weight": {"_type": "histogram", "values": [1.0, 0.0, 0.0, 1.0, 0.0, 0.0, 0.0, 1.0, 0.0, 1.0, 0.0, 2.0, 0.0, 1.0, 1.0, 3.0, 1.0, 4.0, 2.0, 2.0, 4.0, 2.0, 7.0, 17.0, 18.0, 1234.0, 16.0, 4.0, 3.0, 0.0, 3.0, 0.0, 1.0, 1.0, 3.0, 0.0, 2.0, 0.0, 1.0, 1.0, 1.0, 0.0, 1.0, 0.0, 0.0, 1.0, 1.0, 0.0, 0.0, 0.0, 0.0, 0.0, 1.0, 0.0, 0.0, 0.0, 0.0, 0.0, 1.0, 0.0, 0.0, 0.0, 0.0, 1.0], "bins": [-0.045906320214271545, -0.04413681849837303, -0.04236731305718422, -0.040597811341285706, -0.03882830962538719, -0.03705880790948868, -0.035289302468299866, -0.03351980075240135, -0.03175029903650284, -0.029980795457959175, -0.028211291879415512, -0.026441790163517, -0.024672286584973335, -0.02290278486907482, -0.02113328129053116, -0.019363779574632645, -0.01759427599608898, -0.01582477241754532, -0.014055270701646805, -0.012285768054425716, -0.010516265407204628, -0.008746761828660965, -0.0069772591814398766, -0.005207756534218788, -0.0034382538869976997, -0.0016687511233612895, 0.00010075164027512074, 0.001870254403911531, 0.003639757167547941, 0.00540925981476903, 0.007178762927651405, 0.008948265574872494, 0.010717768222093582, 0.01248727086931467, 0.014256773516535759, 0.016026277095079422, 0.017795778810977936, 0.0195652823895216, 0.021334784105420113, 0.023104287683963776, 0.02487378939986229, 0.026643292978405952, 0.028412796556949615, 0.03018229827284813, 0.03195179998874664, 0.033721305429935455, 0.03549080714583397, 0.03726030886173248, 0.039029814302921295, 0.04079931601881981, 0.04256881773471832, 0.04433831945061684, 0.04610782489180565, 0.04787732660770416, 0.049646828323602676, 0.05141633003950119, 0.05318583548069, 0.054955337196588516, 0.05672483891248703, 0.05849434435367584, 0.060263846069574356, 0.06203334778547287, 0.06380285322666168, 0.0655723512172699, 0.06734185665845871]}, "gradients/fc2.bias": {"_type": "histogram", "values": [1.0, 0.0, 0.0, 0.0, 0.0, 0.0, 0.0, 0.0, 0.0, 1.0, 0.0, 0.0, 0.0, 1.0, 0.0, 2.0, 0.0, 0.0, 0.0, 0.0, 0.0, 0.0, 3.0, 2.0, 2.0, 4.0, 1.0, 0.0, 1.0, 0.0, 0.0, 0.0, 0.0, 0.0, 0.0, 0.0, 0.0, 0.0, 1.0, 0.0, 0.0, 0.0, 0.0, 0.0, 0.0, 1.0, 0.0, 0.0, 0.0, 0.0, 0.0, 0.0, 0.0, 0.0, 0.0, 0.0, 0.0, 0.0, 0.0, 0.0, 0.0, 0.0, 0.0, 1.0], "bins": [-0.03264682739973068, -0.03138842433691025, -0.030130021274089813, -0.02887161821126938, -0.027613215148448944, -0.02635481208562851, -0.025096409022808075, -0.02383800595998764, -0.022579602897167206, -0.02132119983434677, -0.020062796771526337, -0.018804393708705902, -0.017545990645885468, -0.016287587583065033, -0.015029184520244598, -0.013770781457424164, -0.01251237839460373, -0.011253975331783295, -0.00999557226896286, -0.008737169206142426, -0.007478766143321991, -0.006220363080501556, -0.004961960017681122, -0.0037035569548606873, -0.0024451538920402527, -0.0011867508292198181, 7.165223360061646e-05, 0.001330055296421051, 0.0025884583592414856, 0.00384686142206192, 0.005105264484882355, 0.006363667547702789, 0.007622070610523224, 0.008880473673343658, 0.010138876736164093, 0.011397279798984528, 0.012655682861804962, 0.013914085924625397, 0.015172488987445831, 0.016430892050266266, 0.0176892951130867, 0.018947698175907135, 0.02020610123872757, 0.021464504301548004, 0.02272290736436844, 0.023981310427188873, 0.025239713490009308, 0.026498116552829742, 0.027756519615650177, 0.02901492267847061, 0.030273325741291046, 0.03153172880411148, 0.032790131866931915, 0.03404853492975235, 0.035306937992572784, 0.03656534105539322, 0.037823744118213654, 0.03908214718103409, 0.04034055024385452, 0.04159895330667496, 0.04285735636949539, 0.044115759432315826, 0.04537416249513626, 0.046632565557956696, 0.04789096862077713]}, "gradients/fc1.weight": {"_type": "histogram", "values": [2048.0], "bins": [0.0, 0.0]}, "gradients/fc1.bias": {"_type": "histogram", "values": [1.0, 0.0, 0.0, 0.0, 0.0, 0.0, 0.0, 0.0, 0.0, 0.0, 0.0, 0.0, 0.0, 0.0, 1.0, 0.0, 0.0, 0.0, 0.0, 0.0, 0.0, 0.0, 0.0, 0.0, 0.0, 0.0, 0.0, 0.0, 0.0, 0.0, 1.0, 0.0, 0.0, 0.0, 0.0, 1.0, 0.0, 0.0, 1.0, 0.0, 0.0, 0.0, 0.0, 0.0, 1.0, 0.0, 0.0, 1.0, 0.0, 0.0, 0.0, 0.0, 0.0, 0.0, 0.0, 0.0, 0.0, 0.0, 1.0, 55.0, 0.0, 0.0, 0.0, 1.0], "bins": [-0.02642187476158142, -0.0259803868830204, -0.02553890086710453, -0.02509741298854351, -0.02465592510998249, -0.02421443909406662, -0.0237729512155056, -0.02333146519958973, -0.02288997732102871, -0.02244848944246769, -0.02200700342655182, -0.0215655155479908, -0.02112402766942978, -0.02068254165351391, -0.02024105377495289, -0.01979956589639187, -0.019358079880475998, -0.018916592001914978, -0.018475104123353958, -0.018033618107438087, -0.017592130228877068, -0.017150644212961197, -0.016709156334400177, -0.016267668455839157, -0.015826182439923286, -0.015384694561362267, -0.014943207614123821, -0.014501719735562801, -0.014060232788324356, -0.01361874584108591, -0.013177258893847466, -0.012735771015286446, -0.012294284068048, -0.011852797120809555, -0.011411309242248535, -0.01096982229501009, -0.010528335347771645, -0.0100868484005332, -0.00964536052197218, -0.009203873574733734, -0.008762386627495289, -0.008320898748934269, -0.007879411801695824, -0.007437924854457378, -0.006996437441557646, -0.0065549504943192005, -0.006113463081419468, -0.005671976134181023, -0.00523048872128129, -0.0047890013083815575, -0.004347514361143112, -0.0039060271810740232, -0.0034645400010049343, -0.0030230525881052017, -0.002581565408036113, -0.002140078227967024, -0.001698591047897935, -0.001257103867828846, -0.0008156166295520961, -0.00037412942037917674, 6.735778879374266e-05, 0.0005088449688628316, 0.0009503322071395814, 0.0013918194454163313, 0.0018333066254854202]}, "gradients/fc_vehicle_count.weight": {"_type": "histogram", "values": [96.0], "bins": [0.0, 0.0]}, "gradients/fc_vehicle_count.bias": {"_type": "histogram", "values": [16.0], "bins": [0.0, 0.0]}, "gradients/fc_occupancy.weight": {"_type": "histogram", "values": [96.0], "bins": [0.0, 0.0]}, "gradients/fc_occupancy.bias": {"_type": "histogram", "values": [16.0], "bins": [0.0, 0.0]}}