{"reward": 6.569982945919037, "_timestamp": 1721224164.092191, "_runtime": 597.7885930538177, "_step": 311, "epsilon": 0.436557361036311, "mean_reward": 7.348709583282471, "gradients/fc2.weight": {"_type": "histogram", "values": [1.0, 3.0, 0.0, 3.0, 4.0, 5.0, 5.0, 6.0, 6.0, 9.0, 15.0, 20.0, 2525.0, 16.0, 8.0, 14.0, 6.0, 2.0, 3.0, 3.0, 2.0, 4.0, 2.0, 0.0, 2.0, 4.0, 2.0, 1.0, 0.0, 3.0, 1.0, 1.0, 2.0, 0.0, 0.0, 0.0, 0.0, 2.0, 0.0, 0.0, 0.0, 1.0, 1.0, 0.0, 1.0, 1.0, 0.0, 0.0, 1.0, 0.0, 0.0, 0.0, 0.0, 0.0, 0.0, 0.0, 2.0, 0.0, 0.0, 0.0, 0.0, 0.0, 0.0, 1.0], "bins": [-0.0055899666622281075, -0.005143268033862114, -0.004696569871157408, -0.004249871708452702, -0.003803173080086708, -0.0033564746845513582, -0.0029097762890160084, -0.0024630778934806585, -0.0020163794979453087, -0.0015696811024099588, -0.001122982706874609, -0.0006762843113392591, -0.0002295859158039093, 0.00021711247973144054, 0.0006638108752667904, 0.0011105092708021402, 0.00155720766633749, 0.00200390606187284, 0.0024506044574081898, 0.0028973028529435396, 0.0033440012484788895, 0.0037906996440142393, 0.004237398039549589, 0.004684096202254295, 0.005130794830620289, 0.005577493458986282, 0.0060241916216909885, 0.006470889784395695, 0.006917588412761688, 0.007364287041127682, 0.007810985203832388, 0.008257683366537094, 0.008704381063580513, 0.009151079691946507, 0.0095977783203125, 0.010044476017355919, 0.010491174645721912, 0.010937873274087906, 0.011384570971131325, 0.011831269599497318, 0.012277968227863312, 0.012724666856229305, 0.013171365484595299, 0.013618063181638718, 0.014064761810004711, 0.014511460438370705, 0.014958158135414124, 0.015404856763780117, 0.01585155539214611, 0.01629825308918953, 0.016744952648878098, 0.017191650345921516, 0.017638348042964935, 0.018085047602653503, 0.018531745299696922, 0.01897844485938549, 0.01942514255642891, 0.019871840253472328, 0.020318539813160896, 0.020765237510204315, 0.021211937069892883, 0.021658634766936302, 0.02210533246397972, 0.02255203202366829, 0.022998729720711708]}, "gradients/fc2.bias": {"_type": "histogram", "values": [1.0, 1.0, 0.0, 0.0, 1.0, 0.0, 2.0, 0.0, 0.0, 1.0, 2.0, 0.0, 3.0, 2.0, 0.0, 1.0, 2.0, 0.0, 0.0, 0.0, 0.0, 0.0, 1.0, 0.0, 0.0, 0.0, 0.0, 1.0, 0.0, 0.0, 0.0, 0.0, 1.0, 0.0, 0.0, 0.0, 0.0, 0.0, 0.0, 0.0, 0.0, 1.0, 0.0, 0.0, 0.0, 0.0, 0.0, 0.0, 0.0, 0.0, 0.0, 0.0, 0.0, 0.0, 0.0, 0.0, 0.0, 0.0, 0.0, 0.0, 0.0, 0.0, 0.0, 1.0], "bins": [-0.006703229621052742, -0.006167569663375616, -0.00563190970569849, -0.005096249282360077, -0.004560589324682951, -0.004024929367005825, -0.0034892691764980555, -0.002953608985990286, -0.00241794902831316, -0.0018822889542207122, -0.0013466288801282644, -0.0008109688060358167, -0.0002753087319433689, 0.00026035134214907885, 0.0007960114162415266, 0.0013316714903339744, 0.0018673315644264221, 0.002402991522103548, 0.0029386517126113176, 0.0034743119031190872, 0.004009971860796213, 0.004545631818473339, 0.005081292241811752, 0.005616952199488878, 0.006152612157166004, 0.00668827211484313, 0.007223932072520256, 0.007759592495858669, 0.008295252919197083, 0.008830912411212921, 0.009366572834551334, 0.009902232326567173, 0.010437890887260437, 0.01097355131059885, 0.011509210802614689, 0.012044871225953102, 0.01258053071796894, 0.013116191141307354, 0.013651851564645767, 0.014187511056661606, 0.014723171480000019, 0.015258831903338432, 0.01579449139535427, 0.01633015088737011, 0.016865812242031097, 0.017401471734046936, 0.017937131226062775, 0.018472792580723763, 0.0190084520727396, 0.01954411156475544, 0.020079772919416428, 0.020615432411432266, 0.021151091903448105, 0.021686753258109093, 0.02222241275012493, 0.02275807224214077, 0.023293733596801758, 0.023829393088817596, 0.024365052580833435, 0.024900712072849274, 0.02543637342751026, 0.0259720329195261, 0.02650769241154194, 0.027043353766202927, 0.027579013258218765]}, "gradients/fc1.weight": {"_type": "histogram", "values": [16384.0], "bins": [0.0, 0.0]}, "gradients/fc1.bias": {"_type": "histogram", "values": [1.0, 118.0, 0.0, 0.0, 0.0, 1.0, 1.0, 0.0, 0.0, 0.0, 0.0, 0.0, 0.0, 0.0, 0.0, 0.0, 0.0, 1.0, 0.0, 1.0, 0.0, 0.0, 0.0, 0.0, 0.0, 0.0, 0.0, 0.0, 0.0, 0.0, 0.0, 0.0, 0.0, 0.0, 0.0, 0.0, 0.0, 0.0, 0.0, 0.0, 0.0, 0.0, 0.0, 0.0, 0.0, 0.0, 0.0, 1.0, 0.0, 0.0, 0.0, 0.0, 1.0, 0.0, 0.0, 0.0, 1.0, 1.0, 0.0, 0.0, 0.0, 0.0, 0.0, 1.0], "bins": [-0.0009283812250941992, -0.00024722941452637315, 0.0004339223960414529, 0.001115074148401618, 0.001796226017177105, 0.002477377885952592, 0.003158529754728079, 0.003839681390672922, 0.004520833492279053, 0.005201985128223896, 0.005883136764168739, 0.00656428886577487, 0.007245440501719713, 0.007926592603325844, 0.008607744239270687, 0.00928889587521553, 0.009970047511160374, 0.010651199147105217, 0.011332351714372635, 0.012013503350317478, 0.012694654986262321, 0.013375806622207165, 0.014056958258152008, 0.014738110825419426, 0.01541926246136427, 0.016100414097309113, 0.01678156666457653, 0.0174627173691988, 0.018143869936466217, 0.018825020641088486, 0.019506173208355904, 0.02018732577562332, 0.02086847834289074, 0.021549630910158157, 0.022230781614780426, 0.022911934182047844, 0.023593084886670113, 0.02427423745393753, 0.02495539002120495, 0.025636540725827217, 0.026317693293094635, 0.026998843997716904, 0.02767999656498432, 0.02836114913225174, 0.029042299836874008, 0.029723452404141426, 0.030404603108763695, 0.031085755676031113, 0.03176690638065338, 0.03244806081056595, 0.03312921151518822, 0.033810362219810486, 0.034491512924432755, 0.03517266735434532, 0.03585381805896759, 0.03653496876358986, 0.037216123193502426, 0.037897273898124695, 0.038578424602746964, 0.03925957903265953, 0.0399407297372818, 0.04062188044190407, 0.04130303114652634, 0.041984185576438904, 0.04266533628106117]}, "gradients/fc_vehicle_count.weight": {"_type": "histogram", "values": [384.0], "bins": [0.0, 0.0]}, "gradients/fc_vehicle_count.bias": {"_type": "histogram", "values": [64.0], "bins": [0.0, 0.0]}, "gradients/fc_occupancy.weight": {"_type": "histogram", "values": [384.0], "bins": [0.0, 0.0]}, "gradients/fc_occupancy.bias": {"_type": "histogram", "values": [64.0], "bins": [0.0, 0.0]}}