{"reward": 8.151844501495361, "episode": 249, "_timestamp": 1721241788.446207, "epsilon": 0.051488255470748916, "_runtime": 1209.5035030841827, "_step": 249, "mean_reward": 8.976775169372559, "_wandb": {"runtime": 1208}, "sum_of_rewards": 8.690079174518585}