{"reward": 8.976897060871124, "episode": 249, "_timestamp": 1721253379.1436641, "epsilon": 0.05000011506677609, "_runtime": 1257.445941209793, "_step": 249, "mean_reward": 9.28637981414795, "_wandb": {"runtime": 1256}, "sum_of_rewards": 9.108265058994293}