{"reward": 9.551234602928162, "episode": 399, "_timestamp": 1721246388.524378, "epsilon": 0.05, "_runtime": 1899.2963790893555, "_step": 399, "mean_reward": 8.852728843688965, "_wandb": {"runtime": 1898}, "sum_of_rewards": 8.564331983178853}