{"reward": 8.219957828521729, "episode": 49, "_timestamp": 1721232449.823115, "epsilon": 0.2689873637502062, "mean_reward": 7.818964004516602, "_runtime": 107.04836511611938, "_step": 49, "_wandb": {"runtime": 106}, "sum_of_rewards": 7.717745612426238}