{"reward": 7.747118979692459, "episode": 59, "_timestamp": 1721233249.5750642, "epsilon": 0.05000680459497094, "mean_reward": 8.50369644165039, "_runtime": 133.18604612350464, "_step": 59, "_wandb": {"runtime": 132}, "sum_of_rewards": 8.060431814922227}