{"reward": 6.685677170753479, "_timestamp": 1721224706.8893921, "_runtime": 70.61854004859924, "_step": 14, "epsilon": 0.37916887857985826, "mean_reward": 6.445265769958496, "_wandb": {"runtime": 71}}