{"reward": 7.662210136651993, "_timestamp": 1721224168.2521, "_runtime": 602.0460109710693, "_step": 314, "epsilon": 0.31794988729264334, "mean_reward": 7.624199867248535, "gradients/fc2.weight": {"_type": "histogram", "values": [1.0, 0.0, 0.0, 0.0, 0.0, 0.0, 0.0, 0.0, 0.0, 0.0, 0.0, 0.0, 0.0, 0.0, 0.0, 0.0, 0.0, 0.0, 0.0, 0.0, 0.0, 0.0, 0.0, 0.0, 0.0, 0.0, 0.0, 0.0, 0.0, 0.0, 0.0, 0.0, 0.0, 0.0, 1.0, 1.0, 0.0, 2.0, 2.0, 11.0, 1312.0, 4.0, 2.0, 0.0, 2.0, 0.0, 1.0, 1.0, 0.0, 0.0, 1.0, 0.0, 0.0, 0.0, 1.0, 1.0, 0.0, 0.0, 0.0, 0.0, 0.0, 0.0, 0.0, 1.0], "bins": [-0.016707338392734528, -0.01629115268588066, -0.015874968841671944, -0.015458783134818077, -0.01504259742796421, -0.014626412652432919, -0.014210227876901627, -0.01379404217004776, -0.013377857394516468, -0.012961672618985176, -0.01254548691213131, -0.012129302136600018, -0.011713117361068726, -0.011296931654214859, -0.010880746878683567, -0.0104645611718297, -0.010048376396298409, -0.009632191620767117, -0.00921600591391325, -0.008799821138381958, -0.008383635431528091, -0.0079674506559968, -0.0075512658804655075, -0.007135080639272928, -0.006718895398080349, -0.00630271015688777, -0.00588652491569519, -0.0054703401401638985, -0.005054154898971319, -0.00463796965777874, -0.004221784882247448, -0.0038055996410548687, -0.003389413468539715, -0.0029732282273471355, -0.0025570432189852, -0.0021408582106232643, -0.001724672969430685, -0.0013084878446534276, -0.0008923027198761702, -0.0004761175950989127, -5.9932470321655273e-05, 0.00035625265445560217, 0.0007724377792328596, 0.001188622904010117, 0.0016048080287873745, 0.0020209932699799538, 0.0024371782783418894, 0.002853363286703825, 0.0032695485278964043, 0.0036857337690889835, 0.004101919010281563, 0.004518103785812855, 0.004934289027005434, 0.005350474268198013, 0.005766659043729305, 0.0061828442849218845, 0.006599029526114464, 0.007015214767307043, 0.007431400008499622, 0.007847584784030914, 0.008263770490884781, 0.008679955266416073, 0.009096140041947365, 0.009512325748801231, 0.009928510524332523]}, "gradients/fc2.bias": {"_type": "histogram", "values": [1.0, 0.0, 0.0, 0.0, 0.0, 0.0, 0.0, 0.0, 0.0, 0.0, 0.0, 0.0, 0.0, 0.0, 0.0, 0.0, 0.0, 0.0, 0.0, 0.0, 0.0, 0.0, 0.0, 0.0, 0.0, 0.0, 0.0, 0.0, 0.0, 0.0, 0.0, 0.0, 0.0, 0.0, 2.0, 0.0, 0.0, 2.0, 1.0, 2.0, 1.0, 2.0, 2.0, 0.0, 2.0, 0.0, 0.0, 1.0, 1.0, 0.0, 1.0, 0.0, 0.0, 0.0, 0.0, 1.0, 1.0, 0.0, 0.0, 0.0, 0.0, 0.0, 0.0, 1.0], "bins": [-0.010472463443875313, -0.010212929919362068, -0.009953396394848824, -0.009693863801658154, -0.009434330277144909, -0.009174796752631664, -0.00891526322811842, -0.00865573063492775, -0.008396197110414505, -0.00813666358590126, -0.007877130061388016, -0.007617597002536058, -0.007358063478022814, -0.0070985304191708565, -0.006838996894657612, -0.0065794638358056545, -0.00631993031129241, -0.006060396786779165, -0.005800863727927208, -0.005541330203413963, -0.005281797144562006, -0.005022263620048761, -0.004762730561196804, -0.004503197036683559, -0.004243663512170315, -0.0039841304533183575, -0.0037245971616357565, -0.0034650638699531555, -0.003205530345439911, -0.00294599705375731, -0.002686463762074709, -0.002426930470392108, -0.002167397178709507, -0.001907863887026906, -0.001648330595344305, -0.0013887971872463822, -0.0011292638955637813, -0.0008697306038811803, -0.0006101972539909184, -0.00035066393320448697, -9.113061241805553e-05, 0.0001684027083683759, 0.00042793602915480733, 0.0006874693790450692, 0.0009470026707276702, 0.0012065359624102712, 0.001466069370508194, 0.001725602662190795, 0.001985135953873396, 0.002244669245555997, 0.002504202537238598, 0.002763735828921199, 0.0030232691206038, 0.0032828026451170444, 0.0035423359367996454, 0.0038018692284822464, 0.004061402752995491, 0.004320935811847448, 0.004580469336360693, 0.00484000239521265, 0.005099535919725895, 0.005359068978577852, 0.005618602503091097, 0.005878135561943054, 0.006137669086456299]}, "gradients/fc1.weight": {"_type": "histogram", "values": [1.0, 0.0, 0.0, 0.0, 0.0, 0.0, 0.0, 0.0, 0.0, 0.0, 1.0, 0.0, 0.0, 0.0, 0.0, 2.0, 5.0, 8179.0, 1.0, 1.0, 0.0, 0.0, 0.0, 0.0, 0.0, 0.0, 0.0, 0.0, 0.0, 0.0, 1.0, 0.0, 0.0, 0.0, 0.0, 0.0, 0.0, 0.0, 0.0, 0.0, 0.0, 0.0, 0.0, 0.0, 0.0, 0.0, 0.0, 0.0, 0.0, 0.0, 0.0, 0.0, 0.0, 0.0, 0.0, 0.0, 0.0, 0.0, 0.0, 0.0, 0.0, 0.0, 0.0, 1.0], "bins": [-0.011506729759275913, -0.010833751410245895, -0.010160773992538452, -0.009487796574831009, -0.008814818225800991, -0.008141839876770973, -0.00746886245906353, -0.006795884575694799, -0.006122906692326069, -0.005449928808957338, -0.004776950925588608, -0.004103973042219877, -0.0034309951588511467, -0.002758017275482416, -0.0020850393921136856, -0.001412061508744955, -0.0007390836253762245, -6.610574200749397e-05, 0.0006068721413612366, 0.0012798500247299671, 0.0019528279080986977, 0.002625805791467428, 0.0032987836748361588, 0.003971761558204889, 0.00464473944157362, 0.00531771732494235, 0.005990695208311081, 0.0066636730916798115, 0.007336650975048542, 0.00800962932407856, 0.008682606741786003, 0.009355584159493446, 0.010028563439846039, 0.010701540857553482, 0.0113745192065835, 0.012047497555613518, 0.012720474973320961, 0.013393452391028404, 0.014066430740058422, 0.01473940908908844, 0.015412386506795883, 0.016085363924503326, 0.01675834134221077, 0.017431320622563362, 0.018104298040270805, 0.01877727545797825, 0.01945025473833084, 0.020123232156038284, 0.020796209573745728, 0.02146918699145317, 0.022142164409160614, 0.022815143689513206, 0.02348812110722065, 0.024161098524928093, 0.024834077805280685, 0.02550705522298813, 0.026180032640695572, 0.026853010058403015, 0.02752598747611046, 0.02819896675646305, 0.028871944174170494, 0.029544921591877937, 0.03021790087223053, 0.030890878289937973, 0.031563855707645416]}, "gradients/fc1.bias": {"_type": "histogram", "values": [1.0, 0.0, 0.0, 0.0, 0.0, 0.0, 0.0, 0.0, 0.0, 0.0, 0.0, 0.0, 0.0, 0.0, 0.0, 0.0, 0.0, 0.0, 0.0, 0.0, 0.0, 0.0, 0.0, 0.0, 0.0, 0.0, 0.0, 0.0, 0.0, 0.0, 1.0, 1.0, 0.0, 0.0, 0.0, 0.0, 60.0, 0.0, 0.0, 0.0, 0.0, 0.0, 0.0, 0.0, 0.0, 0.0, 0.0, 0.0, 0.0, 0.0, 0.0, 0.0, 0.0, 0.0, 0.0, 0.0, 0.0, 0.0, 0.0, 0.0, 0.0, 0.0, 0.0, 1.0], "bins": [-0.004553821869194508, -0.004428021609783173, -0.00430222088471055, -0.004176420159637928, -0.004050619900226593, -0.003924819640815258, -0.0037990189157426357, -0.003673218423500657, -0.0035474179312586784, -0.0034216174390167, -0.003295816946774721, -0.0031700164545327425, -0.003044215962290764, -0.002918415470048785, -0.0027926149778068066, -0.002666814485564828, -0.0025410139933228493, -0.0024152135010808706, -0.002289413008838892, -0.0021636125165969133, -0.0020378120243549347, -0.001912011532112956, -0.0017862110398709774, -0.0016604105476289988, -0.0015346100553870201, -0.0014088095631450415, -0.0012830090709030628, -0.0011572085786610842, -0.0010314080864191055, -0.0009056075941771269, -0.0007798071019351482, -0.0006540066096931696, -0.0005282056517899036, -0.000402405159547925, -0.00027660466730594635, -0.0001508041750639677, -2.500368282198906e-05, 0.00010079680941998959, 0.00022659730166196823, 0.0003523977939039469, 0.0004781982861459255, 0.0006039987783879042, 0.0007297992706298828, 0.0008555997628718615, 0.00098140025511384, 0.0011072007473558187, 0.0012330012395977974, 0.001358801731839776, 0.0014846022240817547, 0.0016104027163237333, 0.001736203208565712, 0.0018620037008076906, 0.0019878041930496693, 0.002113604685291648, 0.0022394051775336266, 0.002365205669775605, 0.002491006162017584, 0.0026168066542595625, 0.002742607146501541, 0.0028684076387435198, 0.0029942081309854984, 0.003120008623227477, 0.0032458091154694557, 0.0033716096077114344, 0.003497410099953413]}, "gradients/fc_vehicle_count.weight": {"_type": "histogram",