{"reward": 9.563153207302094, "episode": 249, "_timestamp": 1721242974.5408242, "epsilon": 0.05000000000001893, "_runtime": 1174.9583842754364, "_step": 249, "mean_reward": 9.170670509338379, "_wandb": {"runtime": 1174}, "sum_of_rewards": 9.043211520910264}