{"reward": 46.6085390150547, "_timestamp": 1721221039.4441779, "_runtime": 560.8218047618866, "_step": 19, "epsilon": 0.09147264904069509}