{"reward": 9.554243266582489, "episode": 249, "_timestamp": 1721260942.541497, "epsilon": 0.05000000000007083, "_runtime": 1382.079973936081, "_step": 249, "mean_reward": 9.407718658447266, "_wandb": {"runtime": 1381}, "sum_of_rewards": 9.243111010313035}