{"reward": 8.553140640258789, "episode": 59, "_timestamp": 1721233376.2149482, "epsilon": 0.05068592670083109, "mean_reward": 8.875763893127441, "_runtime": 118.50165510177612, "_step": 59, "_wandb": {"runtime": 122}, "sum_of_rewards": 8.138974154638309}