{"reward": 9.643090605735779, "_timestamp": 1721229858.8519192, "_runtime": 5079.266189098358, "_step": 1055, "epsilon": 0.0599933873355149, "mean_reward": 9.384395599365234, "gradients/fc2.weight": {"_type": "histogram", "values": [1.0, 0.0, 0.0, 0.0, 0.0, 1.0, 0.0, 1.0, 0.0, 0.0, 0.0, 0.0, 0.0, 0.0, 0.0, 0.0, 0.0, 1.0, 0.0, 0.0, 2.0, 1.0, 1.0, 0.0, 3.0, 7.0, 6.0, 20.0, 2561.0, 29.0, 21.0, 9.0, 6.0, 6.0, 1.0, 4.0, 1.0, 0.0, 0.0, 1.0, 0.0, 0.0, 0.0, 1.0, 1.0, 0.0, 0.0, 0.0, 0.0, 1.0, 0.0, 0.0, 0.0, 0.0, 1.0, 0.0, 0.0, 0.0, 0.0, 0.0, 0.0, 0.0, 0.0, 1.0], "bins": [-0.0010836729779839516, -0.001046104938723147, -0.0010085368994623423, -0.0009709689184091985, -0.0009334008791483939, -0.0008958328980952501, -0.0008582648588344455, -0.0008206968195736408, -0.0007831287803128362, -0.0007455607992596924, -0.0007079927599988878, -0.0006704247207380831, -0.0006328567396849394, -0.0005952887004241347, -0.0005577206611633301, -0.0005201526801101863, -0.0004825846408493817, -0.0004450166306924075, -0.00040744859143160284, -0.00036988058127462864, -0.000332312542013824, -0.0002947445318568498, -0.0002571765216998756, -0.00021960849699098617, -0.00018204047228209674, -0.00014447244757320732, -0.00010690443014027551, -6.93364127073437e-05, -3.176838799845427e-05, 5.799633072456345e-06, 4.336765414336696e-05, 8.093567157629877e-05, 0.0001185036962851882, 0.00015607172099407762, 0.00019363974570296705, 0.00023120775585994124, 0.0002687757951207459, 0.0003063438052777201, 0.0003439118154346943, 0.00038147985469549894, 0.00041904786485247314, 0.00045661587500944734, 0.000494183914270252, 0.0005317519535310566, 0.0005693199345842004, 0.000606887973845005, 0.0006444560131058097, 0.0006820239941589534, 0.0007195920334197581, 0.0007571600726805627, 0.0007947280537337065, 0.0008322960929945111, 0.0008698641322553158, 0.0009074321133084595, 0.0009450001525692642, 0.000982568133622408, 0.0010201361728832126, 0.0010577042121440172, 0.0010952722514048219, 0.0011328402906656265, 0.0011704083299264312, 0.001207976252771914, 0.0012455442920327187, 0.0012831123312935233, 0.001320680370554328]}, "gradients/fc2.bias": {"_type": "histogram", "values": [1.0, 0.0, 0.0, 0.0, 1.0, 0.0, 0.0, 0.0, 0.0, 1.0, 0.0, 0.0, 1.0, 0.0, 0.0, 0.0, 0.0, 1.0, 0.0, 0.0, 0.0, 0.0, 0.0, 0.0, 0.0, 0.0, 0.0, 1.0, 8.0, 0.0, 0.0, 0.0, 0.0, 0.0, 0.0, 0.0, 1.0, 0.0, 1.0, 0.0, 0.0, 0.0, 0.0, 1.0, 0.0, 0.0, 1.0, 0.0, 0.0, 0.0, 1.0, 0.0, 0.0, 1.0, 0.0, 0.0, 0.0, 0.0, 0.0, 0.0, 0.0, 0.0, 0.0, 1.0], "bins": [-0.0010383948683738708, -0.0010017331223934889, -0.0009650714928284287, -0.0009284097468480468, -0.0008917480590753257, -0.0008550863713026047, -0.0008184246253222227, -0.0007817629375495017, -0.0007451012497767806, -0.0007084395620040596, -0.0006717778742313385, -0.0006351161282509565, -0.0005984544404782355, -0.0005617927527055144, -0.0005251310067251325, -0.0004884693189524114, -0.00045180763117969036, -0.0004151459434069693, -0.0003784842265304178, -0.0003418225096538663, -0.00030516082188114524, -0.0002684991341084242, -0.00023183741723187268, -0.0001951757149072364, -0.00015851401258260012, -0.00012185231025796384, -8.519060793332756e-05, -4.8528905608691275e-05, -1.1867203284054995e-05, 2.4794499040581286e-05, 6.145620136521757e-05, 9.811790368985385e-05, 0.00013477960601449013, 0.0001714413083391264, 0.0002081030106637627, 0.0002447647275403142, 0.00028142641531303525, 0.0003180881030857563, 0.0003547498199623078, 0.0003914115368388593, 0.00042807322461158037, 0.0004647349123843014, 0.0005013966001570225, 0.0005380583461374044, 0.0005747200339101255, 0.0006113817216828465, 0.0006480434676632285, 0.0006847051554359496, 0.0007213668432086706, 0.0007580285309813917, 0.0007946902187541127, 0.0008313519647344947, 0.0008680136525072157, 0.0009046753402799368, 0.0009413370862603188, 0.000977998715825379, 0.0010146604618057609, 0.0010513222077861428, 0.001087983837351203, 0.001124645583331585, 0.001161307329311967, 0.001197968958877027, 0.001234630704857409, 0.0012712923344224691, 0.001307954080402851]}, "gradients/fc1.weight": {"_type": "histogram", "values": [1.0, 0.0, 0.0, 0.0, 0.0, 0.0, 0.0, 0.0, 0.0, 2.0, 3.0, 1.0, 1.0, 0.0, 0.0, 0.0, 2.0, 2.0, 3.0, 3.0, 1.0, 3.0, 12.0, 4019.0, 14.0, 8.0, 3.0, 1.0, 3.0, 2.0, 2.0, 1.0, 3.0, 0.0, 0.0, 1.0, 0.0, 0.0, 0.0, 1.0, 0.0, 1.0, 1.0, 0.0, 0.0, 0.0, 0.0, 0.0, 0.0, 0.0, 0.0, 0.0, 1.0, 0.0, 0.0, 0.0, 0.0, 0.0, 0.0, 0.0, 0.0, 0.0, 0.0, 1.0], "bins": [-0.0006190248532220721, -0.0005928176105953753, -0.0005666103679686785, -0.0005404030671343207, -0.0005141958245076239, -0.0004879885818809271, -0.0004617813101503998, -0.0004355740384198725, -0.0004093667957931757, -0.00038315955316647887, -0.0003569522814359516, -0.0003307450097054243, -0.0003045377670787275, -0.00027833052445203066, -0.0002521232527215034, -0.00022591599554289132, -0.00019970873836427927, -0.00017350148118566722, -0.00014729422400705516, -0.00012108696682844311, -9.487970964983106e-05, -6.8672452471219e-05, -4.246519529260695e-05, -1.6257938113994896e-05, 9.949319064617157e-06, 3.615657624322921e-05, 6.236383342184126e-05, 8.857109060045332e-05, 0.00011477834777906537, 0.00014098560495767742, 0.00016719286213628948, 0.00019340011931490153, 0.00021960737649351358, 0.0002458146191202104, 0.0002720218908507377, 0.00029822916258126497, 0.0003244364052079618, 0.0003506436478346586, 0.0003768509195651859, 0.0004030581912957132, 0.00042926543392241, 0.00045547267654910684, 0.0004816799482796341, 0.0005078872200101614, 0.0005340944626368582, 0.000560301705263555, 0.0005865090060979128, 0.0006127162487246096, 0.0006389234913513064, 0.0006651307339780033, 0.0006913379766047001, 0.0007175452774390578, 0.0007437525200657547, 0.0007699597626924515, 0.0007961670635268092, 0.000822374306153506, 0.0008485815487802029, 0.0008747887914068997, 0.0009009960340335965, 0.0009272033348679543, 0.0009534105774946511, 0.000979617820121348, 0.0010058251209557056, 0.0010320323053747416, 0.0010582396062090993]}, "gradients/fc1.bias": {"_type": "histogram", "values": [1.0, 0.0, 0.0, 0.0, 0.0, 0.0, 0.0, 1.0, 0.0, 0.0, 0.0, 0.0, 0.0, 0.0, 0.0, 0.0, 0.0, 0.0, 0.0, 1.0, 1.0, 1.0, 0.0, 0.0, 0.0, 3.0, 0.0, 109.0, 2.0, 1.0, 0.0, 3.0, 1.0, 1.0, 0.0, 0.0, 2.0, 0.0, 0.0, 0.0, 0.0, 0.0, 0.0, 0.0, 0.0, 0.0, 0.0, 0.0, 0.0, 0.0, 0.0, 0.0, 0.0, 0.0, 0.0, 0.0, 0.0, 0.0, 0.0, 0.0, 0.0, 0.0, 0.0, 1.0], "bins": [-0.0004788339720107615, -0.0004612399498000741, -0.0004436459275893867, -0.00042605187627486885, -0.00040845785406418145, -0.00039086383185349405, -0.0003732697805389762, -0.0003556757583282888, -0.0003380817361176014, -0.000320487713906914, -0.0003028936916962266, -0.00028529964038170874, -0.00026770561817102134, -0.00025011159596033394, -0.00023251755919773132, -0.0002149235224351287, -0.0001973295002244413, -0.0001797354780137539, -0.00016214144125115126, -0.00014454740448854864, -0.00012695338227786124, -0.00010935935279121622, -9.176532330457121e-05, -7.41712938179262e-05, -5.6577264331281185e-05, -3.898323484463617e-05, -2.138920535799116e-05, -3.795175871346146e-06, 1.3798853615298867e-05, 3.139288310194388e-05, 4.8986912588588893e-05, 6.65809420752339e-05, 8.417497156187892e-05, 0.00010176900104852393, 0.00011936303053516895, 0.00013695706729777157, 0.00015455108950845897, 0.00017214511171914637, 0.000189739148481749, 0.00020733318524435163, 0.00022492720745503902, 0.00024252122966572642, 0.0002601152518764138, 0.0002777093031909317, 0.0002953033254016191, 0.0003128973476123065, 0.00033049139892682433, 0.00034808542113751173, 0.00036567944334819913, 0.00038327346555888653, 0.0004008674877695739, 0.0004184615390840918, 0.0004360555612947792, 0.0004536495835054666, 0.00047124363481998444, 0.0004888376570306718, 0.0005064316792413592, 0.0005240257014520466, 0.000541619723662734, 0.0005592137458734214, 0.0005768077680841088, 0.0005944018485024571, 0.0006119958707131445, 0.0006295898929238319, 0.0006471839151345193]}, "gradients/fc_vehicle_count.weight": {"_type": "histogram",