{"reward": 9.348696410655975, "_timestamp": 1721229340.5198321, "_runtime": 4560.2789351940155, "_step": 749, "epsilon": 0.05000000000007028, "mean_reward": 9.316739082336426, "gradients/fc2.weight": {"_type": "histogram", "values": [1.0, 0.0, 0.0, 0.0, 0.0, 0.0, 0.0, 0.0, 0.0, 0.0, 0.0, 0.0, 0.0, 0.0, 0.0, 0.0, 0.0, 0.0, 1.0, 0.0, 0.0, 0.0, 1.0, 0.0, 0.0, 0.0, 1.0, 0.0, 0.0, 1.0, 0.0, 1.0, 1.0, 0.0, 0.0, 1.0, 0.0, 1.0, 0.0, 1.0, 1.0, 1.0, 1.0, 2.0, 1.0, 6.0, 4.0, 2658.0, 1.0, 0.0, 0.0, 0.0, 0.0, 0.0, 0.0, 0.0, 1.0, 0.0, 0.0, 0.0, 0.0, 0.0, 0.0, 2.0], "bins": [-0.007463702000677586, -0.007306684739887714, -0.0071496679447591305, -0.006992650683969259, -0.006835633423179388, -0.006678616628050804, -0.006521599367260933, -0.006364582106471062, -0.006207565311342478, -0.006050548050552607, -0.005893530789762735, -0.0057365139946341515, -0.00557949673384428, -0.005422479473054409, -0.005265462677925825, -0.005108445417135954, -0.00495142862200737, -0.004794411361217499, -0.0046373941004276276, -0.004480377305299044, -0.0043233600445091724, -0.004166342783719301, -0.004009325988590717, -0.003852308727800846, -0.003695291467010975, -0.0035382744390517473, -0.0033812574110925198, -0.003224240383133292, -0.003067223122343421, -0.0029102060943841934, -0.002753189066424966, -0.0025961718056350946, -0.0024391545448452234, -0.002282137516885996, -0.0021251202560961246, -0.001968103228136897, -0.0018110862001776695, -0.0016540690558031201, -0.0014970519114285707, -0.0013400348834693432, -0.0011830177390947938, -0.0010260005947202444, -0.0008689835667610168, -0.0007119664223864675, -0.000554949336219579, -0.0003979322500526905, -0.00024091513478197157, -8.389803406316787e-05, 7.311906665563583e-05, 0.00023013616737443954, 0.00038715326809324324, 0.0005441703833639622, 0.0007011874695308506, 0.0008582045556977391, 0.0010152217000722885, 0.001172238728031516, 0.0013292558724060655, 0.0014862730167806149, 0.0016432900447398424, 0.0018003071891143918, 0.001957324333488941, 0.0021143413614481688, 0.0022713583894073963, 0.0024283756501972675, 0.002585392678156495]}, "gradients/fc2.bias": {"_type": "histogram", "values": [1.0, 0.0, 0.0, 0.0, 0.0, 0.0, 0.0, 0.0, 0.0, 0.0, 1.0, 0.0, 0.0, 0.0, 0.0, 0.0, 0.0, 0.0, 0.0, 0.0, 1.0, 0.0, 0.0, 0.0, 0.0, 0.0, 0.0, 0.0, 0.0, 0.0, 0.0, 1.0, 0.0, 0.0, 0.0, 2.0, 0.0, 0.0, 1.0, 1.0, 1.0, 0.0, 11.0, 0.0, 0.0, 0.0, 0.0, 0.0, 0.0, 0.0, 0.0, 0.0, 0.0, 0.0, 0.0, 0.0, 0.0, 0.0, 0.0, 0.0, 0.0, 0.0, 0.0, 1.0], "bins": [-0.005836997181177139, -0.005698057357221842, -0.005559117533266544, -0.005420177709311247, -0.005281237419694662, -0.005142297595739365, -0.005003357771784067, -0.00486441794782877, -0.004725478123873472, -0.004586538299918175, -0.00444759801030159, -0.0043086581863462925, -0.004169718362390995, -0.0040307785384356976, -0.0038918387144804, -0.003752898657694459, -0.0036139588337391615, -0.003475019009783864, -0.003336078952997923, -0.0031971391290426254, -0.003058199305087328, -0.002919259248301387, -0.0027803194243460894, -0.002641379600390792, -0.0025024395436048508, -0.0023634997196495533, -0.002224559895694256, -0.0020856200717389584, -0.0019466800149530172, -0.0018077401909977198, -0.0016688002506271005, -0.001529860426671803, -0.0013909204863011837, -0.0012519805459305644, -0.001113040721975267, -0.0009741007816046476, -0.0008351608994416893, -0.0006962210172787309, -0.0005572810769081116, -0.0004183411947451532, -0.0002794013125821948, -0.0001404614158673212, -1.5215191524475813e-06, 0.00013741837756242603, 0.00027635827427729964, 0.000415298156440258, 0.0005542380968108773, 0.0006931779789738357, 0.0008321178611367941, 0.0009710577432997525, 0.0011099976254627109, 0.0012489375658333302, 0.0013878773897886276, 0.001526817330159247, 0.0016657572705298662, 0.0018046970944851637, 0.001943637034855783, 0.0020825769752264023, 0.0022215167991816998, 0.0023604566231369972, 0.0024993966799229383, 0.002638336503878236, 0.0027772763278335333, 0.0029162163846194744, 0.003055156208574772]}, "gradients/fc1.weight": {"_type": "histogram", "values": [1.0, 0.0, 1.0, 0.0, 0.0, 0.0, 0.0, 0.0, 0.0, 0.0, 1.0, 0.0, 0.0, 1.0, 0.0, 1.0, 0.0, 0.0, 0.0, 1.0, 0.0, 2.0, 1.0, 1.0, 1.0, 0.0, 1.0, 1.0, 2.0, 0.0, 2.0, 4.0, 3.0, 4.0, 16350.0, 0.0, 0.0, 1.0, 1.0, 0.0, 0.0, 0.0, 0.0, 0.0, 0.0, 0.0, 0.0, 1.0, 0.0, 1.0, 0.0, 0.0, 0.0, 0.0, 0.0, 0.0, 1.0, 0.0, 0.0, 0.0, 0.0, 0.0, 0.0, 1.0], "bins": [-0.0025921149645000696, -0.0025170668959617615, -0.0024420185945928097, -0.0023669705260545015, -0.0022919224575161934, -0.0022168741561472416, -0.0021418260876089334, -0.0020667777862399817, -0.0019917297177016735, -0.0019166815327480435, -0.0018416333477944136, -0.0017665852792561054, -0.0016915370943024755, -0.0016164889093488455, -0.0015414408408105373, -0.0014663926558569074, -0.0013913444709032774, -0.0013162962859496474, -0.0012412481009960175, -0.0011662000324577093, -0.0010911518475040793, -0.0010161036625504494, -0.0009410555358044803, -0.0008660074090585113, -0.0007909592241048813, -0.0007159110391512513, -0.0006408629124052823, -0.0005658147856593132, -0.0004907666007056832, -0.0004157184448558837, -0.0003406702890060842, -0.0002656221331562847, -0.00019057397730648518, -0.00011552582145668566, -4.047766560688615e-05, 3.4570490242913365e-05, 0.00010961864609271288, 0.0001846668019425124, 0.0002597149577923119, 0.0003347631136421114, 0.00040981126949191093, 0.00048485942534171045, 0.00055990758119151, 0.000634955707937479, 0.000710003892891109, 0.000785052077844739, 0.000860100204590708, 0.0009351483313366771, 0.001010196516290307, 0.001085244701243937, 0.001160292886197567, 0.0012353409547358751, 0.001310389139689505, 0.001385437324643135, 0.0014604853931814432, 0.0015355335781350732, 0.0016105817630887032, 0.0016856299480423331, 0.001760678132995963, 0.0018357262015342712, 0.0019107743864879012, 0.001985822571441531, 0.0020608706399798393, 0.002135918941348791, 0.0022109670098870993]}, "gradients/fc1.bias": {"_type": "histogram", "values": [1.0, 0.0, 0.0, 0.0, 0.0, 0.0, 0.0, 0.0, 0.0, 0.0, 0.0, 0.0, 0.0, 0.0, 0.0, 0.0, 0.0, 0.0, 0.0, 0.0, 0.0, 0.0, 0.0, 0.0, 0.0, 0.0, 0.0, 0.0, 0.0, 0.0, 0.0, 0.0, 0.0, 0.0, 0.0, 1.0, 0.0, 0.0, 0.0, 0.0, 0.0, 0.0, 1.0, 0.0, 0.0, 0.0, 0.0, 0.0, 0.0, 0.0, 0.0, 0.0, 0.0, 0.0, 0.0, 0.0, 0.0, 0.0, 0.0, 0.0, 0.0, 0.0, 1.0, 124.0], "bins": [-0.0023559625260531902, -0.0023191506043076515, -0.002282338682562113, -0.002245526760816574, -0.0022087148390710354, -0.0021719029173254967, -0.002135090995579958, -0.0020982790738344193, -0.0020614671520888805, -0.002024655230343342, -0.001987843308597803, -0.0019510315032675862, -0.0019142195815220475, -0.0018774076597765088, -0.00184059573803097, -0.0018037838162854314, -0.0017669718945398927, -0.001730159972794354, -0.0016933480510488153, -0.0016565361293032765, -0.0016197242075577378, -0.0015829122858121991, -0.0015461003640666604, -0.0015092884423211217, -0.0014724766369909048, -0.001435664715245366, -0.0013988527934998274, -0.0013620408717542887, -0.00132522895000875, -0.0012884170282632113, -0.0012516051065176725, -0.0012147931847721338, -0.0011779812630265951, -0.0011411693412810564, -0.0011043574195355177, -0.001067545497789979, -0.0010307335760444403, -0.0009939216542989016, -0.0009571097907610238, -0.000920297869015485, -0.0008834859472699463, -0.0008466740255244076, -0.0008098621037788689, -0.0007730501820333302, -0.0007362383184954524, -0.0006994263967499137, -0.000662614475004375, -0.0006258025532588363, -0.0005889906315132976, -0.0005521787097677588, -0.0005153667880222201, -0.0004785548953805119, -0.00044174297363497317, -0.00040493105188943446, -0.0003681191592477262, -0.0003313072375021875, -0.0002944953157566488, -0.00025768339401111007, -0.00022087148681748658, -0.0001840595796238631, -0.0001472476578783244, -0.00011043574340874329, -7.36238289391622e-05, -3.68119144695811e-05, 0.0]}, "gradients/fc_vehicle_count.weight": {"_type": "histogram",