{"reward": 9.053454846143723, "episode": 59, "_timestamp": 1721233184.3587918, "epsilon": 0.05311676386485684, "mean_reward": 8.820605278015137, "_runtime": 136.45754384994507, "_step": 59, "_wandb": {"runtime": 136}, "sum_of_rewards": 8.168522194900163}