{"reward": 34.01197284460068, "_timestamp": 1721221226.6180081, "_runtime": 111.67501211166382, "_step": 3, "epsilon": 0.8780750499117959}