{"reward": 9.07620632648468, "episode": 137, "_timestamp": 1721240502.6090162, "epsilon": 0.05, "mean_reward": 8.34683609008789, "_runtime": 451.4784162044525, "_step": 137, "_wandb": {"runtime": 452}}