{"reward": 8.861812889575958, "episode": 399, "_timestamp": 1721260146.8396091, "epsilon": 0.05005216168515965, "_runtime": 2126.8150532245636, "_step": 399, "mean_reward": 9.401554107666016, "_wandb": {"runtime": 2126}, "sum_of_rewards": 9.134541981071234}