{"reward": 8.217888042330742, "_timestamp": 1721223368.898726, "_runtime": 248.88192486763, "_step": 199, "epsilon": 0.0503016936099187, "gradients/fc2.weight": {"_type": "histogram", "values": [1.0, 1.0, 0.0, 0.0, 0.0, 0.0, 0.0, 0.0, 0.0, 1.0, 1.0, 0.0, 0.0, 1.0, 1.0, 0.0, 0.0, 0.0, 2.0, 2.0, 0.0, 0.0, 2664.0, 4.0, 0.0, 2.0, 3.0, 3.0, 0.0, 0.0, 0.0, 0.0, 0.0, 0.0, 0.0, 0.0, 0.0, 0.0, 0.0, 0.0, 0.0, 0.0, 0.0, 0.0, 0.0, 0.0, 0.0, 0.0, 0.0, 0.0, 0.0, 0.0, 0.0, 0.0, 0.0, 0.0, 0.0, 0.0, 0.0, 0.0, 1.0, 0.0, 0.0, 1.0], "bins": [-6.368114554788917e-06, -6.0799152379331645e-06, -5.791715921077412e-06, -5.503516604221659e-06, -5.215317287365906e-06, -4.927117515762802e-06, -4.638918198907049e-06, -4.3507188820512965e-06, -4.062519565195544e-06, -3.774320248339791e-06, -3.486120931484038e-06, -3.1979213872546097e-06, -2.909722070398857e-06, -2.621522753543104e-06, -2.3333232093136758e-06, -2.045123892457923e-06, -1.75692457560217e-06, -1.4687252587464172e-06, -1.1805258282038267e-06, -8.92326454504655e-07, -6.041270808054833e-07, -3.1592770710631157e-07, -2.772833340713987e-08, 2.6047104029203183e-07, 5.486704139912035e-07, 8.368697876903752e-07, 1.125069161389547e-06, 1.4132685919321375e-06, 1.7014679087878903e-06, 1.989667225643643e-06, 2.2778667698730715e-06, 2.5660660867288243e-06, 2.854266313079279e-06, 3.1424656299350318e-06, 3.4306649467907846e-06, 3.718864491020213e-06, 4.00706358050229e-06, 4.295263352105394e-06, 4.583462668961147e-06, 4.8716619858169e-06, 5.1598613026726525e-06, 5.448060619528405e-06, 5.736259936384158e-06, 6.024459253239911e-06, 6.312659024843015e-06, 6.600858341698768e-06, 6.8890576585545205e-06, 7.177256975410273e-06, 7.465456292266026e-06, 7.75365606386913e-06, 8.041854925977532e-06, 8.330054697580636e-06, 8.618253559689038e-06, 8.906453331292141e-06, 9.194652193400543e-06, 9.482851965003647e-06, 9.771050827112049e-06, 1.0059250598715153e-05, 1.0347450370318256e-05, 1.0635649232426658e-05, 1.0923849004029762e-05, 1.1212047866138164e-05, 1.1500247637741268e-05, 1.178844649984967e-05, 1.2076646271452773e-05]}, "gradients/fc2.bias": {"_type": "histogram", "values": [1.0, 0.0, 0.0, 0.0, 0.0, 0.0, 0.0, 0.0, 0.0, 1.0, 0.0, 0.0, 0.0, 1.0, 0.0, 0.0, 0.0, 0.0, 1.0, 1.0, 0.0, 0.0, 9.0, 2.0, 0.0, 0.0, 2.0, 2.0, 0.0, 0.0, 0.0, 0.0, 0.0, 0.0, 0.0, 0.0, 0.0, 0.0, 0.0, 0.0, 0.0, 0.0, 0.0, 0.0, 0.0, 0.0, 0.0, 0.0, 0.0, 0.0, 0.0, 0.0, 0.0, 0.0, 0.0, 0.0, 0.0, 0.0, 0.0, 0.0, 0.0, 0.0, 0.0, 1.0], "bins": [-0.001229907968081534, -0.0011742464266717434, -0.0011185850016772747, -0.001062923576682806, -0.0010072620352730155, -0.0009516005520708859, -0.0008959390688687563, -0.0008402775856666267, -0.0007846161024644971, -0.0007289546192623675, -0.0006732931360602379, -0.0006176316528581083, -0.0005619701696559787, -0.0005063086864538491, -0.0004506472032517195, -0.00039498572004958987, -0.00033932423684746027, -0.00028366275364533067, -0.00022800127044320107, -0.00017233978724107146, -0.00011667830403894186, -6.101682083681226e-05, -5.355337634682655e-06, 5.030614556744695e-05, 0.00010596762876957655, 0.00016162911197170615, 0.00021729059517383575, 0.00027295207837596536, 0.00032861356157809496, 0.00038427504478022456, 0.00043993652798235416, 0.0004955980111844838, 0.0005512596108019352, 0.0006069210940040648, 0.0006625825772061944, 0.000718244060408324, 0.0007739055436104536, 0.0008295670268125832, 0.0008852285100147128, 0.0009408899932168424, 0.000996551476418972, 0.0010522129014134407, 0.0011078744428232312, 0.0011635359842330217, 0.0012191974092274904, 0.0012748588342219591, 0.0013305203756317496, 0.0013861819170415401, 0.0014418433420360088, 0.0014975047670304775, 0.001553166308440268, 0.0016088278498500586, 0.0016644892748445272, 0.001720150699838996, 0.0017758122412487864, 0.001831473782658577, 0.0018871352076530457, 0.0019427966326475143, 0.001998458057641983, 0.0020541197154670954, 0.002109781140461564, 0.0021654425654560328, 0.002221104223281145, 0.002276765648275614, 0.0023324270732700825]}, "gradients/fc1.weight": {"_type": "histogram", "values": [4096.0], "bins": [0.0, 0.0]}, "gradients/fc1.bias": {"_type": "histogram", "values": [1.0, 0.0, 0.0, 0.0, 0.0, 0.0, 0.0, 0.0, 0.0, 0.0, 0.0, 0.0, 0.0, 0.0, 0.0, 0.0, 0.0, 0.0, 0.0, 0.0, 0.0, 1.0, 0.0, 0.0, 0.0, 0.0, 0.0, 0.0, 0.0, 0.0, 0.0, 0.0, 0.0, 0.0, 0.0, 0.0, 0.0, 0.0, 0.0, 0.0, 0.0, 0.0, 0.0, 0.0, 0.0, 0.0, 0.0, 0.0, 0.0, 0.0, 0.0, 0.0, 0.0, 0.0, 0.0, 0.0, 0.0, 0.0, 0.0, 0.0, 0.0, 0.0, 0.0, 126.0], "bins": [-4.193496351945214e-05, -4.127973079448566e-05, -4.062449443154037e-05, -3.996926170657389e-05, -3.931402898160741e-05, -3.8658796256640926e-05, -3.800355989369564e-05, -3.7348327168729156e-05, -3.6693094443762675e-05, -3.6037858080817387e-05, -3.5382625355850905e-05, -3.4727392630884424e-05, -3.4072156267939135e-05, -3.3416923542972654e-05, -3.276169081800617e-05, -3.210645809303969e-05, -3.14512217300944e-05, -3.079598900512792e-05, -3.0140754461172037e-05, -2.9485521736205555e-05, -2.883028719224967e-05, -2.817505446728319e-05, -2.7519819923327304e-05, -2.686458537937142e-05, -2.6209352654404938e-05, -2.5554118110449053e-05, -2.4898885385482572e-05, -2.4243650841526687e-05, -2.3588416297570802e-05, -2.293318357260432e-05, -2.2277949028648436e-05, -2.1622716303681955e-05, -2.096748175972607e-05, -2.0312247215770185e-05, -1.9657014490803704e-05, -1.900177994684782e-05, -1.8346547221881337e-05, -1.7691312677925453e-05, -1.7036078133969568e-05, -1.6380845409003086e-05, -1.57256108650472e-05, -1.5070377230586018e-05, -1.4415143596124835e-05, -1.3759909961663652e-05, -1.3104676327202469e-05, -1.2449442692741286e-05, -1.1794208148785401e-05, -1.1138974514324218e-05, -1.0483740879863035e-05, -9.828507245401852e-06, -9.173273610940669e-06, -8.518039066984784e-06, -7.8628054325236e-06, -7.207571798062418e-06, -6.5523381636012346e-06, -5.8971040743927006e-06, -5.2418704399315175e-06, -4.586636805470334e-06, -3.9314027162618e-06, -3.2761690818006173e-06, -2.6209352199657587e-06, -1.9657013581309e-06, -1.3104676099828794e-06, -6.552338049914397e-07, 0.0]}, "gradients/fc_vehicle_count.weight": {"_type": "histogram", "values": [96.0], "bins": [0.0, 0.0]}, "gradients/fc_vehicle_count.bias": {"_type": "histogram", "values": [16.0], "bins": [0.0, 0.0]}, "gradients/fc_occupancy.weight": {"_type": "histogram", "values": [96.0], "bins": [0.0, 0.0]}, "gradients/fc_occupancy.bias": {"_type": "histogram", "values": [16.0], "bins": [0.0, 0.0]}, "_wandb": {"runtime": 248}}