{"action": 5, "_timestamp": 1721654374.920372, "_runtime": 189.04065489768982, "_step": 1099, "_wandb": {"runtime": 188}}