{"reward": 9.360222697257996, "episode": 399, "_timestamp": 1721243704.4671302, "epsilon": 0.05004495543088277, "_runtime": 1907.6377081871033, "_step": 399, "mean_reward": 9.413076400756836, "_wandb": {"runtime": 1907}, "sum_of_rewards": 9.09688573166728}