{"reward": 9.25603872537613, "episode": 42, "_timestamp": 1721233982.497084, "epsilon": 0.07099491000135216, "_runtime": 176.89151000976562, "_step": 42, "mean_reward": 7.843226432800293, "_wandb": {"runtime": 177}}