{"reward": 8.881852716207504, "episode": 399, "_timestamp": 1721254200.753217, "epsilon": 0.055961652057604956, "_runtime": 2084.0629160404205, "_step": 399, "mean_reward": 9.039924621582031, "_wandb": {"runtime": 2083}, "sum_of_rewards": 8.528986307904125}