{"reward": 6.509207665920258, "_timestamp": 1721224707.943983, "_runtime": 71.14115715026855, "_step": 17, "epsilon": 0.16145889528259827, "mean_reward": 5.352802753448486, "_wandb": {"runtime": 70}}