{"reward": 9.225358784198761, "episode": 249, "_timestamp": 1721249475.811723, "epsilon": 0.06953065928779864, "_runtime": 1241.7738440036774, "_step": 249, "mean_reward": 9.09266471862793, "_wandb": {"runtime": 1241}, "sum_of_rewards": 8.75589600610733}