{"reward": 9.28545331954956, "episode": 399, "_timestamp": 1721245046.7464068, "epsilon": 0.05001911426577718, "_runtime": 1947.497790813446, "_step": 399, "mean_reward": 9.290234565734863, "_wandb": {"runtime": 1946}, "sum_of_rewards": 9.042236789390445}