{"reward": 7.001318633556366, "_timestamp": 1721224489.873923, "_runtime": 178.55797505378723, "_step": 47, "epsilon": 0.7664060300788462, "mean_reward": 6.578096389770508, "_wandb": {"runtime": 186}}