{"reward": 33.473587691783905, "_timestamp": 1721221227.154876, "_runtime": 112.00432801246643, "_step": 3, "epsilon": 0.6358383845779412}