{"reward": 8.506370723247528, "_timestamp": 1721224703.493849, "_runtime": 66.69096112251282, "_step": 20, "epsilon": 0.2477650129803266, "mean_reward": 7.552117824554443, "_wandb": {"runtime": 70}}