{"reward": 9.554243266582489, "episode": 649, "_timestamp": 1721299429.763138, "epsilon": 0.05, "_runtime": 3478.552536010742, "_step": 649, "mean_reward": 9.366254806518555, "_wandb": {"runtime": 3478}, "sum_of_rewards": 9.328514644870392}