{"reward": 9.530181646347046, "episode": 399, "_timestamp": 1721248930.564645, "epsilon": 0.05, "_runtime": 1971.660794019699, "_step": 399, "mean_reward": 9.41054916381836, "_wandb": {"runtime": 1971}, "sum_of_rewards": 9.267304666638374}