{"reward": 9.630401253700256, "episode": 59, "_timestamp": 1721233246.112271, "epsilon": 0.05, "mean_reward": 9.047691345214844, "_runtime": 129.8399760723114, "_step": 59, "_wandb": {"runtime": 129}, "sum_of_rewards": 8.22785735587279}