{"reward": 9.169872164726257, "episode": 59, "_timestamp": 1721233645.5114272, "epsilon": 0.05010461321218851, "mean_reward": 8.493270874023438, "_runtime": 122.95297908782959, "_step": 59, "_wandb": {"runtime": 122}, "sum_of_rewards": 8.204758148581263}