{"reward": 9.44238793849945, "episode": 399, "_timestamp": 1721255155.928438, "epsilon": 0.05, "_runtime": 2179.8117249011993, "_step": 399, "mean_reward": 9.30380916595459, "_wandb": {"runtime": 2179}, "sum_of_rewards": 9.31949391141534}