{"reward": 8.712874412536621, "episode": 499, "_timestamp": 1721296082.8569658, "epsilon": 0.05, "_runtime": 2865.9358718395233, "_step": 499, "mean_reward": 9.367976188659668, "_wandb": {"runtime": 2864}, "sum_of_rewards": 9.30932569539547}