{"reward": 7.210916697978973, "episode": 29, "_timestamp": 1721230587.576125, "epsilon": 0.13112077732412541, "mean_reward": 6.637798309326172, "_runtime": 59.39273190498352, "_step": 29, "_wandb": {"runtime": 58}}