{"reward": 9.239976108074188, "episode": 249, "_timestamp": 1721247473.646635, "epsilon": 0.05000000000002406, "_runtime": 1225.3511970043182, "_step": 249, "mean_reward": 9.3009614944458, "_wandb": {"runtime": 1224}, "sum_of_rewards": 9.117179510474205}