{"reward": 9.632261097431183, "episode": 399, "_timestamp": 1721255995.416686, "epsilon": 0.05377721745412754, "_runtime": 2217.5399899482727, "_step": 399, "mean_reward": 9.378880500793457, "_wandb": {"runtime": 2217}, "sum_of_rewards": 8.925406755805016}