{"reward": 37.45399844646454, "_timestamp": 1721223030.722534, "_runtime": 29.978430032730103, "_step": 1, "epsilon": 0.5352871468190445}