{"reward": 33.1901695728302, "_timestamp": 1721221230.1143968, "_runtime": 115.05180072784424, "_step": 3, "epsilon": 0.5504951990957591}