{"reward": 9.541128873825073, "episode": 249, "_timestamp": 1721236871.406985, "epsilon": 0.05, "mean_reward": 9.282428741455078, "_runtime": 825.3103110790253, "_step": 249, "_wandb": {"runtime": 824}, "sum_of_rewards": 9.05261053343614}