{"reward": 9.237271666526794, "episode": 399, "_timestamp": 1721249458.337097, "epsilon": 0.05000000001083381, "_runtime": 1972.428829908371, "_step": 399, "mean_reward": 9.35200023651123, "_wandb": {"runtime": 1971}, "sum_of_rewards": 9.229275288507342}