{"reward": 9.553929686546326, "episode": 499, "_timestamp": 1721302426.343709, "epsilon": 0.05, "_runtime": 2806.988522052765, "_step": 499, "mean_reward": 9.312677383422852, "_wandb": {"runtime": 2806}, "sum_of_rewards": 9.134956634998321}