{"reward": 9.520096004009247, "episode": 449, "_timestamp": 1721287926.729543, "epsilon": 0.05, "_runtime": 2425.7605998516083, "_step": 449, "mean_reward": 9.374271392822266, "_wandb": {"runtime": 2425}, "sum_of_rewards": 9.251062182188035}