{"reward": 8.85042604804039, "episode": 399, "_timestamp": 1721252880.226867, "epsilon": 0.05, "_runtime": 2080.618535041809, "_step": 399, "mean_reward": 9.39576244354248, "_wandb": {"runtime": 2079}, "sum_of_rewards": 9.297847340553998}