{"reward": 9.454906463623047, "episode": 399, "_timestamp": 1721239906.973004, "epsilon": 0.05, "mean_reward": 9.31750774383545, "_runtime": 1242.855634212494, "_step": 399, "_wandb": {"runtime": 1241}, "sum_of_rewards": 9.08139749225643}