{"reward": 9.047463446855545, "episode": 249, "_timestamp": 1721236027.743754, "epsilon": 0.05, "mean_reward": 9.292549133300781, "_runtime": 766.3830590248108, "_step": 249, "_wandb": {"runtime": 765}, "sum_of_rewards": 8.930291465612559}