{"reward": 5.564263433218002, "_timestamp": 1721224705.212713, "_runtime": 68.41038799285889, "_step": 17, "epsilon": 0.29620997590725595, "mean_reward": 5.941599369049072, "_wandb": {"runtime": 70}}