{"reward": 9.613011240959167, "episode": 449, "_timestamp": 1721279523.3624032, "epsilon": 0.05, "_runtime": 2364.2773001194, "_step": 449, "mean_reward": 9.4810209274292, "_wandb": {"runtime": 2363}, "sum_of_rewards": 9.162687563167678}