{"reward": 9.622797667980194, "episode": 399, "_timestamp": 1721236112.347574, "epsilon": 0.05000000000000001, "mean_reward": 9.399401664733887, "_runtime": 1256.3800070285797, "_step": 399, "_wandb": {"runtime": 1256}, "sum_of_rewards": 9.096339070705268}