{"reward": 8.760884881019592, "episode": 399, "_timestamp": 1721242501.191952, "epsilon": 0.050663547456198964, "_runtime": 1922.1767358779907, "_step": 399, "mean_reward": 8.352282524108887, "_wandb": {"runtime": 1921}, "sum_of_rewards": 8.188201972320677}