{"reward": 9.629076659679413, "episode": 399, "_timestamp": 1721255712.617604, "epsilon": 0.05552430856225597, "_runtime": 2175.417503118515, "_step": 399, "mean_reward": 9.333636283874512, "_wandb": {"runtime": 2175}, "sum_of_rewards": 8.849510844945907}