{"reward": 6.130698144435883, "_timestamp": 1721224703.158738, "_runtime": 66.47255086898804, "_step": 17, "epsilon": 0.13372018355470222, "mean_reward": 5.53922700881958, "_wandb": {"runtime": 71}}