{"reward": 9.354504227638245, "_timestamp": 1721229377.5496771, "_runtime": 4597.004732131958, "_step": 749, "epsilon": 0.050000000000045015, "mean_reward": 9.10419750213623, "gradients/fc2.weight": {"_type": "histogram", "values": [672.0], "bins": [0.0, 0.0]}, "gradients/fc2.bias": {"_type": "histogram", "values": [1.0, 1.0, 0.0, 0.0, 0.0, 0.0, 0.0, 0.0, 0.0, 0.0, 0.0, 0.0, 0.0, 0.0, 0.0, 0.0, 13.0, 1.0, 0.0, 0.0, 0.0, 0.0, 0.0, 0.0, 0.0, 0.0, 0.0, 0.0, 0.0, 0.0, 0.0, 0.0, 0.0, 0.0, 0.0, 0.0, 0.0, 0.0, 0.0, 0.0, 0.0, 0.0, 0.0, 0.0, 0.0, 0.0, 0.0, 0.0, 0.0, 0.0, 1.0, 1.0, 0.0, 0.0, 0.0, 1.0, 0.0, 1.0, 0.0, 0.0, 0.0, 0.0, 0.0, 1.0], "bins": [-0.007788974791765213, -0.007330331485718489, -0.006871688179671764, -0.00641304487362504, -0.005954401567578316, -0.005495758261531591, -0.005037114955484867, -0.004578471649438143, -0.0041198283433914185, -0.0036611848045140505, -0.003202541498467326, -0.002743898192420602, -0.002285254653543234, -0.0018266114639118314, -0.0013679680414497852, -0.0009093247354030609, -0.0004506814293563366, 7.961905794218183e-06, 0.00046660524094477296, 0.0009252486051991582, 0.0013838919112458825, 0.0018425352172926068, 0.002301178639754653, 0.0027598219458013773, 0.0032184652518481016, 0.003677108557894826, 0.004135752096772194, 0.004594395402818918, 0.0050530387088656425, 0.005511682014912367, 0.005970325320959091, 0.0064289686270058155, 0.00688761193305254, 0.007346255239099264, 0.0078048985451459885, 0.008263542316854, 0.008722185157239437, 0.009180828928947449, 0.009639471769332886, 0.010098115541040897, 0.010556758381426334, 0.011015402153134346, 0.011474044993519783, 0.011932688765227795, 0.012391331605613232, 0.012849975377321243, 0.01330861821770668, 0.013767261989414692, 0.014225905761122704, 0.01468454860150814, 0.015143192373216152, 0.01560183521360159, 0.0160604789853096, 0.016519121825695038, 0.016977764666080475, 0.01743640936911106, 0.017895052209496498, 0.018353695049881935, 0.018812337890267372, 0.01927098259329796, 0.019729625433683395, 0.020188268274068832, 0.02064691111445427, 0.021105555817484856, 0.021564198657870293]}, "gradients/fc1.weight": {"_type": "histogram", "values": [4096.0], "bins": [0.0, 0.0]}, "gradients/fc1.bias": {"_type": "histogram", "values": [32.0], "bins": [0.0, 0.0]}, "gradients/fc_vehicle_count.weight": {"_type": "histogram", "values": [384.0], "bins": [0.0, 0.0]}, "gradients/fc_vehicle_count.bias": {"_type": "histogram", "values": [64.0], "bins": [0.0, 0.0]}, "gradients/fc_occupancy.weight": {"_type": "histogram", "values": [384.0], "bins": [0.0, 0.0]}, "gradients/fc_occupancy.bias": {"_type": "histogram", "values": [64.0], "bins": [0.0, 0.0]}, "_wandb": {"runtime": 4596}}