{"reward": 7.9470740258693695, "episode": 399, "_timestamp": 1721250386.606015, "epsilon": 0.05724342447191138, "_runtime": 1995.6117930412292, "_step": 399, "mean_reward": 8.564929008483887, "_wandb": {"runtime": 1995}, "sum_of_rewards": 8.233520909771324}