{"reward": 9.507334232330322, "episode": 249, "_timestamp": 1721244362.704756, "epsilon": 0.0500000000000821, "_runtime": 1252.509395122528, "_step": 249, "mean_reward": 9.378613471984863, "_wandb": {"runtime": 1251}, "sum_of_rewards": 9.146379431247711}