{"reward": 8.997549057006836, "episode": 249, "_timestamp": 1721241781.891561, "epsilon": 0.05000017614308417, "_runtime": 1202.8854041099548, "_step": 249, "mean_reward": 9.003091812133789, "_wandb": {"runtime": 1202}, "sum_of_rewards": 8.794878039836883}