{"reward": 9.518006801605225, "episode": 249, "_timestamp": 1721244274.795729, "epsilon": 0.05000010550947982, "_runtime": 1201.2871890068054, "_step": 249, "mean_reward": 8.938040733337402, "_wandb": {"runtime": 1200}, "sum_of_rewards": 8.77384474170208}