{"reward": 7.228841066360474, "_timestamp": 1721224497.365141, "_runtime": 191.3157398700714, "_step": 50, "epsilon": 0.6094576961975313, "mean_reward": 6.818289279937744, "_wandb": {"runtime": 191}}