{"reward": 9.08600115776062, "episode": 649, "_timestamp": 1721276530.4823291, "epsilon": 0.05, "_runtime": 3408.247668027878, "_step": 649, "mean_reward": 9.398336410522461, "_wandb": {"runtime": 3407}, "sum_of_rewards": 9.31817096063724}