{"reward": 9.433064758777618, "episode": 249, "_timestamp": 1721250726.2972732, "epsilon": 0.09591577681828634, "_runtime": 1236.6901230812073, "_step": 249, "mean_reward": 9.005846977233887, "_wandb": {"runtime": 1236}, "sum_of_rewards": 8.296691176772118}