{"reward": 9.010989934206009, "episode": 173, "_timestamp": 1721240504.1212852, "epsilon": 0.050000000045535196, "mean_reward": 8.89316177368164, "_runtime": 559.0423030853271, "_step": 173, "_wandb": {"runtime": 558}}