{"reward": 9.031764209270477, "episode": 59, "_timestamp": 1721232473.587614, "epsilon": 0.10963244418243827, "mean_reward": 7.870566368103027, "_runtime": 126.50648307800293, "_step": 59, "_wandb": {"runtime": 126}, "sum_of_rewards": 7.757895435889562}