{"reward": 8.751748144626617, "episode": 249, "_timestamp": 1721244933.250974, "epsilon": 0.05000000000008756, "_runtime": 1199.2845289707184, "_step": 249, "mean_reward": 8.81197738647461, "_wandb": {"runtime": 1198}, "sum_of_rewards": 8.7311834846735}