{"reward": 9.554243266582489, "episode": 249, "_timestamp": 1721248206.554516, "epsilon": 0.05000000000005744, "_runtime": 1249.9119591712952, "_step": 249, "mean_reward": 9.352070808410645, "_wandb": {"runtime": 1249}, "sum_of_rewards": 9.215831841111184}