{"reward": 6.413924306631088, "episode": 249, "_timestamp": 1721241823.135442, "epsilon": 0.08681215153850552, "_runtime": 1244.0821120738983, "_step": 249, "mean_reward": 7.159059047698975, "_wandb": {"runtime": 1269}, "sum_of_rewards": 6.98871220099926}