{"reward": 9.106721997261047, "episode": 59, "_timestamp": 1721233009.520842, "epsilon": 0.05656439762704859, "mean_reward": 8.520135879516602, "_runtime": 126.6739571094513, "_step": 59, "_wandb": {"runtime": 126}, "sum_of_rewards": 8.095980491212437}