{"reward": 9.126343131065369, "episode": 249, "_timestamp": 1721256907.8844202, "epsilon": 0.05000000000007335, "_runtime": 1283.9045941829681, "_step": 249, "mean_reward": 9.319279670715332, "_wandb": {"runtime": 1283}, "sum_of_rewards": 9.203700704932213}