{"reward": 8.345108926296234, "_timestamp": 1721229859.36237, "_runtime": 5078.712160110474, "_step": 1088, "epsilon": 0.05000000012857336, "mean_reward": 8.279027938842773, "gradients/fc2.weight": {"_type": "histogram", "values": [1.0, 0.0, 0.0, 0.0, 0.0, 0.0, 0.0, 0.0, 0.0, 0.0, 0.0, 0.0, 2.0, 0.0, 1.0, 1.0, 0.0, 0.0, 662.0, 1.0, 0.0, 0.0, 0.0, 0.0, 0.0, 1.0, 0.0, 0.0, 0.0, 0.0, 0.0, 0.0, 1.0, 0.0, 0.0, 0.0, 0.0, 0.0, 0.0, 0.0, 0.0, 0.0, 0.0, 0.0, 0.0, 0.0, 0.0, 0.0, 0.0, 0.0, 0.0, 1.0, 0.0, 0.0, 0.0, 0.0, 0.0, 0.0, 0.0, 0.0, 0.0, 0.0, 0.0, 1.0], "bins": [-0.036280084401369095, -0.03427710756659508, -0.03227413073182106, -0.030271155759692192, -0.028268178924918175, -0.026265202090144157, -0.02426222711801529, -0.022259250283241272, -0.020256273448467255, -0.018253296613693237, -0.01625031977891922, -0.014247344806790352, -0.012244367972016335, -0.010241391137242317, -0.008238415233790874, -0.0062354388646781445, -0.004232462495565414, -0.0022294861264526844, -0.00022650975733995438, 0.0017764666117727757, 0.0037794429808855057, 0.005782419349998236, 0.007785395719110966, 0.009788371622562408, 0.011791348457336426, 0.013794325292110443, 0.01579730212688446, 0.01780027709901333, 0.019803253933787346, 0.021806230768561363, 0.02380920574069023, 0.02581218257546425, 0.027815155684947968, 0.029818132519721985, 0.031821109354496, 0.03382408618927002, 0.03582706302404404, 0.037830036133527756, 0.03983301296830177, 0.04183598980307579, 0.04383896663784981, 0.045841943472623825, 0.04784492030739784, 0.04984789714217186, 0.05185087025165558, 0.053853847086429596, 0.05585682392120361, 0.05785980075597763, 0.05986277759075165, 0.061865754425525665, 0.06386873126029968, 0.0658717080950737, 0.06787468492984772, 0.06987766176462173, 0.07188063859939575, 0.07388361543416977, 0.07588659226894379, 0.07788956165313721, 0.07989253848791122, 0.08189551532268524, 0.08389849215745926, 0.08590146899223328, 0.0879044458270073, 0.08990742266178131, 0.09191039949655533]}, "gradients/fc2.bias": {"_type": "histogram", "values": [1.0, 0.0, 0.0, 0.0, 0.0, 0.0, 0.0, 0.0, 0.0, 0.0, 0.0, 0.0, 2.0, 0.0, 1.0, 1.0, 0.0, 0.0, 11.0, 1.0, 0.0, 0.0, 0.0, 0.0, 0.0, 1.0, 0.0, 0.0, 0.0, 0.0, 0.0, 0.0, 1.0, 0.0, 0.0, 0.0, 0.0, 0.0, 0.0, 0.0, 0.0, 0.0, 0.0, 0.0, 0.0, 0.0, 0.0, 0.0, 0.0, 0.0, 0.0, 1.0, 0.0, 0.0, 0.0, 0.0, 0.0, 0.0, 0.0, 0.0, 0.0, 0.0, 0.0, 1.0], "bins": [-0.01641504466533661, -0.01550879143178463, -0.01460253819823265, -0.013696284964680672, -0.012790031731128693, -0.011883778497576714, -0.010977525264024734, -0.010071272030472755, -0.009165018796920776, -0.008258765563368797, -0.007352512329816818, -0.006446259096264839, -0.00554000586271286, -0.004633752629160881, -0.003727499395608902, -0.002821246162056923, -0.0019149929285049438, -0.0010087396949529648, -0.00010248646140098572, 0.0008037667721509933, 0.0017100200057029724, 0.0026162732392549515, 0.0035225264728069305, 0.00442877970635891, 0.005335032939910889, 0.006241286173462868, 0.007147539407014847, 0.008053792640566826, 0.008960045874118805, 0.009866299107670784, 0.010772552341222763, 0.011678805574774742, 0.012585058808326721, 0.0134913120418787, 0.01439756527543068, 0.015303818508982658, 0.016210071742534637, 0.017116324976086617, 0.018022578209638596, 0.018928831443190575, 0.019835084676742554, 0.020741337910294533, 0.021647591143846512, 0.02255384437739849, 0.02346009761095047, 0.02436635084450245, 0.025272604078054428, 0.026178857311606407, 0.027085110545158386, 0.027991363778710365, 0.028897617012262344, 0.029803870245814323, 0.030710123479366302, 0.03161637485027313, 0.03252262994647026, 0.03342888504266739, 0.03433513641357422, 0.03524138778448105, 0.03614764288067818, 0.037053897976875305, 0.037960149347782135, 0.038866400718688965, 0.03977265581488609, 0.04067891091108322, 0.04158516228199005]}, "gradients/fc1.weight": {"_type": "histogram", "values": [4096.0], "bins": [0.0, 0.0]}, "gradients/fc1.bias": {"_type": "histogram", "values": [31.0, 0.0, 0.0, 0.0, 0.0, 0.0, 0.0, 0.0, 0.0, 0.0, 0.0, 0.0, 0.0, 0.0, 0.0, 0.0, 0.0, 0.0, 0.0, 0.0, 0.0, 0.0, 0.0, 0.0, 0.0, 0.0, 0.0, 0.0, 0.0, 0.0, 0.0, 0.0, 0.0, 0.0, 0.0, 0.0, 0.0, 0.0, 0.0, 0.0, 0.0, 0.0, 0.0, 0.0, 0.0, 0.0, 0.0, 0.0, 0.0, 0.0, 0.0, 0.0, 0.0, 0.0, 0.0, 0.0, 0.0, 0.0, 0.0, 0.0, 0.0, 0.0, 0.0, 1.0], "bins": [0.0, 0.001499617239460349, 0.002999234478920698, 0.004498851485550404, 0.005998468957841396, 0.007498086430132389, 0.008997702971100807, 0.0104973204433918, 0.011996937915682793, 0.013496555387973785, 0.014996172860264778, 0.01649579033255577, 0.017995405942201614, 0.019495023414492607, 0.0209946408867836, 0.022494258359074593, 0.023993875831365585, 0.025493493303656578, 0.02699311077594757, 0.028492728248238564, 0.029992345720529556, 0.0314919613301754, 0.03299158066511154, 0.034491196274757385, 0.03599081188440323, 0.03749043121933937, 0.038990046828985214, 0.040489666163921356, 0.0419892817735672, 0.04348890110850334, 0.044988516718149185, 0.04648813605308533, 0.04798775166273117, 0.049487367272377014, 0.050986986607313156, 0.052486602216959, 0.05398622155189514, 0.055485837161540985, 0.05698545649647713, 0.05848507210612297, 0.05998469144105911, 0.061484307050704956, 0.0629839226603508, 0.06448353826999664, 0.06598316133022308, 0.06748277693986893, 0.06898239254951477, 0.07048200815916061, 0.07198162376880646, 0.0734812468290329, 0.07498086243867874, 0.07648047804832458, 0.07798009365797043, 0.07947971671819687, 0.08097933232784271, 0.08247894793748856, 0.0839785635471344, 0.08547817915678024, 0.08697780221700668, 0.08847741782665253, 0.08997703343629837, 0.09147664904594421, 0.09297627210617065, 0.0944758877158165, 0.09597550332546234]}, "gradients/fc_vehicle_count.weight": {"_type": "histogram", "values": [384.0], "bins": [0.0, 0.0]}, "gradients/fc_vehicle_count.bias": {"_type": "histogram", "values": [64.0], "bins": [0.0, 0.0]}, "gradients/fc_occupancy.weight": {"_type": "histogram", "values": [384.0], "bins": [0.0, 0.0]}, "gradients/fc_occupancy.bias": {"_type": "histogram", "values": [64.0], "bins": [0.0, 0.0]}, "_wandb": {"runtime": 5082}}